Ano_do_Censo,Nome_do_Municipio,Codigo_da_Escola,Nome_da_Escola,Dependencia_Administrativa,Quantidade_de_Matriculados_Ensino_Medio,Ano,Municipio,Codigo_Escola,Escola,Dependencia,Aprovacao_EM_Total,Reprovacao_EM_Total,Abandono_EM_Total
2015,MARICÁ,33054215,CE EUCLYDES PAULO DA SILVA,2,211.0,2015,Maricá,33054215,CE EUCLYDES PAULO DA SILVA,Estadual,72.2,21.7,6.1
2015,MARICÁ,33054185,CE CAIO FRANCISCO DE FIGUEIREDO,2,400.0,2015,Maricá,33054185,CE CAIO FRANCISCO DE FIGUEIREDO,Estadual,86.6,9.1,4.3
2015,MARICÁ,33054177,CE DOUTOR JOAO GOMES DE MATTOS SOBRINHO,2,516.0,2015,Maricá,33054177,CE DOUTOR JOAO GOMES DE MATTOS SOBRINHO,Estadual,87.2,8.8,4.0
2015,RIO DE JANEIRO,33067783,CE FRANCISCO CAMPOS,2,233.0,2015,Rio de Janeiro,33067783,CE FRANCISCO CAMPOS,Estadual,54.1,23.8,22.1
2015,RIO DE JANEIRO,33067252,INSTITUTO SUPERIOR DE EDUCACAO DO RIO DE JANEIRO,2,828.0,2015,Rio de Janeiro,33067252,INSTITUTO SUPERIOR DE EDUCACAO DO RIO DE JANEIRO,Estadual,79.3,20.5,0.2
2015,RIO DE JANEIRO,33067228,ESCOLA TECNICA ESTADUAL FERREIRA VIANA,2,938.0,2015,Rio de Janeiro,33067228,ESCOLA TECNICA ESTADUAL FERREIRA VIANA,Estadual,75.9,18.5,5.6
2015,RIO DE JANEIRO,33066620,CE SOARES PEREIRA,2,109.0,2015,Rio de Janeiro,33066620,CE SOARES PEREIRA,Estadual,72.9,11.2,15.9
2015,RIO DE JANEIRO,33066612,CE PROFESSOR CLOVIS SALGADO,2,263.0,2015,Rio de Janeiro,33066612,CE PROFESSOR CLOVIS SALGADO,Estadual,73.4,19.4,7.2
2015,RIO DE JANEIRO,33066590,CE ANTONIO PRADO JUNIOR,2,1634.0,2015,Rio de Janeiro,33066590,CE ANTONIO PRADO JUNIOR,Estadual,82.1,16.0,1.9
2015,RIO DE JANEIRO,33066523,INSTITUTO DE APLICACAO FERNANDO RODRIGUES DA SILVEIRA CAP-UERJ,2,281.0,2015,Rio de Janeiro,33066523,INSTITUTO DE APLICACAO FERNANDO RODRIGUES DA SILVEIRA CAP-UERJ,Estadual,97.4,2.6,0.0
2015,RIO DE JANEIRO,33066140,CE GONCALVES DIAS,2,250.0,2015,Rio de Janeiro,33066140,CE GONCALVES DIAS,Estadual,63.4,7.9,28.7
2015,RIO DE JANEIRO,33066043,CE PROFESSOR ERNESTO FARIA,2,503.0,2015,Rio de Janeiro,33066043,CE PROFESSOR ERNESTO FARIA,Estadual,74.6,19.9,5.5
2015,RIO DE JANEIRO,33066035,CE OLAVO BILAC,2,1239.0,2015,Rio de Janeiro,33066035,CE OLAVO BILAC,Estadual,80.9,8.7,10.4
2015,RIO DE JANEIRO,33066027,CE NILO PECANHA,2,150.0,2015,Rio de Janeiro,33066027,CE NILO PECANHA,Estadual,66.7,6.8,26.5
2015,RIO DE JANEIRO,33065284,CE IGNACIO AZEVEDO DO AMARAL,2,667.0,2015,Rio de Janeiro,33065284,CE IGNACIO AZEVEDO DO AMARAL,Estadual,80.1,13.0,6.9
2015,RIO DE JANEIRO,33062374,CE REVERENDO HUGH CLARENCE TUCKER,2,267.0,2015,Rio de Janeiro,33062374,CE REVERENDO HUGH CLARENCE TUCKER,Estadual,70.1,9.3,20.6
2015,RIO DE JANEIRO,33069034,CE TENENTE GENERAL NAPION,2,284.0,2015,Rio de Janeiro,33069034,CE TENENTE GENERAL NAPION,Estadual,60.8,18.4,20.8
2015,RIO DE JANEIRO,33069026,CE RUY BARBOSA,2,378.0,2015,Rio de Janeiro,33069026,CE RUY BARBOSA,Estadual,68.9,18.2,12.9
2015,RIO DE JANEIRO,33068852,CE PROFESSOR CLOVIS MONTEIRO,2,1119.0,2015,Rio de Janeiro,33068852,CE PROFESSOR CLOVIS MONTEIRO,Estadual,75.5,18.6,5.9
2015,RIO DE JANEIRO,33068844,CE BAHIA,2,543.0,2015,Rio de Janeiro,33068844,CE BAHIA,Estadual,68.6,20.0,11.4
2015,RIO DE JANEIRO,33068011,CE AFONSO PENA,2,149.0,2015,Rio de Janeiro,33068011,CE AFONSO PENA,Estadual,62.8,19.3,17.9
2015,RIO DE JANEIRO,33067805,CE REPUBLICA ARGENTINA,2,68.0,2015,Rio de Janeiro,33067805,CE REPUBLICA ARGENTINA,Estadual,76.5,10.3,13.2
2015,RIO DE JANEIRO,33067791,CE JOAO ALFREDO,2,1516.0,2015,Rio de Janeiro,33067791,CE JOAO ALFREDO,Estadual,75.4,18.3,6.3
2015,NITERÓI,33172919,CE MATEMATICO JOAQUIM GOMES DE SOUSA - INTER-CULTURAL BRASIL-CHINA,2,57.0,2015,Niterói,33172919,CE MATEMATICO JOAQUIM GOMES DE SOUSA - INTER-CULTURAL BRASIL-CHINA,Estadual,96.4,1.8,1.8
2015,NITERÓI,33153795,COL DA POLICIA MILITAR DO EST DO RIO DE JANEIRO,2,107.0,2015,Niterói,33153795,COL DA POLICIA MILITAR DO EST DO RIO DE JANEIRO,Estadual,97.6,2.4,0.0
2015,NITERÓI,33108579,CIEP 448 RUY FRAZAO SOARES,2,149.0,2015,Niterói,33108579,CIEP 448 RUY FRAZAO SOARES,Estadual,80.7,9.7,9.6
2015,NITERÓI,33055769,CE RAUL VIDAL,2,472.0,2015,Niterói,33055769,CE RAUL VIDAL,Estadual,67.4,26.2,6.4
2015,NITERÓI,33055750,CE PAULO ASSIS RIBEIRO,2,785.0,2015,Niterói,33055750,CE PAULO ASSIS RIBEIRO,Estadual,73.6,17.6,8.8
2015,NITERÓI,33055742,CE MULLULO DA VEIGA,2,128.0,2015,Niterói,33055742,CE MULLULO DA VEIGA,Estadual,59.5,31.3,9.2
2015,NITERÓI,33055734,CE MACHADO DE ASSIS,2,305.0,2015,Niterói,33055734,CE MACHADO DE ASSIS,Estadual,77.7,15.7,6.6
2015,MARICÁ,33053952,CE DOMICIO DA GAMA,2,377.0,2015,Maricá,33053952,CE DOMICIO DA GAMA,Estadual,78.1,17.7,4.2
2015,MARICÁ,33054339,CE FRANCISCO JOSE DO NASCIMENTO,2,177.0,2015,Maricá,33054339,CE FRANCISCO JOSE DO NASCIMENTO,Estadual,77.3,14.5,8.2
2015,RIO DE JANEIRO,33074054,CE NUN ALVARES PEREIRA,2,181.0,2015,Rio de Janeiro,33074054,CE NUN ALVARES PEREIRA,Estadual,70.0,22.8,7.2
2015,RIO DE JANEIRO,33074046,CE JOSUE DE CASTRO,2,233.0,2015,Rio de Janeiro,33074046,CE JOSUE DE CASTRO,Estadual,68.6,17.6,13.8
2015,RIO DE JANEIRO,33074038,CE ITALIA,2,339.0,2015,Rio de Janeiro,33074038,CE ITALIA,Estadual,78.8,17.6,3.6
2015,RIO DE JANEIRO,33073368,CE PASTOR MIRANDA PINTO,2,120.0,2015,Rio de Janeiro,33073368,CE PASTOR MIRANDA PINTO,Estadual,67.5,17.1,15.4
2015,RIO DE JANEIRO,33072370,CE VIRGILIO DE MELO FRANCO,2,203.0,2015,Rio de Janeiro,33072370,CE VIRGILIO DE MELO FRANCO,Estadual,70.3,14.9,14.8
2015,RIO DE JANEIRO,33072337,CE SARMIENTO,2,60.0,2015,Rio de Janeiro,33072337,CE SARMIENTO,Estadual,78.9,15.8,5.3
2015,RIO DE JANEIRO,33072280,CE PERNAMBUCO,2,119.0,2015,Rio de Janeiro,33072280,CE PERNAMBUCO,Estadual,73.0,19.7,7.3
2015,RIO DE JANEIRO,33072248,CE HISPANO BRASILEIRO JOAO CABRAL DE MELO NETO,2,158.0,2015,Rio de Janeiro,33072248,CE HISPANO BRASILEIRO JOAO CABRAL DE MELO NETO,Estadual,98.0,2.0,0.0
2015,RIO DE JANEIRO,33072205,CE LAURO SODRE,2,44.0,2015,Rio de Janeiro,33072205,CE LAURO SODRE,Estadual,62.8,14.0,23.2
2015,RIO DE JANEIRO,33072183,CE JOSE EDUARDO DE MACEDO SOARES,2,165.0,2015,Rio de Janeiro,33072183,CE JOSE EDUARDO DE MACEDO SOARES,Estadual,66.1,15.8,18.1
2015,RIO DE JANEIRO,33072094,CE JOAO KOPKE,2,68.0,2015,Rio de Janeiro,33072094,CE JOAO KOPKE,Estadual,63.2,29.4,7.4
2015,RIO DE JANEIRO,33072078,CE BARAO DE MACAUBAS,2,342.0,2015,Rio de Janeiro,33072078,CE BARAO DE MACAUBAS,Estadual,69.5,17.3,13.2
2015,RIO DE JANEIRO,33071969,CE VISCONDE DE CAIRU,2,1817.0,2015,Rio de Janeiro,33071969,CE VISCONDE DE CAIRU,Estadual,66.9,32.7,0.4
2015,RIO DE JANEIRO,33071616,CE REPUBLICA DO PERU,2,17.0,2015,Rio de Janeiro,33071616,CE REPUBLICA DO PERU,Estadual,100.0,0.0,0.0
2015,RIO DE JANEIRO,33071594,CE OLINTO DA GAMA BOTELHO,2,613.0,2015,Rio de Janeiro,33071594,CE OLINTO DA GAMA BOTELHO,Estadual,74.4,21.9,3.7
2015,RIO DE JANEIRO,33071586,CE MARANHAO,2,243.0,2015,Rio de Janeiro,33071586,CE MARANHAO,Estadual,73.2,6.1,20.7
2015,RIO DE JANEIRO,33075760,CE FRANCISCO PALHETA,2,131.0,2015,Rio de Janeiro,33075760,CE FRANCISCO PALHETA,Estadual,86.8,8.1,5.1
2015,RIO DE JANEIRO,33075719,CE CONDE AFONSO CELSO,2,294.0,2015,Rio de Janeiro,33075719,CE CONDE AFONSO CELSO,Estadual,62.2,23.7,14.1
2015,RIO DE JANEIRO,33075689,CE CARDEAL ARCOVERDE,2,175.0,2015,Rio de Janeiro,33075689,CE CARDEAL ARCOVERDE,Estadual,71.6,6.5,21.9
2015,RIO DE JANEIRO,33075220,CE PROFESSOR SOUSA DA SILVEIRA,2,222.0,2015,Rio de Janeiro,33075220,CE PROFESSOR SOUSA DA SILVEIRA,Estadual,76.7,8.2,15.1
2015,RIO DE JANEIRO,33075212,CE PROFESSOR JOSE ACCIOLI,2,522.0,2015,Rio de Janeiro,33075212,CE PROFESSOR JOSE ACCIOLI,Estadual,90.9,7.1,2.0
2015,RIO DE JANEIRO,33075204,CE MARQUES REBELO,2,192.0,2015,Rio de Janeiro,33075204,CE MARQUES REBELO,Estadual,63.1,17.6,19.3
2015,RIO DE JANEIRO,33075190,CE LUIS DE CAMOES,2,199.0,2015,Rio de Janeiro,33075190,CE LUIS DE CAMOES,Estadual,65.0,21.3,13.7
2015,RIO DE JANEIRO,33075182,CE CIDADE DE LISBOA,2,166.0,2015,Rio de Janeiro,33075182,CE CIDADE DE LISBOA,Estadual,70.3,19.4,10.3
2015,RIO DE JANEIRO,33075174,CE CHARLES CHAPLIN,2,154.0,2015,Rio de Janeiro,33075174,CE CHARLES CHAPLIN,Estadual,75.7,9.5,14.8
2015,RIO DE JANEIRO,33075166,IE CARMELA DUTRA,2,998.0,2015,Rio de Janeiro,33075166,IE CARMELA DUTRA,Estadual,83.1,14.7,2.2
2015,RIO DE JANEIRO,33075034,ESCOLA TECNICA ESTADUAL OSCAR TENORIO,2,678.0,2015,Rio de Janeiro,33075034,ESCOLA TECNICA ESTADUAL OSCAR TENORIO,Estadual,77.0,19.9,3.1
2015,RIO DE JANEIRO,33074798,CE AMAPA,2,111.0,2015,Rio de Janeiro,33074798,CE AMAPA,Estadual,74.1,17.6,8.3
2015,RIO DE JANEIRO,33074267,CE RODRIGO OTAVIO FILHO,2,278.0,2015,Rio de Janeiro,33074267,CE RODRIGO OTAVIO FILHO,Estadual,66.8,12.0,21.2
2015,RIO DE JANEIRO,33074232,CE OLIMPIA DO COUTO,2,189.0,2015,Rio de Janeiro,33074232,CE OLIMPIA DO COUTO,Estadual,79.9,20.1,0.0
2015,RIO DE JANEIRO,33074160,CE ADLAI STEVENSON,2,201.0,2015,Rio de Janeiro,33074160,CE ADLAI STEVENSON,Estadual,75.9,16.6,7.5
2015,RIO DE JANEIRO,33074151,CE MATO GROSSO,2,162.0,2015,Rio de Janeiro,33074151,CE MATO GROSSO,Estadual,82.8,10.4,6.8
2015,RIO DE JANEIRO,33077169,CE EUNICE WEAVER,2,373.0,2015,Rio de Janeiro,33077169,CE EUNICE WEAVER,Estadual,78.4,11.4,10.2
2015,RIO DE JANEIRO,33077150,CE PEDRO ALEIXO,2,371.0,2015,Rio de Janeiro,33077150,CE PEDRO ALEIXO,Estadual,67.2,9.8,23.0
2015,RIO DE JANEIRO,33077142,CE MAHATMA GANDHI,2,196.0,2015,Rio de Janeiro,33077142,CE MAHATMA GANDHI,Estadual,64.3,8.5,27.2
2015,RIO DE JANEIRO,33077134,CE ENGENHEIRO BERNARDO SAYAO,2,314.0,2015,Rio de Janeiro,33077134,CE ENGENHEIRO BERNARDO SAYAO,Estadual,82.5,11.2,6.3
2015,RIO DE JANEIRO,33077126,CE EDUARDO MONDLANE,2,522.0,2015,Rio de Janeiro,33077126,CE EDUARDO MONDLANE,Estadual,76.1,20.0,3.9
2015,RIO DE JANEIRO,33077118,CE CARLOS LACERDA,2,296.0,2015,Rio de Janeiro,33077118,CE CARLOS LACERDA,Estadual,79.5,7.9,12.6
2015,RIO DE JANEIRO,33077100,CE BRIGADEIRO SCHORCHT,2,1067.0,2015,Rio de Janeiro,33077100,CE BRIGADEIRO SCHORCHT,Estadual,82.3,15.8,1.9
2015,RIO DE JANEIRO,33077096,CE ALBERTO PASQUALINI,2,61.0,2015,Rio de Janeiro,33077096,CE ALBERTO PASQUALINI,Estadual,82.0,4.9,13.1
2015,RIO DE JANEIRO,33077088,CE ADALGISA MONTEIRO,2,503.0,2015,Rio de Janeiro,33077088,CE ADALGISA MONTEIRO,Estadual,86.4,5.2,8.4
2015,RIO DE JANEIRO,33076502,ESCOLA TECNICA ESTADUAL VISCONDE DE MAUA,2,1126.0,2015,Rio de Janeiro,33076502,ESCOLA TECNICA ESTADUAL VISCONDE DE MAUA,Estadual,81.5,16.1,2.4
2015,RIO DE JANEIRO,33076480,E T E REPUBLICA,2,1854.0,2015,Rio de Janeiro,33076480,E T E REPUBLICA,Estadual,65.7,33.3,1.0
2015,RIO DE JANEIRO,33075891,CE WALDEMIRO POTSCH,2,115.0,2015,Rio de Janeiro,33075891,CE WALDEMIRO POTSCH,Estadual,69.7,19.3,11.0
2015,RIO DE JANEIRO,33075883,C E VIRIATO CORREA,2,119.0,2015,Rio de Janeiro,33075883,C E VIRIATO CORREA,Estadual,70.5,21.7,7.8
2015,RIO DE JANEIRO,33075867,CE SANTOS DUMONT,2,266.0,2015,Rio de Janeiro,33075867,CE SANTOS DUMONT,Estadual,83.0,8.7,8.3
2015,RIO DE JANEIRO,33075832,CE PARANA,2,162.0,2015,Rio de Janeiro,33075832,CE PARANA,Estadual,80.2,16.8,3.0
2015,RIO DE JANEIRO,33075816,CE OLEGARIO MARIANO,2,246.0,2015,Rio de Janeiro,33075816,CE OLEGARIO MARIANO,Estadual,82.5,12.6,4.9
2015,RIO DE JANEIRO,33079404,CE REPUBLICA DE MOCAMBIQUE,2,113.0,2015,Rio de Janeiro,33079404,CE REPUBLICA DE MOCAMBIQUE,Estadual,67.2,7.8,25.0
2015,RIO DE JANEIRO,33079390,CE PROFESSOR DALTRO SANTOS,2,759.0,2015,Rio de Janeiro,33079390,CE PROFESSOR DALTRO SANTOS,Estadual,77.4,16.1,6.5
2015,RIO DE JANEIRO,33079382,CE NICARAGUA,2,449.0,2015,Rio de Janeiro,33079382,CE NICARAGUA,Estadual,82.6,8.3,9.1
2015,RIO DE JANEIRO,33079374,CE LEOPOLDINA DA SILVEIRA,2,1472.0,2015,Rio de Janeiro,33079374,CE LEOPOLDINA DA SILVEIRA,Estadual,80.1,17.3,2.6
2015,RIO DE JANEIRO,33079366,CE JORGE ZARUR,2,413.0,2015,Rio de Janeiro,33079366,CE JORGE ZARUR,Estadual,76.6,17.7,5.7
2015,RIO DE JANEIRO,33079358,CE COLLECCHIO,2,1300.0,2015,Rio de Janeiro,33079358,CE COLLECCHIO,Estadual,72.6,17.9,9.5
2015,RIO DE JANEIRO,33079340,CE BANGU,2,1711.0,2015,Rio de Janeiro,33079340,CE BANGU,Estadual,73.9,22.3,3.8
2015,RIO DE JANEIRO,33079331,CE AGOSTINHO NETO,2,135.0,2015,Rio de Janeiro,33079331,CE AGOSTINHO NETO,Estadual,78.5,14.1,7.4
2015,RIO DE JANEIRO,33079323,CE STUART EDGAR ANGEL JONES,2,1130.0,2015,Rio de Janeiro,33079323,CE STUART EDGAR ANGEL JONES,Estadual,71.7,23.0,5.3
2015,RIO DE JANEIRO,33077576,CE VICTOR HUGO,2,186.0,2015,Rio de Janeiro,33077576,CE VICTOR HUGO,Estadual,74.7,13.4,11.9
2015,RIO DE JANEIRO,33077568,CE ROSA DO POVO,2,344.0,2015,Rio de Janeiro,33077568,CE ROSA DO POVO,Estadual,71.5,18.6,9.9
2015,RIO DE JANEIRO,33077525,CE MARECHAL CANROBERT PEREIRA DA COSTA,2,62.0,2015,Rio de Janeiro,33077525,CE MARECHAL CANROBERT PEREIRA DA COSTA,Estadual,70.8,16.9,12.3
2015,RIO DE JANEIRO,33077452,CE EMBAIXADOR DIAS CARNEIRO,2,293.0,2015,Rio de Janeiro,33077452,CE EMBAIXADOR DIAS CARNEIRO,Estadual,96.9,1.2,1.9
2015,RIO DE JANEIRO,33077371,CE ALINA DE BRITO,2,420.0,2015,Rio de Janeiro,33077371,CE ALINA DE BRITO,Estadual,66.1,22.1,11.8
2015,RIO DE JANEIRO,33077185,CE SENADOR TEOTONIO VILELA,2,311.0,2015,Rio de Janeiro,33077185,CE SENADOR TEOTONIO VILELA,Estadual,66.6,11.3,22.1
2015,RIO DE JANEIRO,33077177,CE PRESIDENTE JOAO GOULART,2,363.0,2015,Rio de Janeiro,33077177,CE PRESIDENTE JOAO GOULART,Estadual,66.4,22.6,11.0
2015,RIO DE JANEIRO,33082065,CE PROFESSOR FELIPE DOS SANTOS REIS,2,165.0,2015,Rio de Janeiro,33082065,CE PROFESSOR FELIPE DOS SANTOS REIS,Estadual,74.6,15.3,10.1
2015,RIO DE JANEIRO,33082057,CE PROFESSOR DINAMERICO PEREIRA POMBO,2,58.0,2015,Rio de Janeiro,33082057,CE PROFESSOR DINAMERICO PEREIRA POMBO,Estadual,70.2,14.0,15.8
2015,RIO DE JANEIRO,33082049,CE PROFESSOR FERNANDO ANTONIO RAJA GABAGLIA,2,1484.0,2015,Rio de Janeiro,33082049,CE PROFESSOR FERNANDO ANTONIO RAJA GABAGLIA,Estadual,83.5,13.3,3.2
2015,RIO DE JANEIRO,33082030,CE FREIRE ALLEMAO,2,123.0,2015,Rio de Janeiro,33082030,CE FREIRE ALLEMAO,Estadual,75.0,15.3,9.7
2015,RIO DE JANEIRO,33082022,CE FRANCISCO CALDEIRA DE ALVARENGA,2,394.0,2015,Rio de Janeiro,33082022,CE FRANCISCO CALDEIRA DE ALVARENGA,Estadual,74.1,25.3,0.6
2015,RIO DE JANEIRO,33081743,CIE MIECIMO DA SILVA,2,524.0,2015,Rio de Janeiro,33081743,CIE MIECIMO DA SILVA,Estadual,98.4,1.2,0.4
2015,RIO DE JANEIRO,33079943,CE JOAO SALIM MIGUEL,2,517.0,2015,Rio de Janeiro,33079943,CE JOAO SALIM MIGUEL,Estadual,81.9,17.7,0.4
2015,RIO DE JANEIRO,33079900,CE RAMIZ GALVAO,2,176.0,2015,Rio de Janeiro,33079900,CE RAMIZ GALVAO,Estadual,67.0,22.0,11.0
2015,RIO DE JANEIRO,33079846,CE NACOES UNIDAS,2,199.0,2015,Rio de Janeiro,33079846,CE NACOES UNIDAS,Estadual,68.5,16.8,14.7
2015,RIO DE JANEIRO,33079820,CE MOACYR PADILHA,2,185.0,2015,Rio de Janeiro,33079820,CE MOACYR PADILHA,Estadual,73.5,6.5,20.0
2015,RIO DE JANEIRO,33079811,CE MILTON CAMPOS,2,108.0,2015,Rio de Janeiro,33079811,CE MILTON CAMPOS,Estadual,66.1,33.9,0.0
2015,RIO DE JANEIRO,33079803,CE MARIETA CUNHA DA SILVA,2,528.0,2015,Rio de Janeiro,33079803,CE MARIETA CUNHA DA SILVA,Estadual,69.0,30.8,0.2
2015,RIO DE JANEIRO,33079790,CE MARECHAL ALCIDES ETCHEGOYEN,2,131.0,2015,Rio de Janeiro,33079790,CE MARECHAL ALCIDES ETCHEGOYEN,Estadual,69.8,13.2,17.0
2015,RIO DE JANEIRO,33079757,CE JACQUES RAIMUNDO,2,164.0,2015,Rio de Janeiro,33079757,CE JACQUES RAIMUNDO,Estadual,67.3,11.9,20.8
2015,RIO DE JANEIRO,33079714,CE ENGENHEIRO JOAO THOME,2,291.0,2015,Rio de Janeiro,33079714,CE ENGENHEIRO JOAO THOME,Estadual,72.0,7.3,20.7
2015,RIO DE JANEIRO,33079706,CE DALVA DE OLIVEIRA,2,174.0,2015,Rio de Janeiro,33079706,CE DALVA DE OLIVEIRA,Estadual,80.7,8.3,11.0
2015,RIO DE JANEIRO,33085480,CE LEONEL AZEVEDO,2,196.0,2015,Rio de Janeiro,33085480,CE LEONEL AZEVEDO,Estadual,55.3,27.4,17.3
2015,RIO DE JANEIRO,33085463,CE ANITA GARIBALDI,2,244.0,2015,Rio de Janeiro,33085463,CE ANITA GARIBALDI,Estadual,66.0,23.6,10.4
2015,RIO DE JANEIRO,33084459,CE PESTALOZZI,2,535.0,2015,Rio de Janeiro,33084459,CE PESTALOZZI,Estadual,80.2,16.9,2.9
2015,RIO DE JANEIRO,33084238,CE BARAO DO RIO BRANCO,2,1732.0,2015,Rio de Janeiro,33084238,CE BARAO DO RIO BRANCO,Estadual,78.5,17.8,3.7
2015,RIO DE JANEIRO,33083592,IE SARAH KUBITSCHEK,2,2159.0,2015,Rio de Janeiro,33083592,IE SARAH KUBITSCHEK,Estadual,88.2,11.1,0.7
2015,RIO DE JANEIRO,33082430,CE PROFESSOR VIEIRA FAZENDA,2,178.0,2015,Rio de Janeiro,33082430,CE PROFESSOR VIEIRA FAZENDA,Estadual,70.4,26.8,2.8
2015,RIO DE JANEIRO,33082421,CE VENEZUELA,2,274.0,2015,Rio de Janeiro,33082421,CE VENEZUELA,Estadual,57.4,41.1,1.5
2015,RIO DE JANEIRO,33082375,CE RAINHA VITORIA,2,218.0,2015,Rio de Janeiro,33082375,CE RAINHA VITORIA,Estadual,74.3,15.0,10.7
2015,RIO DE JANEIRO,33082359,CE PROFESSOR JUREMA PECANHA GIRAUD,2,196.0,2015,Rio de Janeiro,33082359,CE PROFESSOR JUREMA PECANHA GIRAUD,Estadual,54.5,25.5,20.0
2015,RIO DE JANEIRO,33082332,CE PRESIDENTE ANTONIO CARLOS,2,298.0,2015,Rio de Janeiro,33082332,CE PRESIDENTE ANTONIO CARLOS,Estadual,45.9,42.0,12.1
2015,RIO DE JANEIRO,33082316,CE JOAO PROENCA,2,350.0,2015,Rio de Janeiro,33082316,CE JOAO PROENCA,Estadual,67.5,17.9,14.6
2015,RIO DE JANEIRO,33082286,CE GEORGE WASHINGTON,2,146.0,2015,Rio de Janeiro,33082286,CE GEORGE WASHINGTON,Estadual,88.4,4.5,7.1
2015,RIO DE JANEIRO,33082235,CE AMAZONAS,2,442.0,2015,Rio de Janeiro,33082235,CE AMAZONAS,Estadual,70.1,16.1,13.8
2015,RIO DE JANEIRO,33082227,CE ALMIRANTE FRONTIN,2,105.0,2015,Rio de Janeiro,33082227,CE ALMIRANTE FRONTIN,Estadual,74.3,20.2,5.5
2015,RIO DE JANEIRO,33082146,CE DOUTOR ALBERT SABIN,2,2032.0,2015,Rio de Janeiro,33082146,CE DOUTOR ALBERT SABIN,Estadual,79.4,18.9,1.7
2015,RIO DE JANEIRO,33082073,CE PROFESSOR IVAN VILLON,2,125.0,2015,Rio de Janeiro,33082073,CE PROFESSOR IVAN VILLON,Estadual,69.5,8.6,21.9
2015,RIO DE JANEIRO,33087725,CE GILSON AMADO,2,525.0,2015,Rio de Janeiro,33087725,CE GILSON AMADO,Estadual,73.7,13.7,12.6
2015,RIO DE JANEIRO,33087644,CE VICENTE JANNUZZI,2,2181.0,2015,Rio de Janeiro,33087644,CE VICENTE JANNUZZI,Estadual,81.3,15.9,2.8
2015,RIO DE JANEIRO,33086796,CE PARAIBA,2,134.0,2015,Rio de Janeiro,33086796,CE PARAIBA,Estadual,71.7,21.7,6.6
2015,RIO DE JANEIRO,33086737,CE COELHO NETO,2,173.0,2015,Rio de Janeiro,33086737,CE COELHO NETO,Estadual,75.7,14.7,9.6
2015,RIO DE JANEIRO,33086729,CE BELGICA,2,340.0,2015,Rio de Janeiro,33086729,CE BELGICA,Estadual,65.8,14.0,20.2
2015,RIO DE JANEIRO,33086613,CE REPUBLICA DE CABO VERDE,2,279.0,2015,Rio de Janeiro,33086613,CE REPUBLICA DE CABO VERDE,Estadual,73.9,16.8,9.3
2015,RIO DE JANEIRO,33086605,CE PROFESSOR MANOEL MAURICIO DE ALBUQUERQUE,2,765.0,2015,Rio de Janeiro,33086605,CE PROFESSOR MANOEL MAURICIO DE ALBUQUERQUE,Estadual,63.7,31.1,5.2
2015,RIO DE JANEIRO,33086591,CE PROFESSOR JOEL DE OLIVEIRA,2,602.0,2015,Rio de Janeiro,33086591,CE PROFESSOR JOEL DE OLIVEIRA,Estadual,85.7,11.4,2.9
2015,RIO DE JANEIRO,33086583,CE MARECHAL JOAO BAPTISTA DE MATTOS,2,1734.0,2015,Rio de Janeiro,33086583,CE MARECHAL JOAO BAPTISTA DE MATTOS,Estadual,73.4,22.3,4.3
2015,RIO DE JANEIRO,33086575,CE GUADALUPE,2,110.0,2015,Rio de Janeiro,33086575,CE GUADALUPE,Estadual,63.2,20.8,16.0
2015,RIO DE JANEIRO,33086567,CE GRACILIANO RAMOS,2,123.0,2015,Rio de Janeiro,33086567,CE GRACILIANO RAMOS,Estadual,71.0,28.2,0.8
2015,RIO DE JANEIRO,33086540,CE ACARI,2,137.0,2015,Rio de Janeiro,33086540,CE ACARI,Estadual,57.9,25.0,17.1
2015,RIO DE JANEIRO,33086427,CE AUGUSTO RUSCHI,2,57.0,2015,Rio de Janeiro,33086427,CE AUGUSTO RUSCHI,Estadual,86.9,1.6,11.5
2015,RIO DE JANEIRO,33085838,CE ROTARY,2,165.0,2015,Rio de Janeiro,33085838,CE ROTARY,Estadual,68.3,22.0,9.7
2015,RIO DE JANEIRO,33085765,CE DUNSHEE DE ABRANCHES,2,217.0,2015,Rio de Janeiro,33085765,CE DUNSHEE DE ABRANCHES,Estadual,79.3,11.1,9.6
2015,RIO DE JANEIRO,33085498,CE PREFEITO MENDES DE MORAES,2,2050.0,2015,Rio de Janeiro,33085498,CE PREFEITO MENDES DE MORAES,Estadual,77.0,13.0,10.0
2015,RIO DE JANEIRO,33106550,CIEP 223 OLYMPIO MARQUES DOS SANTOS,2,1058.0,2015,Rio de Janeiro,33106550,CIEP 223 OLYMPIO MARQUES DOS SANTOS,Estadual,68.6,29.3,2.1
2015,RIO DE JANEIRO,33105294,CIEP 311 DEPUTADO BOCAYUVA CUNHA,2,1474.0,2015,Rio de Janeiro,33105294,CIEP 311 DEPUTADO BOCAYUVA CUNHA,Estadual,73.2,21.6,5.2
2015,RIO DE JANEIRO,33105219,CIEP 379 RAUL SEIXAS,2,172.0,2015,Rio de Janeiro,33105219,CIEP 379 RAUL SEIXAS,Estadual,72.6,13.4,14.0
2015,RIO DE JANEIRO,33105103,CIEP 303 AYRTON SENNA DA SILVA,2,918.0,2015,Rio de Janeiro,33105103,CIEP 303 AYRTON SENNA DA SILVA,Estadual,67.2,18.8,14.0
2015,RIO DE JANEIRO,33105065,CAIC EUCLIDES DA CUNHA,2,1817.0,2015,Rio de Janeiro,33105065,CAIC EUCLIDES DA CUNHA,Estadual,67.4,24.3,8.3
2015,RIO DE JANEIRO,33104638,CIEP 195 ANIBAL MACHADO,2,85.0,2015,Rio de Janeiro,33104638,CIEP 195 ANIBAL MACHADO,Estadual,69.4,27.1,3.5
2015,RIO DE JANEIRO,33102210,CIEP 241 NACAO MANGUEIRENSE GOVERNADOR LEONEL DE MOURA BRIZOLA,2,840.0,2015,Rio de Janeiro,33102210,CIEP 241 NACAO MANGUEIRENSE GOVERNADOR LEONEL DE MOURA BRIZOLA,Estadual,64.9,32.3,2.8
2015,RIO DE JANEIRO,33100659,CAIC NACOES UNIDAS,2,471.0,2015,Rio de Janeiro,33100659,CAIC NACOES UNIDAS,Estadual,65.5,34.1,0.4
2015,RIO DE JANEIRO,33097283,CIEP 321 DOUTOR ULISSES GUIMARAES,2,2182.0,2015,Rio de Janeiro,33097283,CIEP 321 DOUTOR ULISSES GUIMARAES,Estadual,80.5,16.9,2.6
2015,RIO DE JANEIRO,33097038,CIEP 326 PROFESSOR CESAR PERNETTA,2,597.0,2015,Rio de Janeiro,33097038,CIEP 326 PROFESSOR CESAR PERNETTA,Estadual,76.8,15.9,7.3
2015,RIO DE JANEIRO,33096759,CIEP 173 RAINHA NZINGA ANGOLA,2,384.0,2015,Rio de Janeiro,33096759,CIEP 173 RAINHA NZINGA ANGOLA,Estadual,67.1,16.2,16.7
2015,RIO DE JANEIRO,33095078,CE BERNARDO DE VASCONCELOS,2,244.0,2015,Rio de Janeiro,33095078,CE BERNARDO DE VASCONCELOS,Estadual,72.1,10.5,17.4
2015,RIO DE JANEIRO,33088179,CE MAX FLEIUSS,2,187.0,2015,Rio de Janeiro,33088179,CE MAX FLEIUSS,Estadual,71.5,11.9,16.6
2015,RIO DE JANEIRO,33088152,CE JORNALISTA RODOLFO FERNANDES,2,707.0,2015,Rio de Janeiro,33088152,CE JORNALISTA RODOLFO FERNANDES,Estadual,70.6,12.1,17.3
2015,RIO DE JANEIRO,33087750,CE ALMIRANTE TAMANDARE,2,206.0,2015,Rio de Janeiro,33087750,CE ALMIRANTE TAMANDARE,Estadual,65.2,14.7,20.1
2015,RIO DE JANEIRO,33087733,CE GOLDA MEIR,2,129.0,2015,Rio de Janeiro,33087733,CE GOLDA MEIR,Estadual,79.7,15.4,4.9
2015,RIO DE JANEIRO,33106746,CIEP 165 BRIGADEIRO SERGIO CARVALHO,2,1099.0,2015,Rio de Janeiro,33106746,CIEP 165 BRIGADEIRO SERGIO CARVALHO,Estadual,72.2,18.7,9.1
2015,RIO DE JANEIRO,33106738,CIEP 433 TOGO RENAN SOARES KANELA,2,1470.0,2015,Rio de Janeiro,33106738,CIEP 433 TOGO RENAN SOARES KANELA,Estadual,76.4,20.5,3.1
2015,RIO DE JANEIRO,33106720,CIEP 313 RUBEM BRAGA,2,546.0,2015,Rio de Janeiro,33106720,CIEP 313 RUBEM BRAGA,Estadual,72.4,17.6,10.0
2015,RIO DE JANEIRO,33106711,CIEP 362 ROBERTO BURLE MARX,2,822.0,2015,Rio de Janeiro,33106711,CIEP 362 ROBERTO BURLE MARX,Estadual,55.7,34.0,10.3
2015,RIO DE JANEIRO,33106703,CIEP 244 OSWALDO ARANHA,2,421.0,2015,Rio de Janeiro,33106703,CIEP 244 OSWALDO ARANHA,Estadual,65.4,31.5,3.1
2015,RIO DE JANEIRO,33106690,CIEP 225 MARIO QUINTANA,2,1493.0,2015,Rio de Janeiro,33106690,CIEP 225 MARIO QUINTANA,Estadual,76.2,18.7,5.1
2015,RIO DE JANEIRO,33106681,CIEP 305 HEITOR DOS PRAZERES,2,1896.0,2015,Rio de Janeiro,33106681,CIEP 305 HEITOR DOS PRAZERES,Estadual,72.1,20.0,7.9
2015,RIO DE JANEIRO,33106673,CIEP 392 MARIO DE ANDRADE,2,1465.0,2015,Rio de Janeiro,33106673,CIEP 392 MARIO DE ANDRADE,Estadual,85.0,12.2,2.8
2015,RIO DE JANEIRO,33106665,CIEP 432 ALBERTO CAVALCANTI,2,508.0,2015,Rio de Janeiro,33106665,CIEP 432 ALBERTO CAVALCANTI,Estadual,85.0,10.0,5.0
2015,RIO DE JANEIRO,33106657,CIEP 183 JOAO VITTA,2,580.0,2015,Rio de Janeiro,33106657,CIEP 183 JOAO VITTA,Estadual,70.0,28.1,1.9
2015,RIO DE JANEIRO,33106649,CIEP 312 RAUL RYFF,2,306.0,2015,Rio de Janeiro,33106649,CIEP 312 RAUL RYFF,Estadual,79.2,15.5,5.3
2015,RIO DE JANEIRO,33106630,CIEP 382 ASPIRANTE FRANCISCO MEGA,2,1208.0,2015,Rio de Janeiro,33106630,CIEP 382 ASPIRANTE FRANCISCO MEGA,Estadual,64.0,24.3,11.7
2015,RIO DE JANEIRO,33106614,CIEP 386 GUILHERME DA SILVEIRA FILHO,2,1472.0,2015,Rio de Janeiro,33106614,CIEP 386 GUILHERME DA SILVEIRA FILHO,Estadual,80.1,19.0,0.9
2015,RIO DE JANEIRO,33106606,CIEP 224 TARSO DE CASTRO,2,878.0,2015,Rio de Janeiro,33106606,CIEP 224 TARSO DE CASTRO,Estadual,65.9,17.5,16.6
2015,RIO DE JANEIRO,33106592,CIEP 435 HELIO PELLEGRINO,2,1010.0,2015,Rio de Janeiro,33106592,CIEP 435 HELIO PELLEGRINO,Estadual,77.2,19.3,3.5
2015,RIO DE JANEIRO,33106584,CIEP 336 OCTAVIO MALTA,2,1050.0,2015,Rio de Janeiro,33106584,CIEP 336 OCTAVIO MALTA,Estadual,74.7,23.4,1.9
2015,RIO DE JANEIRO,33125341,CE CORA CORALINA,2,387.0,2015,Rio de Janeiro,33125341,CE CORA CORALINA,Estadual,70.3,16.9,12.8
2015,RIO DE JANEIRO,33125333,CE IRINEU JOSE FERREIRA,2,1071.0,2015,Rio de Janeiro,33125333,CE IRINEU JOSE FERREIRA,Estadual,81.8,12.7,5.5
2015,RIO DE JANEIRO,33125317,CE PROFESSORA LUIZA MARINHO,2,1340.0,2015,Rio de Janeiro,33125317,CE PROFESSORA LUIZA MARINHO,Estadual,77.7,21.1,1.2
2015,RIO DE JANEIRO,33125304,CE MISSIONARIO MARIO WAY,2,1430.0,2015,Rio de Janeiro,33125304,CE MISSIONARIO MARIO WAY,Estadual,69.8,29.3,0.9
2015,RIO DE JANEIRO,33124922,CE OLAVO JOSINO DE SALLES,2,271.0,2015,Rio de Janeiro,33124922,CE OLAVO JOSINO DE SALLES,Estadual,68.8,12.0,19.2
2015,RIO DE JANEIRO,33120692,CAIC THEOPHILO DE SOUZA PINTO,2,450.0,2015,Rio de Janeiro,33120692,CAIC THEOPHILO DE SOUZA PINTO,Estadual,63.0,22.2,14.8
2015,RIO DE JANEIRO,33117977,ESCOLA TECNICA ESTADUAL SANTA CRUZ,2,1195.0,2015,Rio de Janeiro,33117977,ESCOLA TECNICA ESTADUAL SANTA CRUZ,Estadual,86.9,9.9,3.2
2015,RIO DE JANEIRO,33117969,ESCOLA TECNICA ESTADUAL ADOLPHO BLOCH,2,794.0,2015,Rio de Janeiro,33117969,ESCOLA TECNICA ESTADUAL ADOLPHO BLOCH,Estadual,82.3,14.8,2.9
2015,RIO DE JANEIRO,33117950,CE PROFESSOR AUGUSTO MOTTA,2,205.0,2015,Rio de Janeiro,33117950,CE PROFESSOR AUGUSTO MOTTA,Estadual,73.2,9.6,17.2
2015,RIO DE JANEIRO,33111707,CE CANDEIA,2,4.0,2015,Rio de Janeiro,33111707,CE CANDEIA,Estadual,100.0,0.0,0.0
2015,RIO DE JANEIRO,33110654,CIEP 092 FREDERICO FELLINI,2,491.0,2015,Rio de Janeiro,33110654,CIEP 092 FREDERICO FELLINI,Estadual,75.8,12.1,12.1
2015,RIO DE JANEIRO,33110646,CIEP 323 MARIA WERNECK DE CASTRO,2,834.0,2015,Rio de Janeiro,33110646,CIEP 323 MARIA WERNECK DE CASTRO,Estadual,71.3,11.5,17.2
2015,RIO DE JANEIRO,33110638,CIEP 205 FREI AGOSTINHO FINCIAS,2,263.0,2015,Rio de Janeiro,33110638,CIEP 205 FREI AGOSTINHO FINCIAS,Estadual,69.6,15.9,14.5
2015,RIO DE JANEIRO,33110476,CIEP 418 ANTONIO CARLOS BERNARDES -MUSSUM,2,176.0,2015,Rio de Janeiro,33110476,CIEP 418 ANTONIO CARLOS BERNARDES -MUSSUM,Estadual,91.4,8.6,0.0
2015,RIO DE JANEIRO,33127514,CE MARECHAL RONDON,2,216.0,2015,Rio de Janeiro,33127514,CE MARECHAL RONDON,Estadual,73.6,15.1,11.3
2015,RIO DE JANEIRO,33127395,CE MINISTRO OROZIMBO NONATO,2,209.0,2015,Rio de Janeiro,33127395,CE MINISTRO OROZIMBO NONATO,Estadual,51.0,30.5,18.5
2015,RIO DE JANEIRO,33126941,CE CHIQUINHA GONZAGA,2,275.0,2015,Rio de Janeiro,33126941,CE CHIQUINHA GONZAGA,Estadual,80.1,15.8,4.1
2015,RIO DE JANEIRO,33126852,CE PROFESSORA MARIA NAZARETH CAVALCANTI SILVA,2,1327.0,2015,Rio de Janeiro,33126852,CE PROFESSORA MARIA NAZARETH CAVALCANTI SILVA,Estadual,76.0,17.7,6.3
2015,RIO DE JANEIRO,33126755,CE MONTEIRO DE CARVALHO,2,652.0,2015,Rio de Janeiro,33126755,CE MONTEIRO DE CARVALHO,Estadual,70.5,23.6,5.9
2015,RIO DE JANEIRO,33126747,CE MADRE TERESA DE CALCUTA,2,1241.0,2015,Rio de Janeiro,33126747,CE MADRE TERESA DE CALCUTA,Estadual,80.8,18.3,0.9
2015,RIO DE JANEIRO,33126267,CE PROFESSOR HORACIO MACEDO,2,286.0,2015,Rio de Janeiro,33126267,CE PROFESSOR HORACIO MACEDO,Estadual,94.5,5.1,0.4
2015,RIO DE JANEIRO,33126259,CE ROSA LUXEMBURGO,2,330.0,2015,Rio de Janeiro,33126259,CE ROSA LUXEMBURGO,Estadual,67.0,26.1,6.9
2015,RIO DE JANEIRO,33126232,CE COMPOSITOR LUIZ GONZAGA,2,301.0,2015,Rio de Janeiro,33126232,CE COMPOSITOR LUIZ GONZAGA,Estadual,80.3,10.7,9.0
2015,RIO DE JANEIRO,33126224,CE HERBERT DE SOUZA,2,944.0,2015,Rio de Janeiro,33126224,CE HERBERT DE SOUZA,Estadual,67.8,22.9,9.3
2015,RIO DE JANEIRO,33126216,CE PROFESSORA DIUMA MADEIRA SALLES DE SOUZA,2,829.0,2015,Rio de Janeiro,33126216,CE PROFESSORA DIUMA MADEIRA SALLES DE SOUZA,Estadual,75.1,19.5,5.4
2015,RIO DE JANEIRO,33126160,CE OLGA BENARIO PRESTES,2,1861.0,2015,Rio de Janeiro,33126160,CE OLGA BENARIO PRESTES,Estadual,82.8,11.9,5.3
2015,RIO DE JANEIRO,33126105,CE FINLANDIA,2,409.0,2015,Rio de Janeiro,33126105,CE FINLANDIA,Estadual,72.4,15.7,11.9
2015,RIO DE JANEIRO,33125805,CE PROFESSOR TEOFILO MOREIRA DA COSTA,2,348.0,2015,Rio de Janeiro,33125805,CE PROFESSOR TEOFILO MOREIRA DA COSTA,Estadual,88.5,1.7,9.8
2015,RIO DE JANEIRO,33125740,CE PAULO FREIRE,2,765.0,2015,Rio de Janeiro,33125740,CE PAULO FREIRE,Estadual,82.1,13.7,4.2
2015,RIO DE JANEIRO,33125627,CE MINISTRO MARCOS FREIRE,2,409.0,2015,Rio de Janeiro,33125627,CE MINISTRO MARCOS FREIRE,Estadual,71.4,13.5,15.1
2015,RIO DE JANEIRO,33138354,CE PROFESSOR OZEAS GOMES LARANGEIRA,2,454.0,2015,Rio de Janeiro,33138354,CE PROFESSOR OZEAS GOMES LARANGEIRA,Estadual,80.0,15.6,4.4
2015,RIO DE JANEIRO,33136696,CE LIBERDADE,2,390.0,2015,Rio de Janeiro,33136696,CE LIBERDADE,Estadual,69.0,24.6,6.4
2015,RIO DE JANEIRO,33136670,CE GILDO CANDIDO DA SILVA,2,28.0,2015,Rio de Janeiro,33136670,CE GILDO CANDIDO DA SILVA,Estadual,100.0,0.0,0.0
2015,RIO DE JANEIRO,33136513,CE ROSARIA TROTTA,2,367.0,2015,Rio de Janeiro,33136513,CE ROSARIA TROTTA,Estadual,72.8,20.9,6.3
2015,RIO DE JANEIRO,33136505,CE PROFESSORA JEANNETTE DE SOUZA COELHO MANNARINO,2,2271.0,2015,Rio de Janeiro,33136505,CE PROFESSORA JEANNETTE DE SOUZA COELHO MANNARINO,Estadual,87.4,11.6,1.0
2015,RIO DE JANEIRO,33136483,CE GANDHI,2,181.0,2015,Rio de Janeiro,33136483,CE GANDHI,Estadual,73.0,18.0,9.0
2015,RIO DE JANEIRO,33136475,CE MONSENHOR MIGUEL DE SANTA MARIA MOCHON,2,336.0,2015,Rio de Janeiro,33136475,CE MONSENHOR MIGUEL DE SANTA MARIA MOCHON,Estadual,85.1,11.9,3.0
2015,RIO DE JANEIRO,33136459,CE ALBA CANIZARES DO NASCIMENTO,2,220.0,2015,Rio de Janeiro,33136459,CE ALBA CANIZARES DO NASCIMENTO,Estadual,74.1,5.0,20.9
2015,RIO DE JANEIRO,33136432,CE PROFESSORA VANIA DO AMARAL MATIAS EDDE,2,860.0,2015,Rio de Janeiro,33136432,CE PROFESSORA VANIA DO AMARAL MATIAS EDDE,Estadual,75.5,18.1,6.4
2015,RIO DE JANEIRO,33136424,CE PROFESSORA VILMA ATANAZIO,2,1248.0,2015,Rio de Janeiro,33136424,CE PROFESSORA VILMA ATANAZIO,Estadual,83.7,15.9,0.4
2015,RIO DE JANEIRO,33135193,CE PROFESSOR JOSE DE SOUZA MARQUES,2,840.0,2015,Rio de Janeiro,33135193,CE PROFESSOR JOSE DE SOUZA MARQUES,Estadual,75.2,15.7,9.1
2015,RIO DE JANEIRO,33134049,CE PROFESSORA MARIA TEREZINHA DE CARVALHO MACHADO,2,1748.0,2015,Rio de Janeiro,33134049,CE PROFESSORA MARIA TEREZINHA DE CARVALHO MACHADO,Estadual,79.2,20.0,0.8
2015,RIO DE JANEIRO,33132887,CE COMPOSITOR MANACEIA JOSE DE ANDRADE,2,821.0,2015,Rio de Janeiro,33132887,CE COMPOSITOR MANACEIA JOSE DE ANDRADE,Estadual,64.2,28.8,7.0
2015,RIO DE JANEIRO,33132879,CE DOM HELDER CAMARA,2,1088.0,2015,Rio de Janeiro,33132879,CE DOM HELDER CAMARA,Estadual,76.9,19.6,3.5
2015,RIO DE JANEIRO,33128618,CE CARLOS MAGNO NAZARETH CERQUEIRA,2,472.0,2015,Rio de Janeiro,33128618,CE CARLOS MAGNO NAZARETH CERQUEIRA,Estadual,68.0,31.5,0.5
2015,RIO DE JANEIRO,33128235,CIEP 339 MARIO TAMBORINDEGUY,2,1139.0,2015,Rio de Janeiro,33128235,CIEP 339 MARIO TAMBORINDEGUY,Estadual,73.6,18.8,7.6
2015,RIO DE JANEIRO,33558230,CE DEPUTADO PEDRO FERNANDES,2,1240.0,2015,Rio de Janeiro,33558230,CE DEPUTADO PEDRO FERNANDES,Estadual,76.1,18.0,5.9
2015,RIO DE JANEIRO,33508232,CE JORNALISTA ARTUR DA TAVOLA,2,286.0,2015,Rio de Janeiro,33508232,CE JORNALISTA ARTUR DA TAVOLA,Estadual,85.3,12.8,1.9
2015,RIO DE JANEIRO,33439222,CE COMPOSITOR LUIZ CARLOS DA VILA,2,911.0,2015,Rio de Janeiro,33439222,CE COMPOSITOR LUIZ CARLOS DA VILA,Estadual,71.3,27.1,1.6
2015,RIO DE JANEIRO,33271208,CE JOSE LEITE LOPES,2,378.0,2015,Rio de Janeiro,33271208,CE JOSE LEITE LOPES,Estadual,95.5,4.3,0.2
2015,RIO DE JANEIRO,33173010,CE JORNALISTA MAURICIO AZEDO,2,140.0,2015,Rio de Janeiro,33173010,CE JORNALISTA MAURICIO AZEDO,Estadual,94.0,5.3,0.7
2015,RIO DE JANEIRO,33170215,CE MARIA MONTESSORI,2,20.0,2015,Rio de Janeiro,33170215,CE MARIA MONTESSORI,Estadual,50.0,0.0,50.0
2015,RIO DE JANEIRO,33170150,CE HEBE CAMARGO,2,267.0,2015,Rio de Janeiro,33170150,CE HEBE CAMARGO,Estadual,100.0,0.0,0.0
2015,RIO DE JANEIRO,33157065,CE ERICH WALTER HEINE,2,538.0,2015,Rio de Janeiro,33157065,CE ERICH WALTER HEINE,Estadual,98.3,1.5,0.2
2015,RIO DE JANEIRO,33149119,CE CARLOS ARNOLDO ABRUZZINI DA FONSECA,2,1094.0,2015,Rio de Janeiro,33149119,CE CARLOS ARNOLDO ABRUZZINI DA FONSECA,Estadual,84.9,13.4,1.7
2015,RIO DE JANEIRO,33146950,CE PROFESSORA MARIA DE LOURDES DE OLIVEIRA LAVOR - TIA LAVOR,2,1485.0,2015,Rio de Janeiro,33146950,CE PROFESSORA MARIA DE LOURDES DE OLIVEIRA LAVOR - TIA LAVOR,Estadual,67.2,19.9,12.9
2015,RIO DE JANEIRO,33140715,CE ANTONIO HOUAISS,2,1351.0,2015,Rio de Janeiro,33140715,CE ANTONIO HOUAISS,Estadual,73.4,23.6,3.0
2015,RIO DE JANEIRO,33140669,CE JORNALISTA TIM LOPES,2,1203.0,2015,Rio de Janeiro,33140669,CE JORNALISTA TIM LOPES,Estadual,86.3,12.5,1.2
2015,RIO DE JANEIRO,33140049,CE OSWALDO TEIXEIRA,2,57.0,2015,Rio de Janeiro,33140049,CE OSWALDO TEIXEIRA,Estadual,62.7,6.8,30.5
2015,RIO DE JANEIRO,33140030,CE CONDE PEREIRA CARNEIRO,2,217.0,2015,Rio de Janeiro,33140030,CE CONDE PEREIRA CARNEIRO,Estadual,63.5,21.3,15.2
2015,RIO DE JANEIRO,33139156,CE PROFESSORA SONIA REGINA SCUDESE DESSIMONI PINTO,2,1015.0,2015,Rio de Janeiro,33139156,CE PROFESSORA SONIA REGINA SCUDESE DESSIMONI PINTO,Estadual,72.5,20.1,7.4
2015,RIO DE JANEIRO,33138648,CE STELLA MATUTINA,2,1327.0,2015,Rio de Janeiro,33138648,CE STELLA MATUTINA,Estadual,87.2,7.8,5.0
2015,SÃO GONÇALO,33089469,CE PROFESSORA ANTONIETA PALMEIRA,2,251.0,2015,São Gonçalo,33089469,CE PROFESSORA ANTONIETA PALMEIRA,Estadual,75.7,24.3,0.0
2015,SÃO GONÇALO,33089426,CE MONSENHOR BARENCO COELHO,2,244.0,2015,São Gonçalo,33089426,CE MONSENHOR BARENCO COELHO,Estadual,75.5,22.4,2.1
2015,SÃO GONÇALO,33089396,CE LAURO CORREA,2,303.0,2015,São Gonçalo,33089396,CE LAURO CORREA,Estadual,56.2,39.1,4.7
2015,SÃO GONÇALO,33089388,CE FREDERICO AZEVEDO,2,449.0,2015,São Gonçalo,33089388,CE FREDERICO AZEVEDO,Estadual,77.7,15.8,6.5
2015,SÃO GONÇALO,33089124,CE PADRE MANUEL DA NOBREGA,2,291.0,2015,São Gonçalo,33089124,CE PADRE MANUEL DA NOBREGA,Estadual,82.6,15.8,1.6
2015,SÃO GONÇALO,33089108,CE PANDIA CALOGERAS,2,1639.0,2015,São Gonçalo,33089108,CE PANDIA CALOGERAS,Estadual,73.3,18.2,8.5
2015,SÃO GONÇALO,33089094,CE NILO PECANHA,2,1121.0,2015,São Gonçalo,33089094,CE NILO PECANHA,Estadual,87.5,10.6,1.9
2015,SÃO GONÇALO,33089086,CE MINISTRO JOSE DE MOURA E SILVA,2,215.0,2015,São Gonçalo,33089086,CE MINISTRO JOSE DE MOURA E SILVA,Estadual,75.9,19.3,4.8
2015,SÃO GONÇALO,33089060,CE ISMAEL BRANCO,2,281.0,2015,São Gonçalo,33089060,CE ISMAEL BRANCO,Estadual,77.1,19.4,3.5
2015,SÃO GONÇALO,33089051,CE DOUTOR ADINO XAVIER,2,1185.0,2015,São Gonçalo,33089051,CE DOUTOR ADINO XAVIER,Estadual,83.8,14.9,1.3
2015,SÃO GONÇALO,33089043,CE ARMANDO GONCALVES,2,353.0,2015,São Gonçalo,33089043,CE ARMANDO GONCALVES,Estadual,66.3,21.1,12.6
2015,SÃO GONÇALO,33088950,CIEP 052 PROFESSORA ROMANDA GOUVEIA GONCALVES,2,90.0,2015,São Gonçalo,33088950,CIEP 052 PROFESSORA ROMANDA GOUVEIA GONCALVES,Estadual,74.4,11.6,14.0
2015,SÃO GONÇALO,33088926,CIEP 240 PROFESSOR HAROLDO TEIXEIRA VALLADAO,2,50.0,2015,São Gonçalo,33088926,CIEP 240 PROFESSOR HAROLDO TEIXEIRA VALLADAO,Estadual,93.8,0.0,6.2
2015,SÃO GONÇALO,33088900,CIEP 249 PASTOR WALDEMAR ZARRO,2,309.0,2015,São Gonçalo,33088900,CIEP 249 PASTOR WALDEMAR ZARRO,Estadual,74.3,21.2,4.5
2015,SÃO GONÇALO,33088896,CIEP 306 DEPUTADO DAVID QUINDERE,2,212.0,2015,São Gonçalo,33088896,CIEP 306 DEPUTADO DAVID QUINDERE,Estadual,73.4,22.2,4.4
2015,SÃO GONÇALO,33088870,CIEP 430 CARLOS MARIGHELLA,2,95.0,2015,São Gonçalo,33088870,CIEP 430 CARLOS MARIGHELLA,Estadual,83.3,13.5,3.2
2015,SÃO GONÇALO,33090670,CIEP 050 PABLO NERUDA,2,523.0,2015,São Gonçalo,33090670,CIEP 050 PABLO NERUDA,Estadual,73.3,25.9,0.8
2015,SÃO GONÇALO,33090459,CE PROFESSORA ODYSSEA SILVEIRA DE SIQUEIRA,2,203.0,2015,São Gonçalo,33090459,CE PROFESSORA ODYSSEA SILVEIRA DE SIQUEIRA,Estadual,74.1,25.9,0.0
2015,SÃO GONÇALO,33090440,CE PROFESSOR FRANCISCO DE PAULA ACHILLES,2,34.0,2015,São Gonçalo,33090440,CE PROFESSOR FRANCISCO DE PAULA ACHILLES,Estadual,97.2,0.0,2.8
2015,SÃO GONÇALO,33090432,CE PROFESSORA DALILA DE OLIVEIRA COSTA,2,346.0,2015,São Gonçalo,33090432,CE PROFESSORA DALILA DE OLIVEIRA COSTA,Estadual,72.4,27.6,0.0
2015,SÃO GONÇALO,33090424,CE PROFESSORA ADELIA MARTINS,2,209.0,2015,São Gonçalo,33090424,CE PROFESSORA ADELIA MARTINS,Estadual,84.0,15.5,0.5
2015,SÃO GONÇALO,33090378,CE ELIZA MARIA DUTRA,2,274.0,2015,São Gonçalo,33090378,CE ELIZA MARIA DUTRA,Estadual,83.1,10.4,6.5
2015,SÃO GONÇALO,33090351,CE DOUTOR RODOLPHO SIQUEIRA,2,344.0,2015,São Gonçalo,33090351,CE DOUTOR RODOLPHO SIQUEIRA,Estadual,79.3,14.9,5.8
2015,SÃO GONÇALO,33090343,CE DOUTOR HUMBERTO SOEIRO DE CARVALHO,2,71.0,2015,São Gonçalo,33090343,CE DOUTOR HUMBERTO SOEIRO DE CARVALHO,Estadual,76.5,16.2,7.3
2015,SÃO GONÇALO,33090327,CE DESEMBARGADOR FERREIRA PINTO,2,210.0,2015,São Gonçalo,33090327,CE DESEMBARGADOR FERREIRA PINTO,Estadual,68.0,23.3,8.7
2015,SÃO GONÇALO,33090300,CE AUGUSTO CEZARIO DIAZ ANDRE,2,536.0,2015,São Gonçalo,33090300,CE AUGUSTO CEZARIO DIAZ ANDRE,Estadual,89.6,10.4,0.0
2015,SÃO GONÇALO,33090270,CE AMANDA VELASCO,2,413.0,2015,São Gonçalo,33090270,CE AMANDA VELASCO,Estadual,78.5,21.5,0.0
2015,SÃO GONÇALO,33090246,CE DORVAL FERREIRA DA CUNHA,2,276.0,2015,São Gonçalo,33090246,CE DORVAL FERREIRA DA CUNHA,Estadual,83.5,15.8,0.7
2015,SÃO GONÇALO,33090173,CIEP 410 PATRICIA GALVAO PAGU,2,261.0,2015,São Gonçalo,33090173,CIEP 410 PATRICIA GALVAO PAGU,Estadual,76.7,18.3,5.0
2015,SÃO GONÇALO,33090157,CIEP 126 ALMEDORINA AZEREDO,2,133.0,2015,São Gonçalo,33090157,CIEP 126 ALMEDORINA AZEREDO,Estadual,75.2,9.3,15.5
2015,SÃO GONÇALO,33090149,CIEP 122 PROFESSOR ERMEZINDA DIONIZIO NECCO,2,389.0,2015,São Gonçalo,33090149,CIEP 122 PROFESSOR ERMEZINDA DIONIZIO NECCO,Estadual,63.3,30.3,6.4
2015,SÃO GONÇALO,33089841,IE CLELIA NANCI,2,1133.0,2015,São Gonçalo,33089841,IE CLELIA NANCI,Estadual,82.5,17.1,0.4
2015,SÃO GONÇALO,33091765,CE PAULINO PINHEIRO BAPTISTA,2,286.0,2015,São Gonçalo,33091765,CE PAULINO PINHEIRO BAPTISTA,Estadual,79.8,18.5,1.7
2015,SÃO GONÇALO,33091757,CIEP 246 PROFESSORA ADALGISA CABRAL DE FARIA,2,137.0,2015,São Gonçalo,33091757,CIEP 246 PROFESSORA ADALGISA CABRAL DE FARIA,Estadual,84.4,15.6,0.0
2015,SÃO GONÇALO,33091447,CE MELCHIADES PICANCO,2,372.0,2015,São Gonçalo,33091447,CE MELCHIADES PICANCO,Estadual,65.7,23.4,10.9
2015,SÃO GONÇALO,33091390,CE CORONEL JOAO TARCISIO BUENO,2,171.0,2015,São Gonçalo,33091390,CE CORONEL JOAO TARCISIO BUENO,Estadual,72.0,26.2,1.8
2015,SÃO GONÇALO,33091382,CE CORONEL FRANCISCO LIMA,2,172.0,2015,São Gonçalo,33091382,CE CORONEL FRANCISCO LIMA,Estadual,84.0,12.4,3.6
2015,SÃO GONÇALO,33091340,CE CAPITAO OSWALDO ORNELLAS,2,333.0,2015,São Gonçalo,33091340,CE CAPITAO OSWALDO ORNELLAS,Estadual,84.8,13.6,1.6
2015,SÃO GONÇALO,33091200,CE WALTER ORLANDINI,2,1560.0,2015,São Gonçalo,33091200,CE WALTER ORLANDINI,Estadual,77.3,20.7,2.0
2015,SÃO GONÇALO,33091196,CE SANTOS DIAS,2,458.0,2015,São Gonçalo,33091196,CE SANTOS DIAS,Estadual,83.1,16.2,0.7
2015,SÃO GONÇALO,33090904,CE VILA GUARANI,2,118.0,2015,São Gonçalo,33090904,CE VILA GUARANI,Estadual,68.5,18.9,12.6
2015,SÃO GONÇALO,33090882,CE MAUA,2,110.0,2015,São Gonçalo,33090882,CE MAUA,Estadual,89.1,7.3,3.6
2015,SÃO GONÇALO,33090840,CE DOUTOR ARMANDO SA COUTO,2,159.0,2015,São Gonçalo,33090840,CE DOUTOR ARMANDO SA COUTO,Estadual,81.0,18.4,0.6
2015,SÃO GONÇALO,33090831,CE DOM ANTONIO DE ALMEIDA MORAES JUNIOR,2,198.0,2015,São Gonçalo,33090831,CE DOM ANTONIO DE ALMEIDA MORAES JUNIOR,Estadual,89.5,8.4,2.1
2015,SÃO GONÇALO,33090823,CE CORONEL SERRADO,2,267.0,2015,São Gonçalo,33090823,CE CORONEL SERRADO,Estadual,83.2,13.4,3.4
2015,SÃO GONÇALO,33090815,CE ALECRIM,2,105.0,2015,São Gonçalo,33090815,CE ALECRIM,Estadual,85.9,14.1,0.0
2015,SÃO GONÇALO,33090726,CE TRASILBO FILGUEIRAS,2,476.0,2015,São Gonçalo,33090726,CE TRASILBO FILGUEIRAS,Estadual,81.0,12.2,6.8
2015,SÃO GONÇALO,33090688,CIEP 239 PROFESSORA ELZA VIANNA FIALHO,2,228.0,2015,São Gonçalo,33090688,CIEP 239 PROFESSORA ELZA VIANNA FIALHO,Estadual,80.2,18.5,1.3
2015,RIO DE JANEIRO,33062919,CE PAULO DE FRONTIN,2,1237.0,2015,Rio de Janeiro,33062919,CE PAULO DE FRONTIN,Estadual,58.6,31.8,9.6
2015,RIO DE JANEIRO,33062676,CE SOUZA AGUIAR,2,841.0,2015,Rio de Janeiro,33062676,CE SOUZA AGUIAR,Estadual,65.0,29.0,6.0
2015,RIO DE JANEIRO,33062668,CE JULIA KUBITSCHEK,2,788.0,2015,Rio de Janeiro,33062668,CE JULIA KUBITSCHEK,Estadual,89.4,10.1,0.5
2015,SÃO GONÇALO,33518238,CIEP 513 GEORGE SAVALLA GOMES - PALHACO CAREQUINHA,2,125.0,2015,São Gonçalo,33518238,CIEP 513 GEORGE SAVALLA GOMES - PALHACO CAREQUINHA,Estadual,71.0,23.4,5.6
2015,SÃO GONÇALO,33507210,CE COMENDADOR VALENTIM DOS SANTOS DINIZ,2,300.0,2015,São Gonçalo,33507210,CE COMENDADOR VALENTIM DOS SANTOS DINIZ,Estadual,99.3,0.7,0.0
2015,SÃO GONÇALO,33114366,CE MARIO TAMBORINDEGUY,2,105.0,2015,São Gonçalo,33114366,CE MARIO TAMBORINDEGUY,Estadual,62.4,34.7,2.9
2015,SÃO GONÇALO,33104182,CIEP 409 ALAIDE DE FIGUEREDO SANTOS,2,321.0,2015,São Gonçalo,33104182,CIEP 409 ALAIDE DE FIGUEREDO SANTOS,Estadual,80.3,14.6,5.1
2015,SÃO GONÇALO,33103968,CIEP 439 LUIZ GONZAGA JUNIOR - GONZAGUINHA,2,356.0,2015,São Gonçalo,33103968,CIEP 439 LUIZ GONZAGA JUNIOR - GONZAGUINHA,Estadual,77.7,21.1,1.2
2015,SÃO GONÇALO,33103941,CIEP 422 NICANOR FERREIRA NUNES,2,67.0,2015,São Gonçalo,33103941,CIEP 422 NICANOR FERREIRA NUNES,Estadual,79.4,16.2,4.4
2015,SÃO GONÇALO,33103925,CIEP 421 DEPUTADA CRISTINA TAVARES,2,23.0,2015,São Gonçalo,33103925,CIEP 421 DEPUTADA CRISTINA TAVARES,Estadual,100.0,0.0,0.0
2015,SÃO GONÇALO,33103917,CIEP 423 MORA GUIMARAES,2,10.0,2015,São Gonçalo,33103917,CIEP 423 MORA GUIMARAES,Estadual,63.6,0.0,36.4
2015,SÃO GONÇALO,33103909,CIEP 238 DOUTOR ILTON FARIA DA COSTA,2,318.0,2015,São Gonçalo,33103909,CIEP 238 DOUTOR ILTON FARIA DA COSTA,Estadual,81.0,14.8,4.2
2015,SÃO GONÇALO,33103887,CIEP 408 SERGIO CARDOSO,2,19.0,2015,São Gonçalo,33103887,CIEP 408 SERGIO CARDOSO,Estadual,85.7,14.3,0.0
2015,SÃO GONÇALO,33103879,CIEP 413 ADAO PEREIRA NUNES,2,54.0,2015,São Gonçalo,33103879,CIEP 413 ADAO PEREIRA NUNES,Estadual,74.5,21.8,3.7
2015,SÃO GONÇALO,33096988,CIEP 412 DOUTOR ZERBINI,2,346.0,2015,São Gonçalo,33096988,CIEP 412 DOUTOR ZERBINI,Estadual,81.9,17.8,0.3
2015,SÃO GONÇALO,33096970,CIEP 309 ZUZU ANGEL,2,56.0,2015,São Gonçalo,33096970,CIEP 309 ZUZU ANGEL,Estadual,51.9,48.1,0.0
2015,NITERÓI,33056439,CE EMBAIXADOR RAUL FERNANDES,2,40.0,2015,Niterói,33056439,CE EMBAIXADOR RAUL FERNANDES,Estadual,78.9,21.1,0.0
2015,NITERÓI,33056358,CE CONSELHEIRO JOSINO,2,86.0,2015,Niterói,33056358,CE CONSELHEIRO JOSINO,Estadual,84.3,12.0,3.7
2015,NITERÓI,33055785,CE ZULEIKA RAPOSO VALLADARES,2,142.0,2015,Niterói,33055785,CE ZULEIKA RAPOSO VALLADARES,Estadual,85.8,9.9,4.3
2015,RIO DE JANEIRO,33065276,CE ANDRE MAUROIS,2,1788.0,2015,Rio de Janeiro,33065276,CE ANDRE MAUROIS,Estadual,78.8,16.5,4.7
2015,RIO DE JANEIRO,33065217,CE PROFESSOR ANTONIO MARIA TEIXEIRA FILHO,2,552.0,2015,Rio de Janeiro,33065217,CE PROFESSOR ANTONIO MARIA TEIXEIRA FILHO,Estadual,87.6,12.4,0.0
2015,RIO DE JANEIRO,33064849,CE ROMA,2,62.0,2015,Rio de Janeiro,33064849,CE ROMA,Estadual,72.1,13.1,14.8
2015,RIO DE JANEIRO,33064652,CE PEDRO ALVARES CABRAL,2,899.0,2015,Rio de Janeiro,33064652,CE PEDRO ALVARES CABRAL,Estadual,80.5,14.6,4.9
2015,RIO DE JANEIRO,33064644,CE INFANTE DOM HENRIQUE,2,1004.0,2015,Rio de Janeiro,33064644,CE INFANTE DOM HENRIQUE,Estadual,76.7,19.8,3.5
2015,RIO DE JANEIRO,33064636,CE ECA DE QUEIROS,2,137.0,2015,Rio de Janeiro,33064636,CE ECA DE QUEIROS,Estadual,68.1,13.0,18.9
2015,RIO DE JANEIRO,33063907,CE JOSE DE ALENCAR,2,75.0,2015,Rio de Janeiro,33063907,CE JOSE DE ALENCAR,Estadual,69.6,26.6,3.8
2015,RIO DE JANEIRO,33063877,CE DEODORO,2,37.0,2015,Rio de Janeiro,33063877,CE DEODORO,Estadual,61.1,27.8,11.1
2015,RIO DE JANEIRO,33063400,CE MEXICO,2,41.0,2015,Rio de Janeiro,33063400,CE MEXICO,Estadual,62.2,24.3,13.5
2015,RIO DE JANEIRO,33063397,CE AMARO CAVALCANTI,2,1663.0,2015,Rio de Janeiro,33063397,CE AMARO CAVALCANTI,Estadual,84.3,15.6,0.1
2015,RIO DE JANEIRO,33063389,CE CHICO ANYSIO,2,231.0,2015,Rio de Janeiro,33063389,CE CHICO ANYSIO,Estadual,99.5,0.5,0.0
2015,RIO DE JANEIRO,33063052,CE MEM DE SA,2,111.0,2015,Rio de Janeiro,33063052,CE MEM DE SA,Estadual,66.4,12.7,20.9
2015,RIO DE JANEIRO,33062927,CE TOMAS ANTONIO GONZAGA,2,131.0,2015,Rio de Janeiro,33062927,CE TOMAS ANTONIO GONZAGA,Estadual,68.4,23.5,8.1
2015,RIO DE JANEIRO,33062340,CAIC JOAQUIM JOSE DA SILVA XAVER - O TIRADENTES,2,325.0,2015,Rio de Janeiro,33062340,CAIC JOAQUIM JOSE DA SILVA XAVER - O TIRADENTES,Estadual,74.5,19.1,6.4
2015,RIO DE JANEIRO,33062277,CE CUBA,2,247.0,2015,Rio de Janeiro,33062277,CE CUBA,Estadual,73.2,7.9,18.9
2015,RIO DE JANEIRO,33062250,CE ALDEBARA,2,230.0,2015,Rio de Janeiro,33062250,CE ALDEBARA,Estadual,67.1,23.0,9.9
2015,NITERÓI,33102503,CE DAVID CAPISTRANO,2,943.0,2015,Niterói,33102503,CE DAVID CAPISTRANO,Estadual,77.6,19.3,3.1
2015,NITERÓI,33096805,CIEP 449 GOVERNADOR LEONEL DE MOURA BRIZOLA BRASIL FRANCA,2,149.0,2015,Niterói,33096805,CIEP 449 GOVERNADOR LEONEL DE MOURA BRIZOLA BRASIL FRANCA,Estadual,95.7,4.3,0.0
2015,NITERÓI,33057745,CE DOUTOR SOUZA SOARES,2,30.0,2015,Niterói,33057745,CE DOUTOR SOUZA SOARES,Estadual,100.0,0.0,0.0
2015,NITERÓI,33057737,CE ALMIRANTE TAMANDARE,2,190.0,2015,Niterói,33057737,CE ALMIRANTE TAMANDARE,Estadual,84.3,15.7,0.0
2015,NITERÓI,33057702,CE PROFESSORA ALCINA RODRIGUES LIMA,2,385.0,2015,Niterói,33057702,CE PROFESSORA ALCINA RODRIGUES LIMA,Estadual,72.5,26.9,0.6
2015,NITERÓI,33057508,LICEU NILO PECANHA,2,1825.0,2015,Niterói,33057508,LICEU NILO PECANHA,Estadual,73.0,23.6,3.4
2015,NITERÓI,33057117,IE PROFESSOR ISMAEL COUTINHO,2,259.0,2015,Niterói,33057117,IE PROFESSOR ISMAEL COUTINHO,Estadual,69.8,27.4,2.8
2015,NITERÓI,33057010,E T E HENRIQUE LAGE,2,1232.0,2015,Niterói,33057010,E T E HENRIQUE LAGE,Estadual,85.0,11.4,3.6
2015,NITERÓI,33056560,CE PINTO LIMA,2,176.0,2015,Niterói,33056560,CE PINTO LIMA,Estadual,72.1,22.9,5.0
2015,NITERÓI,33056501,CE MARIA PEREIRA DAS NEVES,2,117.0,2015,Niterói,33056501,CE MARIA PEREIRA DAS NEVES,Estadual,70.1,29.9,0.0
2015,NITERÓI,33056498,CE MANUEL DE ABREU,2,640.0,2015,Niterói,33056498,CE MANUEL DE ABREU,Estadual,81.9,15.4,2.7
2015,NITERÓI,33056480,CE LEOPOLDO FROES,2,214.0,2015,Niterói,33056480,CE LEOPOLDO FROES,Estadual,94.5,5.0,0.5
2015,NITERÓI,33056471,CE JOSE BONIFACIO,2,195.0,2015,Niterói,33056471,CE JOSE BONIFACIO,Estadual,80.3,18.4,1.3
2015,RIO DE JANEIRO,33071578,CE FRANCISCO JOBIM,2,101.0,2015,Rio de Janeiro,33071578,CE FRANCISCO JOBIM,Estadual,65.0,20.4,14.6
2015,RIO DE JANEIRO,33071560,CE DELFIM MOREIRA,2,316.0,2015,Rio de Janeiro,33071560,CE DELFIM MOREIRA,Estadual,60.5,25.3,14.2
2015,RIO DE JANEIRO,33071551,CE CENTRAL DO BRASIL,2,1376.0,2015,Rio de Janeiro,33071551,CE CENTRAL DO BRASIL,Estadual,75.8,22.0,2.2
2015,RIO DE JANEIRO,33071543,CE BOLIVAR,2,129.0,2015,Rio de Janeiro,33071543,CE BOLIVAR,Estadual,83.1,5.4,11.5
2015,RIO DE JANEIRO,33071535,CE AGRIPINO GRIECO,2,202.0,2015,Rio de Janeiro,33071535,CE AGRIPINO GRIECO,Estadual,82.6,6.0,11.4
2015,RIO DE JANEIRO,33070946,E T E JUSCELINO KUBITSCHEK,2,778.0,2015,Rio de Janeiro,33070946,E T E JUSCELINO KUBITSCHEK,Estadual,85.3,11.5,3.2
2015,RIO DE JANEIRO,33070326,CE TERESA CRISTINA,2,65.0,2015,Rio de Janeiro,33070326,CE TERESA CRISTINA,Estadual,58.2,6.0,35.8
2015,RIO DE JANEIRO,33070199,CE JOAO MARQUES DOS REIS,2,137.0,2015,Rio de Janeiro,33070199,CE JOAO MARQUES DOS REIS,Estadual,71.8,22.5,5.7
2015,RIO DE JANEIRO,33070164,CE CONDE DE AGROLONGO,2,117.0,2015,Rio de Janeiro,33070164,CE CONDE DE AGROLONGO,Estadual,75.2,11.5,13.3
2015,RIO DE JANEIRO,33070156,CE CHILE,2,328.0,2015,Rio de Janeiro,33070156,CE CHILE,Estadual,56.2,26.7,17.1
2015,RIO DE JANEIRO,33070148,CE BRANT HORTA,2,215.0,2015,Rio de Janeiro,33070148,CE BRANT HORTA,Estadual,68.0,17.5,14.5
2015,RIO DE JANEIRO,33069964,CE REPUBLICA DE GUINE BISSAU,2,227.0,2015,Rio de Janeiro,33069964,CE REPUBLICA DE GUINE BISSAU,Estadual,71.9,17.3,10.8
2015,RIO DE JANEIRO,33069956,CE REPUBLICA DE ANGOLA,2,177.0,2015,Rio de Janeiro,33069956,CE REPUBLICA DE ANGOLA,Estadual,81.8,11.0,7.2
2015,RIO DE JANEIRO,33069948,CE JOSE MARTI,2,408.0,2015,Rio de Janeiro,33069948,CE JOSE MARTI,Estadual,88.6,5.9,5.5
2015,RIO DE JANEIRO,33069930,CE HEITOR LIRA,2,828.0,2015,Rio de Janeiro,33069930,CE HEITOR LIRA,Estadual,81.8,13.1,5.1
2015,RIO DE JANEIRO,33069921,CE GOMES FREIRE DE ANDRADE,2,1541.0,2015,Rio de Janeiro,33069921,CE GOMES FREIRE DE ANDRADE,Estadual,74.9,23.3,1.8
2015,MARICÁ,33096929,CIEP 391 PROFESSOR ROBSON MENDONCA LOU,2,152.0,2015,Maricá,33096929,CIEP 391 PROFESSOR ROBSON MENDONCA LOU,Estadual,63.9,23.8,12.3
2015,MARICÁ,33102414,CIEP 259 PROFESSORA MARIA DO AMPARO RANGEL DE SOUZA,2,682.0,2015,Maricá,33102414,CIEP 259 PROFESSORA MARIA DO AMPARO RANGEL DE SOUZA,Estadual,86.1,10.8,3.1
2015,NITERÓI,33055610,CE AURELINO LEAL,2,1112.0,2015,Niterói,33055610,CE AURELINO LEAL,Estadual,72.4,23.9,3.7
2015,NITERÓI,33055629,CE BALTAZAR BERNARDINO,2,188.0,2015,Niterói,33055629,CE BALTAZAR BERNARDINO,Estadual,59.7,26.7,13.6
2015,NITERÓI,33055637,CE BRIGADEIRO CASTRIOTO,2,47.0,2015,Niterói,33055637,CE BRIGADEIRO CASTRIOTO,Estadual,73.9,8.7,17.4
2015,NITERÓI,33055645,CE CIZINIO SOARES PINTO,2,143.0,2015,Niterói,33055645,CE CIZINIO SOARES PINTO,Estadual,82.6,12.1,5.3
2015,NITERÓI,33055653,CE CONSELHEIRO MACEDO SOARES,2,353.0,2015,Niterói,33055653,CE CONSELHEIRO MACEDO SOARES,Estadual,82.4,17.6,0.0
2015,NITERÓI,33055661,CE DOUTOR LUCIANO PESTRE,2,112.0,2015,Niterói,33055661,CE DOUTOR LUCIANO PESTRE,Estadual,63.1,24.3,12.6
2015,NITERÓI,33055670,CE FERNANDO MAGALHAES,2,168.0,2015,Niterói,33055670,CE FERNANDO MAGALHAES,Estadual,71.3,26.3,2.4
2015,NITERÓI,33055696,CE GUILHERME BRIGGS,2,181.0,2015,Niterói,33055696,CE GUILHERME BRIGGS,Estadual,88.4,7.5,4.1
2015,NITERÓI,33055700,CE HILARIO RIBEIRO,2,228.0,2015,Niterói,33055700,CE HILARIO RIBEIRO,Estadual,78.7,17.1,4.2
2015,NITERÓI,33055726,CE JOAQUIM TAVORA,2,376.0,2015,Niterói,33055726,CE JOAQUIM TAVORA,Estadual,77.2,19.5,3.3
2015,MARICÁ,33053910,CE ELISIARIO MATTA,2,777.0,2015,Maricá,33053910,CE ELISIARIO MATTA,Estadual,89.3,10.3,0.4
2016,RIO DE JANEIRO,33065217,CE PROFESSOR ANTONIO MARIA TEIXEIRA FILHO,2,569.0,2016,Rio de Janeiro,33065217,CE PROFESSOR ANTONIO MARIA TEIXEIRA FILHO,Estadual,78.1,21.9,0.0
2016,RIO DE JANEIRO,33064849,CE ROMA,2,42.0,2016,Rio de Janeiro,33064849,CE ROMA,Estadual,65.0,12.5,22.5
2016,RIO DE JANEIRO,33064652,CE PEDRO ALVARES CABRAL,2,934.0,2016,Rio de Janeiro,33064652,CE PEDRO ALVARES CABRAL,Estadual,69.9,23.8,6.3
2016,RIO DE JANEIRO,33064644,CE INFANTE DOM HENRIQUE,2,1091.0,2016,Rio de Janeiro,33064644,CE INFANTE DOM HENRIQUE,Estadual,71.6,19.2,9.2
2016,RIO DE JANEIRO,33064636,CE ECA DE QUEIROS,2,87.0,2016,Rio de Janeiro,33064636,CE ECA DE QUEIROS,Estadual,52.5,22.5,25.0
2016,RIO DE JANEIRO,33063877,CE DEODORO,2,50.0,2016,Rio de Janeiro,33063877,CE DEODORO,Estadual,67.3,30.6,2.1
2016,RIO DE JANEIRO,33063400,CE MEXICO,2,40.0,2016,Rio de Janeiro,33063400,CE MEXICO,Estadual,35.9,20.5,43.6
2016,RIO DE JANEIRO,33063397,CE AMARO CAVALCANTI,2,1764.0,2016,Rio de Janeiro,33063397,CE AMARO CAVALCANTI,Estadual,65.3,11.0,23.7
2016,RIO DE JANEIRO,33063389,CE CHICO ANYSIO,2,243.0,2016,Rio de Janeiro,33063389,CE CHICO ANYSIO,Estadual,94.9,5.1,0.0
2016,RIO DE JANEIRO,33063052,CE MEM DE SA,2,97.0,2016,Rio de Janeiro,33063052,CE MEM DE SA,Estadual,65.7,16.2,18.1
2016,RIO DE JANEIRO,33062927,CE TOMAS ANTONIO GONZAGA,2,148.0,2016,Rio de Janeiro,33062927,CE TOMAS ANTONIO GONZAGA,Estadual,63.8,20.8,15.4
2016,RIO DE JANEIRO,33062919,CE PAULO DE FRONTIN,2,1108.0,2016,Rio de Janeiro,33062919,CE PAULO DE FRONTIN,Estadual,48.9,23.3,27.8
2016,RIO DE JANEIRO,33062676,CE SOUZA AGUIAR,2,884.0,2016,Rio de Janeiro,33062676,CE SOUZA AGUIAR,Estadual,69.4,27.1,3.5
2016,RIO DE JANEIRO,33062668,CE JULIA KUBITSCHEK,2,877.0,2016,Rio de Janeiro,33062668,CE JULIA KUBITSCHEK,Estadual,78.5,15.9,5.6
2016,RIO DE JANEIRO,33062374,CE REVERENDO HUGH CLARENCE TUCKER,2,302.0,2016,Rio de Janeiro,33062374,CE REVERENDO HUGH CLARENCE TUCKER,Estadual,45.8,10.5,43.7
2016,RIO DE JANEIRO,33062340,CAIC JOAQUIM JOSE DA SILVA XAVER - O TIRADENTES,2,286.0,2016,Rio de Janeiro,33062340,CAIC JOAQUIM JOSE DA SILVA XAVER - O TIRADENTES,Estadual,67.4,18.2,14.4
2016,RIO DE JANEIRO,33068011,CE AFONSO PENA,2,175.0,2016,Rio de Janeiro,33068011,CE AFONSO PENA,Estadual,56.3,35.1,8.6
2016,RIO DE JANEIRO,33067805,CE REPUBLICA ARGENTINA,2,83.0,2016,Rio de Janeiro,33067805,CE REPUBLICA ARGENTINA,Estadual,47.3,41.9,10.8
2016,RIO DE JANEIRO,33067791,CE JOAO ALFREDO,2,1294.0,2016,Rio de Janeiro,33067791,CE JOAO ALFREDO,Estadual,66.4,13.9,19.7
2016,RIO DE JANEIRO,33067783,CE FRANCISCO CAMPOS,2,258.0,2016,Rio de Janeiro,33067783,CE FRANCISCO CAMPOS,Estadual,41.9,15.8,42.3
2016,RIO DE JANEIRO,33067252,INSTITUTO SUPERIOR DE EDUCACAO DO RIO DE JANEIRO,2,764.0,2016,Rio de Janeiro,33067252,INSTITUTO SUPERIOR DE EDUCACAO DO RIO DE JANEIRO,Estadual,96.5,3.5,0.0
2016,RIO DE JANEIRO,33067228,ESCOLA TECNICA ESTADUAL FERREIRA VIANA,2,952.0,2016,Rio de Janeiro,33067228,ESCOLA TECNICA ESTADUAL FERREIRA VIANA,Estadual,72.0,22.7,5.3
2016,RIO DE JANEIRO,33066620,CE SOARES PEREIRA,2,87.0,2016,Rio de Janeiro,33066620,CE SOARES PEREIRA,Estadual,70.4,7.4,22.2
2016,RIO DE JANEIRO,33066612,CE PROFESSOR CLOVIS SALGADO,2,264.0,2016,Rio de Janeiro,33066612,CE PROFESSOR CLOVIS SALGADO,Estadual,69.7,12.1,18.2
2016,RIO DE JANEIRO,33066590,CE ANTONIO PRADO JUNIOR,2,1729.0,2016,Rio de Janeiro,33066590,CE ANTONIO PRADO JUNIOR,Estadual,75.0,19.0,6.0
2016,RIO DE JANEIRO,33066523,INSTITUTO DE APLICACAO FERNANDO RODRIGUES DA SILVEIRA CAP-UERJ,2,283.0,2016,Rio de Janeiro,33066523,INSTITUTO DE APLICACAO FERNANDO RODRIGUES DA SILVEIRA CAP-UERJ,Estadual,100.0,0.0,0.0
2016,RIO DE JANEIRO,33066140,CE GONCALVES DIAS,2,276.0,2016,Rio de Janeiro,33066140,CE GONCALVES DIAS,Estadual,52.7,22.3,25.0
2016,RIO DE JANEIRO,33066043,CE PROFESSOR ERNESTO FARIA,2,556.0,2016,Rio de Janeiro,33066043,CE PROFESSOR ERNESTO FARIA,Estadual,74.8,15.2,10.0
2016,RIO DE JANEIRO,33066035,CE OLAVO BILAC,2,1239.0,2016,Rio de Janeiro,33066035,CE OLAVO BILAC,Estadual,73.2,11.8,15.0
2016,RIO DE JANEIRO,33066027,CE NILO PECANHA,2,131.0,2016,Rio de Janeiro,33066027,CE NILO PECANHA,Estadual,45.6,30.4,24.0
2016,RIO DE JANEIRO,33065284,CE IGNACIO AZEVEDO DO AMARAL,2,690.0,2016,Rio de Janeiro,33065284,CE IGNACIO AZEVEDO DO AMARAL,Estadual,80.6,16.4,3.0
2016,RIO DE JANEIRO,33065276,CE ANDRE MAUROIS,2,1806.0,2016,Rio de Janeiro,33065276,CE ANDRE MAUROIS,Estadual,70.8,26.4,2.8
2016,RIO DE JANEIRO,33071535,CE AGRIPINO GRIECO,2,223.0,2016,Rio de Janeiro,33071535,CE AGRIPINO GRIECO,Estadual,64.6,22.1,13.3
2016,RIO DE JANEIRO,33070946,E T E JUSCELINO KUBITSCHEK,2,721.0,2016,Rio de Janeiro,33070946,E T E JUSCELINO KUBITSCHEK,Estadual,88.2,9.1,2.7
2016,RIO DE JANEIRO,33070326,CE TERESA CRISTINA,2,52.0,2016,Rio de Janeiro,33070326,CE TERESA CRISTINA,Estadual,36.0,56.0,8.0
2016,RIO DE JANEIRO,33070199,CE JOAO MARQUES DOS REIS,2,198.0,2016,Rio de Janeiro,33070199,CE JOAO MARQUES DOS REIS,Estadual,51.1,22.5,26.4
2016,RIO DE JANEIRO,33070164,CE CONDE DE AGROLONGO,2,150.0,2016,Rio de Janeiro,33070164,CE CONDE DE AGROLONGO,Estadual,55.8,29.5,14.7
2016,RIO DE JANEIRO,33070156,CE CHILE,2,407.0,2016,Rio de Janeiro,33070156,CE CHILE,Estadual,54.6,22.2,23.2
2016,RIO DE JANEIRO,33070148,CE BRANT HORTA,2,286.0,2016,Rio de Janeiro,33070148,CE BRANT HORTA,Estadual,46.3,34.6,19.1
2016,RIO DE JANEIRO,33069964,CE REPUBLICA DE GUINE BISSAU,2,294.0,2016,Rio de Janeiro,33069964,CE REPUBLICA DE GUINE BISSAU,Estadual,62.4,14.9,22.7
2016,RIO DE JANEIRO,33069956,CE REPUBLICA DE ANGOLA,2,202.0,2016,Rio de Janeiro,33069956,CE REPUBLICA DE ANGOLA,Estadual,78.4,13.9,7.7
2016,RIO DE JANEIRO,33069948,CE JOSE MARTI,2,519.0,2016,Rio de Janeiro,33069948,CE JOSE MARTI,Estadual,62.1,13.8,24.1
2016,RIO DE JANEIRO,33069930,CE HEITOR LIRA,2,750.0,2016,Rio de Janeiro,33069930,CE HEITOR LIRA,Estadual,76.4,16.5,7.1
2016,RIO DE JANEIRO,33069921,CE GOMES FREIRE DE ANDRADE,2,1519.0,2016,Rio de Janeiro,33069921,CE GOMES FREIRE DE ANDRADE,Estadual,66.6,18.8,14.6
2016,RIO DE JANEIRO,33069034,CE TENENTE GENERAL NAPION,2,325.0,2016,Rio de Janeiro,33069034,CE TENENTE GENERAL NAPION,Estadual,49.5,18.3,32.2
2016,RIO DE JANEIRO,33069026,CE RUY BARBOSA,2,377.0,2016,Rio de Janeiro,33069026,CE RUY BARBOSA,Estadual,61.1,25.3,13.6
2016,RIO DE JANEIRO,33068852,CE PROFESSOR CLOVIS MONTEIRO,2,1186.0,2016,Rio de Janeiro,33068852,CE PROFESSOR CLOVIS MONTEIRO,Estadual,52.8,35.9,11.3
2016,RIO DE JANEIRO,33068844,CE BAHIA,2,524.0,2016,Rio de Janeiro,33068844,CE BAHIA,Estadual,59.1,17.1,23.8
2016,RIO DE JANEIRO,33073368,CE PASTOR MIRANDA PINTO,2,131.0,2016,Rio de Janeiro,33073368,CE PASTOR MIRANDA PINTO,Estadual,59.2,26.9,13.9
2016,RIO DE JANEIRO,33072370,CE VIRGILIO DE MELO FRANCO,2,217.0,2016,Rio de Janeiro,33072370,CE VIRGILIO DE MELO FRANCO,Estadual,75.7,12.4,11.9
2016,RIO DE JANEIRO,33072337,CE SARMIENTO,2,65.0,2016,Rio de Janeiro,33072337,CE SARMIENTO,Estadual,46.2,23.1,30.7
2016,RIO DE JANEIRO,33072280,CE PERNAMBUCO,2,146.0,2016,Rio de Janeiro,33072280,CE PERNAMBUCO,Estadual,55.5,36.3,8.2
2016,RIO DE JANEIRO,33072248,CE HISPANO BRASILEIRO JOAO CABRAL DE MELO NETO,2,219.0,2016,Rio de Janeiro,33072248,CE HISPANO BRASILEIRO JOAO CABRAL DE MELO NETO,Estadual,94.0,6.0,0.0
2016,RIO DE JANEIRO,33072205,CE LAURO SODRE,2,55.0,2016,Rio de Janeiro,33072205,CE LAURO SODRE,Estadual,39.6,17.0,43.4
2016,RIO DE JANEIRO,33072183,CE JOSE EDUARDO DE MACEDO SOARES,2,210.0,2016,Rio de Janeiro,33072183,CE JOSE EDUARDO DE MACEDO SOARES,Estadual,64.2,11.6,24.2
2016,RIO DE JANEIRO,33072094,CE JOAO KOPKE,2,73.0,2016,Rio de Janeiro,33072094,CE JOAO KOPKE,Estadual,44.4,19.4,36.2
2016,RIO DE JANEIRO,33072078,CE BARAO DE MACAUBAS,2,412.0,2016,Rio de Janeiro,33072078,CE BARAO DE MACAUBAS,Estadual,49.3,45.7,5.0
2016,RIO DE JANEIRO,33071969,CE VISCONDE DE CAIRU,2,2066.0,2016,Rio de Janeiro,33071969,CE VISCONDE DE CAIRU,Estadual,48.2,51.8,0.0
2016,RIO DE JANEIRO,33071594,CE OLINTO DA GAMA BOTELHO,2,670.0,2016,Rio de Janeiro,33071594,CE OLINTO DA GAMA BOTELHO,Estadual,72.6,24.1,3.3
2016,RIO DE JANEIRO,33071586,CE MARANHAO,2,263.0,2016,Rio de Janeiro,33071586,CE MARANHAO,Estadual,62.5,12.5,25.0
2016,RIO DE JANEIRO,33071578,CE FRANCISCO JOBIM,2,128.0,2016,Rio de Janeiro,33071578,CE FRANCISCO JOBIM,Estadual,46.4,34.4,19.2
2016,RIO DE JANEIRO,33071560,CE DELFIM MOREIRA,2,295.0,2016,Rio de Janeiro,33071560,CE DELFIM MOREIRA,Estadual,54.6,23.0,22.4
2016,RIO DE JANEIRO,33071551,CE CENTRAL DO BRASIL,2,1342.0,2016,Rio de Janeiro,33071551,CE CENTRAL DO BRASIL,Estadual,74.1,25.5,0.4
2016,RIO DE JANEIRO,33071543,CE BOLIVAR,2,126.0,2016,Rio de Janeiro,33071543,CE BOLIVAR,Estadual,53.1,17.2,29.7
2016,RIO DE JANEIRO,33075220,CE PROFESSOR SOUSA DA SILVEIRA,2,244.0,2016,Rio de Janeiro,33075220,CE PROFESSOR SOUSA DA SILVEIRA,Estadual,65.4,10.7,23.9
2016,RIO DE JANEIRO,33075212,CE PROFESSOR JOSE ACCIOLI,2,473.0,2016,Rio de Janeiro,33075212,CE PROFESSOR JOSE ACCIOLI,Estadual,85.1,11.5,3.4
2016,RIO DE JANEIRO,33075204,CE MARQUES REBELO,2,202.0,2016,Rio de Janeiro,33075204,CE MARQUES REBELO,Estadual,49.5,19.8,30.7
2016,RIO DE JANEIRO,33075190,CE LUIS DE CAMOES,2,175.0,2016,Rio de Janeiro,33075190,CE LUIS DE CAMOES,Estadual,64.4,22.6,13.0
2016,RIO DE JANEIRO,33075182,CE CIDADE DE LISBOA,2,203.0,2016,Rio de Janeiro,33075182,CE CIDADE DE LISBOA,Estadual,52.0,13.9,34.1
2016,RIO DE JANEIRO,33075174,CE CHARLES CHAPLIN,2,154.0,2016,Rio de Janeiro,33075174,CE CHARLES CHAPLIN,Estadual,77.3,8.4,14.3
2016,RIO DE JANEIRO,33075166,IE CARMELA DUTRA,2,1050.0,2016,Rio de Janeiro,33075166,IE CARMELA DUTRA,Estadual,81.5,13.6,4.9
2016,RIO DE JANEIRO,33074798,CE AMAPA,2,96.0,2016,Rio de Janeiro,33074798,CE AMAPA,Estadual,67.4,29.3,3.3
2016,RIO DE JANEIRO,33074267,CE RODRIGO OTAVIO FILHO,2,281.0,2016,Rio de Janeiro,33074267,CE RODRIGO OTAVIO FILHO,Estadual,59.2,12.9,27.9
2016,RIO DE JANEIRO,33074232,CE OLIMPIA DO COUTO,2,255.0,2016,Rio de Janeiro,33074232,CE OLIMPIA DO COUTO,Estadual,67.1,25.5,7.4
2016,RIO DE JANEIRO,33074160,CE ADLAI STEVENSON,2,231.0,2016,Rio de Janeiro,33074160,CE ADLAI STEVENSON,Estadual,57.6,39.3,3.1
2016,RIO DE JANEIRO,33074151,CE MATO GROSSO,2,218.0,2016,Rio de Janeiro,33074151,CE MATO GROSSO,Estadual,68.4,26.9,4.7
2016,RIO DE JANEIRO,33074054,CE NUN ALVARES PEREIRA,2,165.0,2016,Rio de Janeiro,33074054,CE NUN ALVARES PEREIRA,Estadual,67.5,12.9,19.6
2016,RIO DE JANEIRO,33074046,CE JOSUE DE CASTRO,2,225.0,2016,Rio de Janeiro,33074046,CE JOSUE DE CASTRO,Estadual,58.7,28.7,12.6
2016,RIO DE JANEIRO,33074038,CE ITALIA,2,409.0,2016,Rio de Janeiro,33074038,CE ITALIA,Estadual,52.9,16.4,30.7
2016,RIO DE JANEIRO,33077134,CE ENGENHEIRO BERNARDO SAYAO,2,286.0,2016,Rio de Janeiro,33077134,CE ENGENHEIRO BERNARDO SAYAO,Estadual,60.3,33.3,6.4
2016,RIO DE JANEIRO,33077126,CE EDUARDO MONDLANE,2,456.0,2016,Rio de Janeiro,33077126,CE EDUARDO MONDLANE,Estadual,65.5,14.8,19.7
2016,RIO DE JANEIRO,33077118,CE CARLOS LACERDA,2,413.0,2016,Rio de Janeiro,33077118,CE CARLOS LACERDA,Estadual,60.5,20.1,19.4
2016,RIO DE JANEIRO,33077100,CE BRIGADEIRO SCHORCHT,2,1181.0,2016,Rio de Janeiro,33077100,CE BRIGADEIRO SCHORCHT,Estadual,81.3,14.1,4.6
2016,RIO DE JANEIRO,33077096,CE ALBERTO PASQUALINI,2,48.0,2016,Rio de Janeiro,33077096,CE ALBERTO PASQUALINI,Estadual,69.2,15.4,15.4
2016,RIO DE JANEIRO,33077088,CE ADALGISA MONTEIRO,2,473.0,2016,Rio de Janeiro,33077088,CE ADALGISA MONTEIRO,Estadual,69.5,18.6,11.9
2016,RIO DE JANEIRO,33075891,CE WALDEMIRO POTSCH,2,175.0,2016,Rio de Janeiro,33075891,CE WALDEMIRO POTSCH,Estadual,57.6,25.6,16.8
2016,RIO DE JANEIRO,33075883,CE VIRIATO CORREA,2,129.0,2016,Rio de Janeiro,33075883,CE VIRIATO CORREA,Estadual,52.7,47.3,0.0
2016,RIO DE JANEIRO,33075867,CE SANTOS DUMONT,2,295.0,2016,Rio de Janeiro,33075867,CE SANTOS DUMONT,Estadual,58.1,33.5,8.4
2016,RIO DE JANEIRO,33075832,CE PARANA,2,165.0,2016,Rio de Janeiro,33075832,CE PARANA,Estadual,61.1,21.0,17.9
2016,RIO DE JANEIRO,33075816,CE OLEGARIO MARIANO,2,250.0,2016,Rio de Janeiro,33075816,CE OLEGARIO MARIANO,Estadual,74.7,22.8,2.5
2016,RIO DE JANEIRO,33075760,CE FRANCISCO PALHETA,2,131.0,2016,Rio de Janeiro,33075760,CE FRANCISCO PALHETA,Estadual,75.6,10.2,14.2
2016,RIO DE JANEIRO,33075719,CE CONDE AFONSO CELSO,2,333.0,2016,Rio de Janeiro,33075719,CE CONDE AFONSO CELSO,Estadual,58.0,29.3,12.7
2016,RIO DE JANEIRO,33075689,CE CARDEAL ARCOVERDE,2,209.0,2016,Rio de Janeiro,33075689,CE CARDEAL ARCOVERDE,Estadual,57.3,21.1,21.6
2016,RIO DE JANEIRO,33079374,CE LEOPOLDINA DA SILVEIRA,2,1485.0,2016,Rio de Janeiro,33079374,CE LEOPOLDINA DA SILVEIRA,Estadual,70.9,28.4,0.7
2016,RIO DE JANEIRO,33079366,CE JORGE ZARUR,2,209.0,2016,Rio de Janeiro,33079366,CE JORGE ZARUR,Estadual,65.7,24.3,10.0
2016,RIO DE JANEIRO,33079358,CE COLLECCHIO,2,1285.0,2016,Rio de Janeiro,33079358,CE COLLECCHIO,Estadual,65.5,29.2,5.3
2016,RIO DE JANEIRO,33079340,CE BANGU,2,1590.0,2016,Rio de Janeiro,33079340,CE BANGU,Estadual,60.3,19.0,20.7
2016,RIO DE JANEIRO,33079331,CE AGOSTINHO NETO,2,183.0,2016,Rio de Janeiro,33079331,CE AGOSTINHO NETO,Estadual,75.8,12.9,11.3
2016,RIO DE JANEIRO,33079323,CE STUART EDGAR ANGEL JONES,2,856.0,2016,Rio de Janeiro,33079323,CE STUART EDGAR ANGEL JONES,Estadual,62.2,17.5,20.3
2016,RIO DE JANEIRO,33077576,CE VICTOR HUGO,2,208.0,2016,Rio de Janeiro,33077576,CE VICTOR HUGO,Estadual,61.4,17.9,20.7
2016,RIO DE JANEIRO,33077568,CE ROSA DO POVO,2,396.0,2016,Rio de Janeiro,33077568,CE ROSA DO POVO,Estadual,68.2,29.5,2.3
2016,RIO DE JANEIRO,33077525,CE MARECHAL CANROBERT PEREIRA DA COSTA,2,90.0,2016,Rio de Janeiro,33077525,CE MARECHAL CANROBERT PEREIRA DA COSTA,Estadual,65.9,28.4,5.7
2016,RIO DE JANEIRO,33077452,CE EMBAIXADOR DIAS CARNEIRO,2,246.0,2016,Rio de Janeiro,33077452,CE EMBAIXADOR DIAS CARNEIRO,Estadual,93.5,4.8,1.7
2016,RIO DE JANEIRO,33077371,CE ALINA DE BRITO,2,489.0,2016,Rio de Janeiro,33077371,CE ALINA DE BRITO,Estadual,56.3,15.0,28.7
2016,RIO DE JANEIRO,33077185,CE SENADOR TEOTONIO VILELA,2,328.0,2016,Rio de Janeiro,33077185,CE SENADOR TEOTONIO VILELA,Estadual,54.9,16.6,28.5
2016,RIO DE JANEIRO,33077177,CE PRESIDENTE JOAO GOULART,2,239.0,2016,Rio de Janeiro,33077177,CE PRESIDENTE JOAO GOULART,Estadual,50.5,49.5,0.0
2016,RIO DE JANEIRO,33077169,CE EUNICE WEAVER,2,355.0,2016,Rio de Janeiro,33077169,CE EUNICE WEAVER,Estadual,75.4,10.0,14.6
2016,RIO DE JANEIRO,33077150,CE CARDEAL DOM EUGENIO DE ARAUJO SALES,2,353.0,2016,Rio de Janeiro,33077150,CE CARDEAL DOM EUGENIO DE ARAUJO SALES,Estadual,43.9,18.2,37.9
2016,RIO DE JANEIRO,33077142,CE MAHATMA GANDHI,2,228.0,2016,Rio de Janeiro,33077142,CE MAHATMA GANDHI,Estadual,57.8,9.4,32.8
2016,RIO DE JANEIRO,33082030,CE FREIRE ALLEMAO,2,135.0,2016,Rio de Janeiro,33082030,CE FREIRE ALLEMAO,Estadual,56.2,16.8,27.0
2016,RIO DE JANEIRO,33082022,CE FRANCISCO CALDEIRA DE ALVARENGA,2,330.0,2016,Rio de Janeiro,33082022,CE FRANCISCO CALDEIRA DE ALVARENGA,Estadual,72.0,24.7,3.3
2016,RIO DE JANEIRO,33081743,CIE MIECIMO DA SILVA,2,515.0,2016,Rio de Janeiro,33081743,CIE MIECIMO DA SILVA,Estadual,95.1,4.9,0.0
2016,RIO DE JANEIRO,33079943,CE JOAO SALIM MIGUEL,2,562.0,2016,Rio de Janeiro,33079943,CE JOAO SALIM MIGUEL,Estadual,74.5,11.6,13.9
2016,RIO DE JANEIRO,33079900,CE RAMIZ GALVAO,2,179.0,2016,Rio de Janeiro,33079900,CE RAMIZ GALVAO,Estadual,64.8,30.2,5.0
2016,RIO DE JANEIRO,33079846,CE NACOES UNIDAS,2,228.0,2016,Rio de Janeiro,33079846,CE NACOES UNIDAS,Estadual,54.2,27.3,18.5
2016,RIO DE JANEIRO,33079820,CE MOACYR PADILHA,2,216.0,2016,Rio de Janeiro,33079820,CE MOACYR PADILHA,Estadual,77.0,5.5,17.5
2016,RIO DE JANEIRO,33079811,CE MILTON CAMPOS,2,137.0,2016,Rio de Janeiro,33079811,CE MILTON CAMPOS,Estadual,56.8,19.7,23.5
2016,RIO DE JANEIRO,33079803,CE MARIETA CUNHA DA SILVA,2,493.0,2016,Rio de Janeiro,33079803,CE MARIETA CUNHA DA SILVA,Estadual,56.1,42.8,1.1
2016,RIO DE JANEIRO,33079790,CE MARECHAL ALCIDES ETCHEGOYEN,2,139.0,2016,Rio de Janeiro,33079790,CE MARECHAL ALCIDES ETCHEGOYEN,Estadual,63.8,27.0,9.2
2016,RIO DE JANEIRO,33079757,CE JACQUES RAIMUNDO,2,152.0,2016,Rio de Janeiro,33079757,CE JACQUES RAIMUNDO,Estadual,49.3,34.7,16.0
2016,RIO DE JANEIRO,33079714,CE ENGENHEIRO JOAO THOME,2,243.0,2016,Rio de Janeiro,33079714,CE ENGENHEIRO JOAO THOME,Estadual,73.0,11.1,15.9
2016,RIO DE JANEIRO,33079706,CE DALVA DE OLIVEIRA,2,206.0,2016,Rio de Janeiro,33079706,CE DALVA DE OLIVEIRA,Estadual,63.8,10.6,25.6
2016,RIO DE JANEIRO,33079404,CE REPUBLICA DE MOCAMBIQUE,2,96.0,2016,Rio de Janeiro,33079404,CE REPUBLICA DE MOCAMBIQUE,Estadual,72.6,25.3,2.1
2016,RIO DE JANEIRO,33079390,CE PROFESSOR DALTRO SANTOS,2,838.0,2016,Rio de Janeiro,33079390,CE PROFESSOR DALTRO SANTOS,Estadual,78.3,12.6,9.1
2016,RIO DE JANEIRO,33079382,CE NICARAGUA,2,482.0,2016,Rio de Janeiro,33079382,CE NICARAGUA,Estadual,64.6,33.4,2.0
2016,RIO DE JANEIRO,33084459,CE PESTALOZZI,2,569.0,2016,Rio de Janeiro,33084459,CE PESTALOZZI,Estadual,58.7,34.4,6.9
2016,RIO DE JANEIRO,33084238,CE BARAO DO RIO BRANCO,2,1798.0,2016,Rio de Janeiro,33084238,CE BARAO DO RIO BRANCO,Estadual,71.3,16.4,12.3
2016,RIO DE JANEIRO,33083592,IE SARAH KUBITSCHEK,2,2019.0,2016,Rio de Janeiro,33083592,IE SARAH KUBITSCHEK,Estadual,85.1,14.0,0.9
2016,RIO DE JANEIRO,33082430,CE PROFESSOR VIEIRA FAZENDA,2,173.0,2016,Rio de Janeiro,33082430,CE PROFESSOR VIEIRA FAZENDA,Estadual,63.3,18.3,18.4
2016,RIO DE JANEIRO,33082375,CE RAINHA VITORIA,2,208.0,2016,Rio de Janeiro,33082375,CE RAINHA VITORIA,Estadual,46.6,42.0,11.4
2016,RIO DE JANEIRO,33082359,CE PROFESSOR JUREMA PECANHA GIRAUD,2,188.0,2016,Rio de Janeiro,33082359,CE PROFESSOR JUREMA PECANHA GIRAUD,Estadual,49.2,32.6,18.2
2016,RIO DE JANEIRO,33082332,CE PRESIDENTE ANTONIO CARLOS,2,245.0,2016,Rio de Janeiro,33082332,CE PRESIDENTE ANTONIO CARLOS,Estadual,42.2,36.3,21.5
2016,RIO DE JANEIRO,33082316,CE JOAO PROENCA,2,416.0,2016,Rio de Janeiro,33082316,CE JOAO PROENCA,Estadual,54.0,19.4,26.6
2016,RIO DE JANEIRO,33082286,CE GEORGE WASHINGTON,2,187.0,2016,Rio de Janeiro,33082286,CE GEORGE WASHINGTON,Estadual,66.8,5.9,27.3
2016,RIO DE JANEIRO,33082235,CE AMAZONAS,2,627.0,2016,Rio de Janeiro,33082235,CE AMAZONAS,Estadual,66.6,30.7,2.7
2016,RIO DE JANEIRO,33082227,CE ALMIRANTE FRONTIN,2,124.0,2016,Rio de Janeiro,33082227,CE ALMIRANTE FRONTIN,Estadual,61.7,13.3,25.0
2016,RIO DE JANEIRO,33082146,CE DOUTOR ALBERT SABIN,2,1815.0,2016,Rio de Janeiro,33082146,CE DOUTOR ALBERT SABIN,Estadual,78.5,16.4,5.1
2016,RIO DE JANEIRO,33082073,CE PROFESSOR IVAN VILLON,2,153.0,2016,Rio de Janeiro,33082073,CE PROFESSOR IVAN VILLON,Estadual,58.6,25.5,15.9
2016,RIO DE JANEIRO,33082065,CE PROFESSOR FELIPE DOS SANTOS REIS,2,201.0,2016,Rio de Janeiro,33082065,CE PROFESSOR FELIPE DOS SANTOS REIS,Estadual,48.8,26.4,24.8
2016,RIO DE JANEIRO,33082057,CE PROFESSOR DINAMERICO PEREIRA POMBO,2,43.0,2016,Rio de Janeiro,33082057,CE PROFESSOR DINAMERICO PEREIRA POMBO,Estadual,68.3,4.9,26.8
2016,RIO DE JANEIRO,33082049,CE PROFESSOR FERNANDO ANTONIO RAJA GABAGLIA,2,1339.0,2016,Rio de Janeiro,33082049,CE PROFESSOR FERNANDO ANTONIO RAJA GABAGLIA,Estadual,81.3,12.3,6.4
2016,RIO DE JANEIRO,33086796,CE PARAIBA,2,118.0,2016,Rio de Janeiro,33086796,CE PARAIBA,Estadual,38.6,46.5,14.9
2016,RIO DE JANEIRO,33086737,CE COELHO NETO,2,169.0,2016,Rio de Janeiro,33086737,CE COELHO NETO,Estadual,50.6,22.6,26.8
2016,RIO DE JANEIRO,33086729,CE BELGICA,2,330.0,2016,Rio de Janeiro,33086729,CE BELGICA,Estadual,54.7,27.0,18.3
2016,RIO DE JANEIRO,33086613,CE REPUBLICA DE CABO VERDE,2,290.0,2016,Rio de Janeiro,33086613,CE REPUBLICA DE CABO VERDE,Estadual,73.2,17.8,9.0
2016,RIO DE JANEIRO,33086605,CE PROFESSOR MANOEL MAURICIO DE ALBUQUERQUE,2,810.0,2016,Rio de Janeiro,33086605,CE PROFESSOR MANOEL MAURICIO DE ALBUQUERQUE,Estadual,55.0,31.4,13.6
2016,RIO DE JANEIRO,33086591,CE PROFESSOR JOEL DE OLIVEIRA,2,467.0,2016,Rio de Janeiro,33086591,CE PROFESSOR JOEL DE OLIVEIRA,Estadual,73.7,13.9,12.4
2016,RIO DE JANEIRO,33086583,CE MARECHAL JOAO BAPTISTA DE MATTOS,2,2039.0,2016,Rio de Janeiro,33086583,CE MARECHAL JOAO BAPTISTA DE MATTOS,Estadual,45.1,30.7,24.2
2016,RIO DE JANEIRO,33086575,CE GUADALUPE,2,80.0,2016,Rio de Janeiro,33086575,CE GUADALUPE,Estadual,45.1,19.5,35.4
2016,RIO DE JANEIRO,33086567,CE GRACILIANO RAMOS,2,131.0,2016,Rio de Janeiro,33086567,CE GRACILIANO RAMOS,Estadual,46.6,53.4,0.0
2016,RIO DE JANEIRO,33086540,CE ACARI,2,159.0,2016,Rio de Janeiro,33086540,CE ACARI,Estadual,46.8,46.8,6.4
2016,RIO DE JANEIRO,33086427,CE AUGUSTO RUSCHI,2,89.0,2016,Rio de Janeiro,33086427,CE AUGUSTO RUSCHI,Estadual,82.1,7.1,10.8
2016,RIO DE JANEIRO,33085838,CE ROTARY,2,128.0,2016,Rio de Janeiro,33085838,CE ROTARY,Estadual,56.2,22.3,21.5
2016,RIO DE JANEIRO,33085765,CE DUNSHEE DE ABRANCHES,2,242.0,2016,Rio de Janeiro,33085765,CE DUNSHEE DE ABRANCHES,Estadual,70.7,17.8,11.5
2016,RIO DE JANEIRO,33085498,CE PREFEITO MENDES DE MORAES,2,2149.0,2016,Rio de Janeiro,33085498,CE PREFEITO MENDES DE MORAES,Estadual,69.5,28.9,1.6
2016,RIO DE JANEIRO,33085480,CE LEONEL AZEVEDO,2,220.0,2016,Rio de Janeiro,33085480,CE LEONEL AZEVEDO,Estadual,41.0,51.2,7.8
2016,RIO DE JANEIRO,33085463,CE ANITA GARIBALDI,2,258.0,2016,Rio de Janeiro,33085463,CE ANITA GARIBALDI,Estadual,65.3,16.4,18.3
2016,RIO DE JANEIRO,33105219,CIEP 379 RAUL SEIXAS,2,188.0,2016,Rio de Janeiro,33105219,CIEP 379 RAUL SEIXAS,Estadual,72.4,7.9,19.7
2016,RIO DE JANEIRO,33105103,CIEP 303 AYRTON SENNA DA SILVA,2,963.0,2016,Rio de Janeiro,33105103,CIEP 303 AYRTON SENNA DA SILVA,Estadual,67.2,24.1,8.7
2016,RIO DE JANEIRO,33105065,CAIC EUCLIDES DA CUNHA,2,2047.0,2016,Rio de Janeiro,33105065,CAIC EUCLIDES DA CUNHA,Estadual,63.1,23.9,13.0
2016,RIO DE JANEIRO,33104638,CIEP 195 ANIBAL MACHADO,2,84.0,2016,Rio de Janeiro,33104638,CIEP 195 ANIBAL MACHADO,Estadual,60.0,22.5,17.5
2016,RIO DE JANEIRO,33102210,CIEP 241 NACAO MANGUEIRENSE GOVERNADOR LEONEL DE MOURA BRIZOLA,2,1001.0,2016,Rio de Janeiro,33102210,CIEP 241 NACAO MANGUEIRENSE GOVERNADOR LEONEL DE MOURA BRIZOLA,Estadual,57.1,35.5,7.4
2016,RIO DE JANEIRO,33100659,CAIC NACOES UNIDAS,2,617.0,2016,Rio de Janeiro,33100659,CAIC NACOES UNIDAS,Estadual,52.4,25.5,22.1
2016,RIO DE JANEIRO,33097283,CIEP 321 DOUTOR ULISSES GUIMARAES,2,2303.0,2016,Rio de Janeiro,33097283,CIEP 321 DOUTOR ULISSES GUIMARAES,Estadual,72.2,25.8,2.0
2016,RIO DE JANEIRO,33097038,CIEP 326 PROFESSOR CESAR PERNETTA,2,699.0,2016,Rio de Janeiro,33097038,CIEP 326 PROFESSOR CESAR PERNETTA,Estadual,64.4,26.3,9.3
2016,RIO DE JANEIRO,33096759,CIEP 173 RAINHA NZINGA ANGOLA,2,588.0,2016,Rio de Janeiro,33096759,CIEP 173 RAINHA NZINGA ANGOLA,Estadual,44.8,43.3,11.9
2016,RIO DE JANEIRO,33095078,CE BERNARDO DE VASCONCELOS,2,265.0,2016,Rio de Janeiro,33095078,CE BERNARDO DE VASCONCELOS,Estadual,57.0,13.6,29.4
2016,RIO DE JANEIRO,33088179,CE MAX FLEIUSS,2,167.0,2016,Rio de Janeiro,33088179,CE MAX FLEIUSS,Estadual,77.3,16.5,6.2
2016,RIO DE JANEIRO,33088152,CE JORNALISTA RODOLFO FERNANDES,2,768.0,2016,Rio de Janeiro,33088152,CE JORNALISTA RODOLFO FERNANDES,Estadual,59.7,15.5,24.8
2016,RIO DE JANEIRO,33087750,CE ALMIRANTE TAMANDARE,2,193.0,2016,Rio de Janeiro,33087750,CE ALMIRANTE TAMANDARE,Estadual,44.4,34.4,21.2
2016,RIO DE JANEIRO,33087733,CE GOLDA MEIR,2,141.0,2016,Rio de Janeiro,33087733,CE GOLDA MEIR,Estadual,58.2,19.1,22.7
2016,RIO DE JANEIRO,33087725,CE GILSON AMADO,2,562.0,2016,Rio de Janeiro,33087725,CE GILSON AMADO,Estadual,60.3,27.4,12.3
2016,RIO DE JANEIRO,33087644,CE VICENTE JANNUZZI,2,2376.0,2016,Rio de Janeiro,33087644,CE VICENTE JANNUZZI,Estadual,70.4,19.0,10.6
2016,RIO DE JANEIRO,33106720,CIEP 313 RUBEM BRAGA,2,678.0,2016,Rio de Janeiro,33106720,CIEP 313 RUBEM BRAGA,Estadual,62.9,23.2,13.9
2016,RIO DE JANEIRO,33106711,CIEP 362 ROBERTO BURLE MARX,2,842.0,2016,Rio de Janeiro,33106711,CIEP 362 ROBERTO BURLE MARX,Estadual,54.3,26.1,19.6
2016,RIO DE JANEIRO,33106703,CIEP 244 OSWALDO ARANHA,2,658.0,2016,Rio de Janeiro,33106703,CIEP 244 OSWALDO ARANHA,Estadual,49.6,33.7,16.7
2016,RIO DE JANEIRO,33106690,CIEP 225 MARIO QUINTANA,2,1195.0,2016,Rio de Janeiro,33106690,CIEP 225 MARIO QUINTANA,Estadual,72.4,15.4,12.2
2016,RIO DE JANEIRO,33106681,CIEP 305 HEITOR DOS PRAZERES,2,2149.0,2016,Rio de Janeiro,33106681,CIEP 305 HEITOR DOS PRAZERES,Estadual,63.5,16.8,19.7
2016,RIO DE JANEIRO,33106673,CIEP 392 MARIO DE ANDRADE,2,1526.0,2016,Rio de Janeiro,33106673,CIEP 392 MARIO DE ANDRADE,Estadual,74.0,25.8,0.2
2016,RIO DE JANEIRO,33106665,CIEP 432 ALBERTO CAVALCANTI,2,407.0,2016,Rio de Janeiro,33106665,CIEP 432 ALBERTO CAVALCANTI,Estadual,78.6,11.2,10.2
2016,RIO DE JANEIRO,33106657,CIEP 183 JOAO VITTA,2,744.0,2016,Rio de Janeiro,33106657,CIEP 183 JOAO VITTA,Estadual,62.5,14.6,22.9
2016,RIO DE JANEIRO,33106649,CIEP 312 RAUL RYFF,2,284.0,2016,Rio de Janeiro,33106649,CIEP 312 RAUL RYFF,Estadual,58.7,34.4,6.9
2016,RIO DE JANEIRO,33106630,CIEP 382 ASPIRANTE FRANCISCO MEGA,2,1055.0,2016,Rio de Janeiro,33106630,CIEP 382 ASPIRANTE FRANCISCO MEGA,Estadual,63.6,31.1,5.3
2016,RIO DE JANEIRO,33106614,CIEP 386 GUILHERME DA SILVEIRA FILHO,2,1438.0,2016,Rio de Janeiro,33106614,CIEP 386 GUILHERME DA SILVEIRA FILHO,Estadual,74.3,16.0,9.7
2016,RIO DE JANEIRO,33106606,CIEP 224 TARSO DE CASTRO,2,953.0,2016,Rio de Janeiro,33106606,CIEP 224 TARSO DE CASTRO,Estadual,66.8,10.7,22.5
2016,RIO DE JANEIRO,33106592,CIEP 435 HELIO PELLEGRINO,2,1190.0,2016,Rio de Janeiro,33106592,CIEP 435 HELIO PELLEGRINO,Estadual,72.5,14.7,12.8
2016,RIO DE JANEIRO,33106584,CIEP 336 OCTAVIO MALTA,2,1287.0,2016,Rio de Janeiro,33106584,CIEP 336 OCTAVIO MALTA,Estadual,57.1,37.0,5.9
2016,RIO DE JANEIRO,33106550,CIEP 223 OLYMPIO MARQUES DOS SANTOS,2,896.0,2016,Rio de Janeiro,33106550,CIEP 223 OLYMPIO MARQUES DOS SANTOS,Estadual,59.2,40.7,0.1
2016,RIO DE JANEIRO,33105294,CIEP 311 DEPUTADO BOCAYUVA CUNHA,2,1584.0,2016,Rio de Janeiro,33105294,CIEP 311 DEPUTADO BOCAYUVA CUNHA,Estadual,59.8,39.1,1.1
2016,RIO DE JANEIRO,33125317,CE PROFESSORA LUIZA MARINHO,2,1267.0,2016,Rio de Janeiro,33125317,CE PROFESSORA LUIZA MARINHO,Estadual,69.9,22.7,7.4
2016,RIO DE JANEIRO,33125304,CE MISSIONARIO MARIO WAY,2,1402.0,2016,Rio de Janeiro,33125304,CE MISSIONARIO MARIO WAY,Estadual,67.9,27.2,4.9
2016,RIO DE JANEIRO,33124922,CE OLAVO JOSINO DE SALLES,2,287.0,2016,Rio de Janeiro,33124922,CE OLAVO JOSINO DE SALLES,Estadual,69.4,9.6,21.0
2016,RIO DE JANEIRO,33120692,CAIC THEOPHILO DE SOUZA PINTO,2,493.0,2016,Rio de Janeiro,33120692,CAIC THEOPHILO DE SOUZA PINTO,Estadual,55.0,27.9,17.1
2016,RIO DE JANEIRO,33117977,ESCOLA TECNICA ESTADUAL SANTA CRUZ,2,1182.0,2016,Rio de Janeiro,33117977,ESCOLA TECNICA ESTADUAL SANTA CRUZ,Estadual,0.0,0.0,100.0
2016,RIO DE JANEIRO,33117969,ESCOLA TECNICA ESTADUAL ADOLPHO BLOCH,2,868.0,2016,Rio de Janeiro,33117969,ESCOLA TECNICA ESTADUAL ADOLPHO BLOCH,Estadual,0.0,0.0,100.0
2016,RIO DE JANEIRO,33117950,CE PROFESSOR AUGUSTO MOTTA,2,260.0,2016,Rio de Janeiro,33117950,CE PROFESSOR AUGUSTO MOTTA,Estadual,49.8,9.7,40.5
2016,RIO DE JANEIRO,33111707,CE CANDEIA,2,18.0,2016,Rio de Janeiro,33111707,CE CANDEIA,Estadual,100.0,0.0,0.0
2016,RIO DE JANEIRO,33111626,CE LUIZA MAHIN,2,4.0,2016,Rio de Janeiro,33111626,CE LUIZA MAHIN,Estadual,66.7,0.0,33.3
2016,RIO DE JANEIRO,33110654,CIEP 092 FREDERICO FELLINI,2,693.0,2016,Rio de Janeiro,33110654,CIEP 092 FREDERICO FELLINI,Estadual,60.3,29.4,10.3
2016,RIO DE JANEIRO,33110646,CIEP 323 MARIA WERNECK DE CASTRO,2,820.0,2016,Rio de Janeiro,33110646,CIEP 323 MARIA WERNECK DE CASTRO,Estadual,66.7,8.1,25.2
2016,RIO DE JANEIRO,33110638,CIEP 205 FREI AGOSTINHO FINCIAS,2,416.0,2016,Rio de Janeiro,33110638,CIEP 205 FREI AGOSTINHO FINCIAS,Estadual,51.5,26.4,22.1
2016,RIO DE JANEIRO,33110476,CIEP 418 ANTONIO CARLOS BERNARDES -MUSSUM,2,145.0,2016,Rio de Janeiro,33110476,CIEP 418 ANTONIO CARLOS BERNARDES -MUSSUM,Estadual,70.1,15.0,14.9
2016,RIO DE JANEIRO,33106746,CIEP 165 BRIGADEIRO SERGIO CARVALHO,2,1141.0,2016,Rio de Janeiro,33106746,CIEP 165 BRIGADEIRO SERGIO CARVALHO,Estadual,60.7,26.7,12.6
2016,RIO DE JANEIRO,33106738,CIEP 433 TOGO RENAN SOARES KANELA,2,1616.0,2016,Rio de Janeiro,33106738,CIEP 433 TOGO RENAN SOARES KANELA,Estadual,63.9,25.1,11.0
2016,RIO DE JANEIRO,33126941,CE CHIQUINHA GONZAGA,2,323.0,2016,Rio de Janeiro,33126941,CE CHIQUINHA GONZAGA,Estadual,59.9,37.3,2.8
2016,RIO DE JANEIRO,33126852,CE PROFESSORA MARIA NAZARETH CAVALCANTI SILVA,2,1409.0,2016,Rio de Janeiro,33126852,CE PROFESSORA MARIA NAZARETH CAVALCANTI SILVA,Estadual,68.3,17.4,14.3
2016,RIO DE JANEIRO,33126755,CE MONTEIRO DE CARVALHO,2,616.0,2016,Rio de Janeiro,33126755,CE MONTEIRO DE CARVALHO,Estadual,57.8,21.5,20.7
2016,RIO DE JANEIRO,33126747,CE MADRE TERESA DE CALCUTA,2,1320.0,2016,Rio de Janeiro,33126747,CE MADRE TERESA DE CALCUTA,Estadual,74.0,26.0,0.0
2016,RIO DE JANEIRO,33126267,CE PROFESSOR HORACIO MACEDO,2,220.0,2016,Rio de Janeiro,33126267,CE PROFESSOR HORACIO MACEDO,Estadual,81.1,16.6,2.3
2016,RIO DE JANEIRO,33126259,CE ROSA LUXEMBURGO,2,325.0,2016,Rio de Janeiro,33126259,CE ROSA LUXEMBURGO,Estadual,60.1,7.5,32.4
2016,RIO DE JANEIRO,33126232,CE COMPOSITOR LUIZ GONZAGA,2,297.0,2016,Rio de Janeiro,33126232,CE COMPOSITOR LUIZ GONZAGA,Estadual,54.9,19.0,26.1
2016,RIO DE JANEIRO,33126224,CE HERBERT DE SOUZA,2,992.0,2016,Rio de Janeiro,33126224,CE HERBERT DE SOUZA,Estadual,57.6,22.5,19.9
2016,RIO DE JANEIRO,33126216,CE PROFESSORA DIUMA MADEIRA SALLES DE SOUZA,2,713.0,2016,Rio de Janeiro,33126216,CE PROFESSORA DIUMA MADEIRA SALLES DE SOUZA,Estadual,52.7,43.1,4.2
2016,RIO DE JANEIRO,33126160,CE OLGA BENARIO PRESTES,2,2045.0,2016,Rio de Janeiro,33126160,CE OLGA BENARIO PRESTES,Estadual,77.4,14.7,7.9
2016,RIO DE JANEIRO,33126105,CE FINLANDIA,2,447.0,2016,Rio de Janeiro,33126105,CE FINLANDIA,Estadual,61.7,9.9,28.4
2016,RIO DE JANEIRO,33125805,CE PROFESSOR TEOFILO MOREIRA DA COSTA,2,308.0,2016,Rio de Janeiro,33125805,CE PROFESSOR TEOFILO MOREIRA DA COSTA,Estadual,88.4,7.2,4.4
2016,RIO DE JANEIRO,33125740,CE PAULO FREIRE,2,790.0,2016,Rio de Janeiro,33125740,CE PAULO FREIRE,Estadual,59.1,20.7,20.2
2016,RIO DE JANEIRO,33125627,CE MINISTRO MARCOS FREIRE,2,511.0,2016,Rio de Janeiro,33125627,CE MINISTRO MARCOS FREIRE,Estadual,67.6,21.8,10.6
2016,RIO DE JANEIRO,33125341,CE CORA CORALINA,2,317.0,2016,Rio de Janeiro,33125341,CE CORA CORALINA,Estadual,54.2,45.8,0.0
2016,RIO DE JANEIRO,33125333,CE IRINEU JOSE FERREIRA,2,1191.0,2016,Rio de Janeiro,33125333,CE IRINEU JOSE FERREIRA,Estadual,71.3,15.8,12.9
2016,RIO DE JANEIRO,33136670,CE GILDO CANDIDO DA SILVA,2,36.0,2016,Rio de Janeiro,33136670,CE GILDO CANDIDO DA SILVA,Estadual,100.0,0.0,0.0
2016,RIO DE JANEIRO,33136513,CE ROSARIA TROTTA,2,328.0,2016,Rio de Janeiro,33136513,CE ROSARIA TROTTA,Estadual,72.0,20.5,7.5
2016,RIO DE JANEIRO,33136505,CE PROFESSORA JEANNETTE DE SOUZA COELHO MANNARINO,2,2422.0,2016,Rio de Janeiro,33136505,CE PROFESSORA JEANNETTE DE SOUZA COELHO MANNARINO,Estadual,80.9,18.7,0.4
2016,RIO DE JANEIRO,33136483,CE GANDHI,2,259.0,2016,Rio de Janeiro,33136483,CE GANDHI,Estadual,60.8,38.5,0.7
2016,RIO DE JANEIRO,33136475,CE MONSENHOR MIGUEL DE SANTA MARIA MOCHON,2,246.0,2016,Rio de Janeiro,33136475,CE MONSENHOR MIGUEL DE SANTA MARIA MOCHON,Estadual,85.7,11.8,2.5
2016,RIO DE JANEIRO,33136459,CE PROFESSORA ALBA CANIZARES DO NASCIMENTO,2,282.0,2016,Rio de Janeiro,33136459,CE PROFESSORA ALBA CANIZARES DO NASCIMENTO,Estadual,58.6,12.6,28.8
2016,RIO DE JANEIRO,33136432,CE PROFESSORA VANIA DO AMARAL MATIAS EDDE,2,887.0,2016,Rio de Janeiro,33136432,CE PROFESSORA VANIA DO AMARAL MATIAS EDDE,Estadual,73.1,20.4,6.5
2016,RIO DE JANEIRO,33136424,CE PROFESSORA VILMA ATANAZIO,2,1193.0,2016,Rio de Janeiro,33136424,CE PROFESSORA VILMA ATANAZIO,Estadual,72.5,21.0,6.5
2016,RIO DE JANEIRO,33135193,CE PROFESSOR JOSE DE SOUZA MARQUES,2,896.0,2016,Rio de Janeiro,33135193,CE PROFESSOR JOSE DE SOUZA MARQUES,Estadual,72.4,14.4,13.2
2016,RIO DE JANEIRO,33134049,CE PROFESSORA MARIA TEREZINHA DE CARVALHO MACHADO,2,2384.0,2016,Rio de Janeiro,33134049,CE PROFESSORA MARIA TEREZINHA DE CARVALHO MACHADO,Estadual,67.5,31.4,1.1
2016,RIO DE JANEIRO,33132887,CE COMPOSITOR MANACEIA JOSE DE ANDRADE,2,988.0,2016,Rio de Janeiro,33132887,CE COMPOSITOR MANACEIA JOSE DE ANDRADE,Estadual,50.8,12.2,37.0
2016,RIO DE JANEIRO,33132879,CE DOM HELDER CAMARA,2,1249.0,2016,Rio de Janeiro,33132879,CE DOM HELDER CAMARA,Estadual,71.7,23.8,4.5
2016,RIO DE JANEIRO,33128618,CE CARLOS MAGNO NAZARETH CERQUEIRA,2,505.0,2016,Rio de Janeiro,33128618,CE CARLOS MAGNO NAZARETH CERQUEIRA,Estadual,64.6,31.7,3.7
2016,RIO DE JANEIRO,33128235,CIEP 339 MARIO TAMBORINDEGUY,2,1078.0,2016,Rio de Janeiro,33128235,CIEP 339 MARIO TAMBORINDEGUY,Estadual,74.2,15.0,10.8
2016,RIO DE JANEIRO,33127514,CE MARECHAL RONDON,2,281.0,2016,Rio de Janeiro,33127514,CE MARECHAL RONDON,Estadual,63.8,18.3,17.9
2016,RIO DE JANEIRO,33127395,CE MINISTRO OROZIMBO NONATO,2,193.0,2016,Rio de Janeiro,33127395,CE MINISTRO OROZIMBO NONATO,Estadual,32.1,59.6,8.3
2016,RIO DE JANEIRO,33508232,CE JORNALISTA ARTUR DA TAVOLA,2,351.0,2016,Rio de Janeiro,33508232,CE JORNALISTA ARTUR DA TAVOLA,Estadual,82.2,13.8,4.0
2016,RIO DE JANEIRO,33439222,CE COMPOSITOR LUIZ CARLOS DA VILA,2,711.0,2016,Rio de Janeiro,33439222,CE COMPOSITOR LUIZ CARLOS DA VILA,Estadual,58.7,22.5,18.8
2016,RIO DE JANEIRO,33271208,CE JOSE LEITE LOPES,2,375.0,2016,Rio de Janeiro,33271208,CE JOSE LEITE LOPES,Estadual,91.9,8.1,0.0
2016,RIO DE JANEIRO,33173010,CE JORNALISTA MAURICIO AZEDO,2,231.0,2016,Rio de Janeiro,33173010,CE JORNALISTA MAURICIO AZEDO,Estadual,92.8,7.2,0.0
2016,RIO DE JANEIRO,33170150,CE HEBE CAMARGO,2,392.0,2016,Rio de Janeiro,33170150,CE HEBE CAMARGO,Estadual,97.4,2.6,0.0
2016,RIO DE JANEIRO,33157065,CE ERICH WALTER HEINE,2,540.0,2016,Rio de Janeiro,33157065,CE ERICH WALTER HEINE,Estadual,98.0,2.0,0.0
2016,RIO DE JANEIRO,33149119,CE CARLOS ARNOLDO ABRUZZINI DA FONSECA,2,1341.0,2016,Rio de Janeiro,33149119,CE CARLOS ARNOLDO ABRUZZINI DA FONSECA,Estadual,60.6,32.8,6.6
2016,RIO DE JANEIRO,33146950,CE PROFESSORA MARIA DE LOURDES DE OLIVEIRA LAVOR - TIA LAVOR,2,1702.0,2016,Rio de Janeiro,33146950,CE PROFESSORA MARIA DE LOURDES DE OLIVEIRA LAVOR - TIA LAVOR,Estadual,55.6,25.2,19.2
2016,RIO DE JANEIRO,33140715,CE ANTONIO HOUAISS,2,1472.0,2016,Rio de Janeiro,33140715,CE ANTONIO HOUAISS,Estadual,51.1,44.0,4.9
2016,RIO DE JANEIRO,33140669,CE JORNALISTA TIM LOPES,2,1395.0,2016,Rio de Janeiro,33140669,CE JORNALISTA TIM LOPES,Estadual,71.6,16.3,12.1
2016,RIO DE JANEIRO,33140049,CE OSWALDO TEIXEIRA,2,68.0,2016,Rio de Janeiro,33140049,CE OSWALDO TEIXEIRA,Estadual,44.9,17.4,37.7
2016,RIO DE JANEIRO,33140030,CE CONDE PEREIRA CARNEIRO,2,266.0,2016,Rio de Janeiro,33140030,CE CONDE PEREIRA CARNEIRO,Estadual,62.9,15.7,21.4
2016,RIO DE JANEIRO,33139156,CE PROFESSORA SONIA REGINA SCUDESE DESSIMONI PINTO,2,832.0,2016,Rio de Janeiro,33139156,CE PROFESSORA SONIA REGINA SCUDESE DESSIMONI PINTO,Estadual,67.8,19.7,12.5
2016,RIO DE JANEIRO,33138648,CE STELLA MATUTINA,2,1212.0,2016,Rio de Janeiro,33138648,CE STELLA MATUTINA,Estadual,82.1,17.4,0.5
2016,RIO DE JANEIRO,33138354,CE PROFESSOR OZEAS GOMES LARANGEIRA,2,434.0,2016,Rio de Janeiro,33138354,CE PROFESSOR OZEAS GOMES LARANGEIRA,Estadual,75.0,14.2,10.8
2016,RIO DE JANEIRO,33136696,CE LIBERDADE,2,480.0,2016,Rio de Janeiro,33136696,CE LIBERDADE,Estadual,66.0,9.6,24.4
2016,SÃO GONÇALO,33089426,CE MONSENHOR BARENCO COELHO,2,293.0,2016,São Gonçalo,33089426,CE MONSENHOR BARENCO COELHO,Estadual,67.2,25.6,7.2
2016,SÃO GONÇALO,33089396,CE LAURO CORREA,2,271.0,2016,São Gonçalo,33089396,CE LAURO CORREA,Estadual,45.7,37.7,16.6
2016,SÃO GONÇALO,33089388,CE FREDERICO AZEVEDO,2,505.0,2016,São Gonçalo,33089388,CE FREDERICO AZEVEDO,Estadual,78.5,7.9,13.6
2016,SÃO GONÇALO,33089124,CE PADRE MANUEL DA NOBREGA,2,299.0,2016,São Gonçalo,33089124,CE PADRE MANUEL DA NOBREGA,Estadual,73.7,15.9,10.4
2016,SÃO GONÇALO,33089108,CE PANDIA CALOGERAS,2,1326.0,2016,São Gonçalo,33089108,CE PANDIA CALOGERAS,Estadual,60.9,14.9,24.2
2016,SÃO GONÇALO,33089094,CE NILO PECANHA,2,1035.0,2016,São Gonçalo,33089094,CE NILO PECANHA,Estadual,88.6,11.4,0.0
2016,SÃO GONÇALO,33089086,CE MINISTRO JOSE DE MOURA E SILVA,2,248.0,2016,São Gonçalo,33089086,CE MINISTRO JOSE DE MOURA E SILVA,Estadual,68.6,26.4,5.0
2016,SÃO GONÇALO,33089060,CE ISMAEL BRANCO,2,323.0,2016,São Gonçalo,33089060,CE ISMAEL BRANCO,Estadual,63.8,15.3,20.9
2016,SÃO GONÇALO,33089051,CE DOUTOR ADINO XAVIER,2,1402.0,2016,São Gonçalo,33089051,CE DOUTOR ADINO XAVIER,Estadual,76.4,14.9,8.7
2016,SÃO GONÇALO,33089043,CE ARMANDO GONCALVES,2,236.0,2016,São Gonçalo,33089043,CE ARMANDO GONCALVES,Estadual,66.4,18.7,14.9
2016,SÃO GONÇALO,33088950,CIEP 052 PROFESSORA ROMANDA GOUVEIA GONCALVES,2,70.0,2016,São Gonçalo,33088950,CIEP 052 PROFESSORA ROMANDA GOUVEIA GONCALVES,Estadual,66.2,14.1,19.7
2016,SÃO GONÇALO,33088926,CIEP 240 PROFESSOR HAROLDO TEIXEIRA VALLADAO,2,76.0,2016,São Gonçalo,33088926,CIEP 240 PROFESSOR HAROLDO TEIXEIRA VALLADAO,Estadual,91.5,8.5,0.0
2016,SÃO GONÇALO,33088900,CIEP 249 PASTOR WALDEMAR ZARRO,2,276.0,2016,São Gonçalo,33088900,CIEP 249 PASTOR WALDEMAR ZARRO,Estadual,57.8,40.3,1.9
2016,SÃO GONÇALO,33088896,CIEP 306 DEPUTADO DAVID QUINDERE,2,214.0,2016,São Gonçalo,33088896,CIEP 306 DEPUTADO DAVID QUINDERE,Estadual,77.8,17.9,4.3
2016,SÃO GONÇALO,33088870,CIEP 430 CARLOS MARIGHELLA,2,129.0,2016,São Gonçalo,33088870,CIEP 430 CARLOS MARIGHELLA,Estadual,70.9,23.6,5.5
2016,RIO DE JANEIRO,33558230,CE DEPUTADO PEDRO FERNANDES,2,1411.0,2016,Rio de Janeiro,33558230,CE DEPUTADO PEDRO FERNANDES,Estadual,66.0,25.2,8.8
2016,SÃO GONÇALO,33090459,CE PROFESSORA ODYSSEA SILVEIRA DE SIQUEIRA,2,150.0,2016,São Gonçalo,33090459,CE PROFESSORA ODYSSEA SILVEIRA DE SIQUEIRA,Estadual,79.2,20.8,0.0
2016,SÃO GONÇALO,33090440,CE PROFESSOR FRANCISCO DE PAULA ACHILLES,2,60.0,2016,São Gonçalo,33090440,CE PROFESSOR FRANCISCO DE PAULA ACHILLES,Estadual,88.9,9.5,1.6
2016,SÃO GONÇALO,33090432,CE PROFESSORA DALILA DE OLIVEIRA COSTA,2,301.0,2016,São Gonçalo,33090432,CE PROFESSORA DALILA DE OLIVEIRA COSTA,Estadual,73.5,25.4,1.1
2016,SÃO GONÇALO,33090424,CE PROFESSORA ADELIA MARTINS,2,247.0,2016,São Gonçalo,33090424,CE PROFESSORA ADELIA MARTINS,Estadual,82.3,16.7,1.0
2016,SÃO GONÇALO,33090378,CE ELIZA MARIA DUTRA,2,287.0,2016,São Gonçalo,33090378,CE ELIZA MARIA DUTRA,Estadual,85.4,9.3,5.3
2016,SÃO GONÇALO,33090351,CE DOUTOR RODOLPHO SIQUEIRA,2,370.0,2016,São Gonçalo,33090351,CE DOUTOR RODOLPHO SIQUEIRA,Estadual,77.9,10.1,12.0
2016,SÃO GONÇALO,33090343,CE DOUTOR HUMBERTO SOEIRO DE CARVALHO,2,108.0,2016,São Gonçalo,33090343,CE DOUTOR HUMBERTO SOEIRO DE CARVALHO,Estadual,81.6,14.9,3.5
2016,SÃO GONÇALO,33090327,CE DESEMBARGADOR FERREIRA PINTO,2,282.0,2016,São Gonçalo,33090327,CE DESEMBARGADOR FERREIRA PINTO,Estadual,69.0,19.9,11.1
2016,SÃO GONÇALO,33090300,CE AUGUSTO CEZARIO DIAZ ANDRE,2,495.0,2016,São Gonçalo,33090300,CE AUGUSTO CEZARIO DIAZ ANDRE,Estadual,88.9,11.1,0.0
2016,SÃO GONÇALO,33090270,CE AMANDA VELASCO,2,426.0,2016,São Gonçalo,33090270,CE AMANDA VELASCO,Estadual,76.9,9.2,13.9
2016,SÃO GONÇALO,33090246,CE DORVAL FERREIRA DA CUNHA,2,247.0,2016,São Gonçalo,33090246,CE DORVAL FERREIRA DA CUNHA,Estadual,81.3,13.9,4.8
2016,SÃO GONÇALO,33090173,CIEP 410 PATRICIA GALVAO PAGU,2,266.0,2016,São Gonçalo,33090173,CIEP 410 PATRICIA GALVAO PAGU,Estadual,72.1,21.3,6.6
2016,SÃO GONÇALO,33090157,CIEP 126 ALMEDORINA AZEREDO,2,121.0,2016,São Gonçalo,33090157,CIEP 126 ALMEDORINA AZEREDO,Estadual,66.7,15.4,17.9
2016,SÃO GONÇALO,33090149,CIEP 122 PROFESSOR ERMEZINDA DIONIZIO NECCO,2,402.0,2016,São Gonçalo,33090149,CIEP 122 PROFESSOR ERMEZINDA DIONIZIO NECCO,Estadual,68.5,23.4,8.1
2016,SÃO GONÇALO,33089841,IE CLELIA NANCI,2,1123.0,2016,São Gonçalo,33089841,IE CLELIA NANCI,Estadual,80.5,18.8,0.7
2016,SÃO GONÇALO,33089469,CE PROFESSORA ANTONIETA PALMEIRA,2,278.0,2016,São Gonçalo,33089469,CE PROFESSORA ANTONIETA PALMEIRA,Estadual,68.7,31.3,0.0
2016,SÃO GONÇALO,33091390,CE CORONEL JOAO TARCISIO BUENO,2,160.0,2016,São Gonçalo,33091390,CE CORONEL JOAO TARCISIO BUENO,Estadual,66.0,9.6,24.4
2016,SÃO GONÇALO,33091382,CE CORONEL FRANCISCO LIMA,2,150.0,2016,São Gonçalo,33091382,CE CORONEL FRANCISCO LIMA,Estadual,74.3,13.2,12.5
2016,SÃO GONÇALO,33091340,CE CAPITAO OSWALDO ORNELLAS,2,380.0,2016,São Gonçalo,33091340,CE CAPITAO OSWALDO ORNELLAS,Estadual,82.0,15.9,2.1
2016,SÃO GONÇALO,33091200,CE WALTER ORLANDINI,2,1561.0,2016,São Gonçalo,33091200,CE WALTER ORLANDINI,Estadual,79.0,15.9,5.1
2016,SÃO GONÇALO,33091196,CE SANTOS DIAS,2,506.0,2016,São Gonçalo,33091196,CE SANTOS DIAS,Estadual,77.3,13.2,9.5
2016,SÃO GONÇALO,33090904,CE VILA GUARANI,2,121.0,2016,São Gonçalo,33090904,CE VILA GUARANI,Estadual,79.7,13.6,6.7
2016,SÃO GONÇALO,33090882,CE MAUA,2,124.0,2016,São Gonçalo,33090882,CE MAUA,Estadual,81.2,11.1,7.7
2016,SÃO GONÇALO,33090840,CE DOUTOR ARMANDO SA COUTO,2,155.0,2016,São Gonçalo,33090840,CE DOUTOR ARMANDO SA COUTO,Estadual,80.8,9.9,9.3
2016,SÃO GONÇALO,33090831,CE DOM ANTONIO DE ALMEIDA MORAES JUNIOR,2,200.0,2016,São Gonçalo,33090831,CE DOM ANTONIO DE ALMEIDA MORAES JUNIOR,Estadual,87.9,8.0,4.1
2016,SÃO GONÇALO,33090823,CE CORONEL SERRADO,2,247.0,2016,São Gonçalo,33090823,CE CORONEL SERRADO,Estadual,76.9,20.7,2.4
2016,SÃO GONÇALO,33090815,CE ALECRIM,2,99.0,2016,São Gonçalo,33090815,CE ALECRIM,Estadual,86.5,13.5,0.0
2016,SÃO GONÇALO,33090726,CE TRASILBO FILGUEIRAS,2,502.0,2016,São Gonçalo,33090726,CE TRASILBO FILGUEIRAS,Estadual,74.1,16.9,9.0
2016,SÃO GONÇALO,33090688,CIEP 239 PROFESSORA ELZA VIANNA FIALHO,2,226.0,2016,São Gonçalo,33090688,CIEP 239 PROFESSORA ELZA VIANNA FIALHO,Estadual,74.9,18.7,6.4
2016,SÃO GONÇALO,33090670,CIEP 050 PABLO NERUDA,2,641.0,2016,São Gonçalo,33090670,CIEP 050 PABLO NERUDA,Estadual,61.8,29.6,8.6
2016,SÃO GONÇALO,33090653,CIEP 121 PROFESSOR JOADELIO CODECO,2,69.0,2016,São Gonçalo,33090653,CIEP 121 PROFESSOR JOADELIO CODECO,Estadual,70.0,17.1,12.9
2016,SÃO GONÇALO,33090475,CE VITAL BRASIL,2,78.0,2016,São Gonçalo,33090475,CE VITAL BRASIL,Estadual,71.4,14.3,14.3
2016,SÃO GONÇALO,33518238,CIEP 513 GEORGE SAVALLA GOMES - PALHACO CAREQUINHA,2,150.0,2016,São Gonçalo,33518238,CIEP 513 GEORGE SAVALLA GOMES - PALHACO CAREQUINHA,Estadual,64.2,17.6,18.2
2016,SÃO GONÇALO,33507210,CE COMENDADOR VALENTIM DOS SANTOS DINIZ,2,323.0,2016,São Gonçalo,33507210,CE COMENDADOR VALENTIM DOS SANTOS DINIZ,Estadual,99.1,0.9,0.0
2016,SÃO GONÇALO,33114366,CE MARIO TAMBORINDEGUY,2,117.0,2016,São Gonçalo,33114366,CE MARIO TAMBORINDEGUY,Estadual,61.9,24.7,13.4
2016,SÃO GONÇALO,33104182,CIEP 409 ALAIDE DE FIGUEREDO SANTOS,2,264.0,2016,São Gonçalo,33104182,CIEP 409 ALAIDE DE FIGUEREDO SANTOS,Estadual,79.7,5.4,14.9
2016,SÃO GONÇALO,33103968,CIEP BRIZOLAO 439 LUIZ GONZAGA JUNIOR - GONZAGUINHA,2,359.0,2016,São Gonçalo,33103968,CIEP BRIZOLAO 439 LUIZ GONZAGA JUNIOR - GONZAGUINHA,Estadual,77.1,22.9,0.0
2016,SÃO GONÇALO,33103941,CIEP 422 NICANOR FERREIRA NUNES,2,54.0,2016,São Gonçalo,33103941,CIEP 422 NICANOR FERREIRA NUNES,Estadual,73.7,15.8,10.5
2016,SÃO GONÇALO,33103925,CIEP 421 DEPUTADA CRISTINA TAVARES,2,40.0,2016,São Gonçalo,33103925,CIEP 421 DEPUTADA CRISTINA TAVARES,Estadual,73.0,10.8,16.2
2016,SÃO GONÇALO,33103917,CIEP 423 MORA GUIMARAES,2,17.0,2016,São Gonçalo,33103917,CIEP 423 MORA GUIMARAES,Estadual,53.3,0.0,46.7
2016,SÃO GONÇALO,33103909,CIEP 238 DOUTOR ILTON FARIA DA COSTA,2,353.0,2016,São Gonçalo,33103909,CIEP 238 DOUTOR ILTON FARIA DA COSTA,Estadual,74.9,13.7,11.4
2016,SÃO GONÇALO,33103887,CIEP 408 SERGIO CARDOSO,2,28.0,2016,São Gonçalo,33103887,CIEP 408 SERGIO CARDOSO,Estadual,46.2,50.0,3.8
2016,SÃO GONÇALO,33103879,CIEP 413 ADAO PEREIRA NUNES,2,59.0,2016,São Gonçalo,33103879,CIEP 413 ADAO PEREIRA NUNES,Estadual,81.4,18.6,0.0
2016,SÃO GONÇALO,33096988,CIEP 412 DOUTOR ZERBINI,2,370.0,2016,São Gonçalo,33096988,CIEP 412 DOUTOR ZERBINI,Estadual,76.4,23.0,0.6
2016,SÃO GONÇALO,33096970,CIEP 309 ZUZU ANGEL,2,118.0,2016,São Gonçalo,33096970,CIEP 309 ZUZU ANGEL,Estadual,37.3,41.5,21.2
2016,SÃO GONÇALO,33091765,CE PAULINO PINHEIRO BAPTISTA,2,333.0,2016,São Gonçalo,33091765,CE PAULINO PINHEIRO BAPTISTA,Estadual,70.6,29.1,0.3
2016,SÃO GONÇALO,33091757,CIEP 246 PROFESSORA ADALGISA CABRAL DE FARIA,2,129.0,2016,São Gonçalo,33091757,CIEP 246 PROFESSORA ADALGISA CABRAL DE FARIA,Estadual,83.7,16.3,0.0
2016,SÃO GONÇALO,33091447,CE MELCHIADES PICANCO,2,314.0,2016,São Gonçalo,33091447,CE MELCHIADES PICANCO,Estadual,65.9,20.7,13.4
2016,RIO DE JANEIRO,33062277,CE CUBA,2,226.0,2016,Rio de Janeiro,33062277,CE CUBA,Estadual,75.3,15.4,9.3
2016,RIO DE JANEIRO,33062250,CE ALDEBARA,2,205.0,2016,Rio de Janeiro,33062250,CE ALDEBARA,Estadual,72.9,17.4,9.7
2016,NITERÓI,33172919,CE MATEMATICO JOAQUIM GOMES DE SOUSA - INTER-CULTURAL BRASIL-CHINA,2,119.0,2016,Niterói,33172919,CE MATEMATICO JOAQUIM GOMES DE SOUSA - INTER-CULTURAL BRASIL-CHINA,Estadual,93.0,7.0,0.0
2016,NITERÓI,33153795,COL DA POLICIA MILITAR DO EST DO RIO DE JANEIRO,2,107.0,2016,Niterói,33153795,COL DA POLICIA MILITAR DO EST DO RIO DE JANEIRO,Estadual,94.1,5.9,0.0
2016,NITERÓI,33108579,CIEP 448 RUY FRAZAO SOARES,2,208.0,2016,Niterói,33108579,CIEP 448 RUY FRAZAO SOARES,Estadual,75.0,19.2,5.8
2016,NITERÓI,33102503,CE DAVID CAPISTRANO,2,914.0,2016,Niterói,33102503,CE DAVID CAPISTRANO,Estadual,54.4,37.0,8.6
2016,NITERÓI,33096805,CIEP 449 GOVERNADOR LEONEL DE MOURA BRIZOLA BRASIL FRANCA,2,214.0,2016,Niterói,33096805,CIEP 449 GOVERNADOR LEONEL DE MOURA BRIZOLA BRASIL FRANCA,Estadual,91.9,8.1,0.0
2016,NITERÓI,33057745,CE DOUTOR SOUZA SOARES,2,45.0,2016,Niterói,33057745,CE DOUTOR SOUZA SOARES,Estadual,90.9,0.0,9.1
2016,NITERÓI,33057737,CE ALMIRANTE TAMANDARE,2,264.0,2016,Niterói,33057737,CE ALMIRANTE TAMANDARE,Estadual,73.2,26.8,0.0
2016,NITERÓI,33057702,CE PROFESSORA ALCINA RODRIGUES LIMA,2,363.0,2016,Niterói,33057702,CE PROFESSORA ALCINA RODRIGUES LIMA,Estadual,66.0,21.9,12.1
2016,NITERÓI,33057508,LICEU NILO PECANHA,2,1974.0,2016,Niterói,33057508,LICEU NILO PECANHA,Estadual,75.8,22.3,1.9
2016,NITERÓI,33057117,IE PROFESSOR ISMAEL COUTINHO,2,251.0,2016,Niterói,33057117,IE PROFESSOR ISMAEL COUTINHO,Estadual,61.0,17.0,22.0
2016,NITERÓI,33057010,E T E HENRIQUE LAGE,2,1164.0,2016,Niterói,33057010,E T E HENRIQUE LAGE,Estadual,87.4,10.3,2.3
2016,NITERÓI,33056560,CE PINTO LIMA,2,179.0,2016,Niterói,33056560,CE PINTO LIMA,Estadual,54.4,15.0,30.6
2016,NITERÓI,33056501,CE MARIA PEREIRA DAS NEVES,2,100.0,2016,Niterói,33056501,CE MARIA PEREIRA DAS NEVES,Estadual,60.8,21.6,17.6
2016,NITERÓI,33056498,CE MANUEL DE ABREU,2,606.0,2016,Niterói,33056498,CE MANUEL DE ABREU,Estadual,80.6,12.4,7.0
2016,NITERÓI,33056480,CE LEOPOLDO FROES,2,187.0,2016,Niterói,33056480,CE LEOPOLDO FROES,Estadual,72.5,25.8,1.7
2016,NITERÓI,33056471,CE JOSE BONIFACIO,2,181.0,2016,Niterói,33056471,CE JOSE BONIFACIO,Estadual,68.8,22.7,8.5
2016,NITERÓI,33056439,CE EMBAIXADOR RAUL FERNANDES,2,31.0,2016,Niterói,33056439,CE EMBAIXADOR RAUL FERNANDES,Estadual,70.0,30.0,0.0
2016,NITERÓI,33056404,CE DUQUE DE CAXIAS,2,9.0,2016,Niterói,33056404,CE DUQUE DE CAXIAS,Estadual,62.5,0.0,37.5
2016,NITERÓI,33056358,CE CONSELHEIRO JOSINO,2,107.0,2016,Niterói,33056358,CE CONSELHEIRO JOSINO,Estadual,60.8,23.5,15.7
2016,NITERÓI,33055785,CE ZULEIKA RAPOSO VALLADARES,2,140.0,2016,Niterói,33055785,CE ZULEIKA RAPOSO VALLADARES,Estadual,85.6,13.7,0.7
2016,NITERÓI,33055769,CE RAUL VIDAL,2,437.0,2016,Niterói,33055769,CE RAUL VIDAL,Estadual,51.5,29.2,19.3
2016,NITERÓI,33055750,CE PAULO ASSIS RIBEIRO,2,715.0,2016,Niterói,33055750,CE PAULO ASSIS RIBEIRO,Estadual,53.6,25.4,21.0
2016,NITERÓI,33055742,CE MULLULO DA VEIGA,2,114.0,2016,Niterói,33055742,CE MULLULO DA VEIGA,Estadual,50.9,43.6,5.5
2016,NITERÓI,33055734,CE MACHADO DE ASSIS,2,286.0,2016,Niterói,33055734,CE MACHADO DE ASSIS,Estadual,71.1,28.2,0.7
2016,NITERÓI,33055726,CE JOAQUIM TAVORA,2,404.0,2016,Niterói,33055726,CE JOAQUIM TAVORA,Estadual,75.1,22.3,2.6
2016,NITERÓI,33055700,CE HILARIO RIBEIRO,2,212.0,2016,Niterói,33055700,CE HILARIO RIBEIRO,Estadual,74.4,15.6,10.0
2016,NITERÓI,33055696,CE GUILHERME BRIGGS,2,173.0,2016,Niterói,33055696,CE GUILHERME BRIGGS,Estadual,88.4,8.1,3.5
2016,NITERÓI,33055670,CE FERNANDO MAGALHAES,2,157.0,2016,Niterói,33055670,CE FERNANDO MAGALHAES,Estadual,60.5,28.0,11.5
2016,NITERÓI,33055661,CE DOUTOR LUCIANO PESTRE,2,104.0,2016,Niterói,33055661,CE DOUTOR LUCIANO PESTRE,Estadual,57.7,31.7,10.6
2016,NITERÓI,33055653,CE CONSELHEIRO MACEDO SOARES,2,398.0,2016,Niterói,33055653,CE CONSELHEIRO MACEDO SOARES,Estadual,67.7,30.2,2.1
2016,NITERÓI,33055645,CE CIZINIO SOARES PINTO,2,184.0,2016,Niterói,33055645,CE CIZINIO SOARES PINTO,Estadual,76.1,16.5,7.4
2016,NITERÓI,33055637,CE BRIGADEIRO CASTRIOTO,2,33.0,2016,Niterói,33055637,CE BRIGADEIRO CASTRIOTO,Estadual,91.4,5.7,2.9
2016,NITERÓI,33055629,CE BALTAZAR BERNARDINO,2,201.0,2016,Niterói,33055629,CE BALTAZAR BERNARDINO,Estadual,57.8,13.5,28.7
2016,NITERÓI,33055610,CE AURELINO LEAL,2,1067.0,2016,Niterói,33055610,CE AURELINO LEAL,Estadual,78.1,18.7,3.2
2016,MARICÁ,33102414,CIEP 259 PROFESSORA MARIA DO AMPARO RANGEL DE SOUZA,2,859.0,2016,Maricá,33102414,CIEP 259 PROFESSORA MARIA DO AMPARO RANGEL DE SOUZA,Estadual,80.6,12.0,7.4
2016,MARICÁ,33096929,CIEP 391 PROFESSOR ROBSON MENDONCA LOU,2,156.0,2016,Maricá,33096929,CIEP 391 PROFESSOR ROBSON MENDONCA LOU,Estadual,44.1,24.4,31.5
2016,MARICÁ,33054339,CE FRANCISCO JOSE DO NASCIMENTO,2,164.0,2016,Maricá,33054339,CE FRANCISCO JOSE DO NASCIMENTO,Estadual,84.7,12.2,3.1
2016,MARICÁ,33054215,CE EUCLYDES PAULO DA SILVA,2,204.0,2016,Maricá,33054215,CE EUCLYDES PAULO DA SILVA,Estadual,63.8,11.2,25.0
2016,MARICÁ,33054185,CE CAIO FRANCISCO DE FIGUEIREDO,2,325.0,2016,Maricá,33054185,CE CAIO FRANCISCO DE FIGUEIREDO,Estadual,89.1,9.7,1.2
2016,MARICÁ,33054177,CE DOUTOR JOAO GOMES DE MATTOS SOBRINHO,2,570.0,2016,Maricá,33054177,CE DOUTOR JOAO GOMES DE MATTOS SOBRINHO,Estadual,78.0,9.3,12.7
2016,MARICÁ,33053952,CE DOMICIO DA GAMA,2,408.0,2016,Maricá,33053952,CE DOMICIO DA GAMA,Estadual,75.7,11.1,13.2
2016,MARICÁ,33053910,CE ELISIARIO MATTA,2,721.0,2016,Maricá,33053910,CE ELISIARIO MATTA,Estadual,81.8,7.8,10.4
2017,MARICÁ,33053995,CE PROFESSORA CACILDA SILVA,2,28.0,2017,Maricá,33053995,CE PROFESSORA CACILDA SILVA,Estadual,76.7,20.0,3.3
2017,MARICÁ,33054177,CE DOUTOR JOAO GOMES DE MATTOS SOBRINHO,2,506.0,2017,Maricá,33054177,CE DOUTOR JOAO GOMES DE MATTOS SOBRINHO,Estadual,72.3,24.1,3.6
2017,MARICÁ,33054185,CE CAIO FRANCISCO DE FIGUEIREDO,2,336.0,2017,Maricá,33054185,CE CAIO FRANCISCO DE FIGUEIREDO,Estadual,84.7,12.2,3.1
2017,MARICÁ,33054215,CE EUCLYDES PAULO DA SILVA,2,207.0,2017,Maricá,33054215,CE EUCLYDES PAULO DA SILVA,Estadual,77.8,13.3,8.9
2017,MARICÁ,33054339,CE FRANCISCO JOSE DO NASCIMENTO,2,164.0,2017,Maricá,33054339,CE FRANCISCO JOSE DO NASCIMENTO,Estadual,74.4,25.6,0.0
2017,MARICÁ,33096929,CIEP 391 PROFESSOR ROBSON MENDONCA LOU,2,189.0,2017,Maricá,33096929,CIEP 391 PROFESSOR ROBSON MENDONCA LOU,Estadual,82.9,16.6,0.5
2017,MARICÁ,33102414,CIEP 259 PROFESSORA MARIA DO AMPARO RANGEL DE SOUZA,2,675.0,2017,Maricá,33102414,CIEP 259 PROFESSORA MARIA DO AMPARO RANGEL DE SOUZA,Estadual,86.9,12.3,0.8
2017,NITERÓI,33055467,CIEP 251 DONA MARIA PORTUGAL,2,43.0,2017,Niterói,33055467,CIEP 251 DONA MARIA PORTUGAL,Estadual,68.3,29.3,2.4
2017,NITERÓI,33055610,CE AURELINO LEAL,2,1173.0,2017,Niterói,33055610,CE AURELINO LEAL,Estadual,73.2,20.8,6.0
2017,NITERÓI,33055629,CE BALTAZAR BERNARDINO,2,210.0,2017,Niterói,33055629,CE BALTAZAR BERNARDINO,Estadual,76.7,13.4,9.9
2017,NITERÓI,33055637,CE BRIGADEIRO CASTRIOTO,2,124.0,2017,Niterói,33055637,CE BRIGADEIRO CASTRIOTO,Estadual,89.4,5.3,5.3
2017,NITERÓI,33055645,CE CIZINIO SOARES PINTO,2,194.0,2017,Niterói,33055645,CE CIZINIO SOARES PINTO,Estadual,83.5,13.8,2.7
2017,NITERÓI,33055653,CE CONSELHEIRO MACEDO SOARES,2,370.0,2017,Niterói,33055653,CE CONSELHEIRO MACEDO SOARES,Estadual,75.6,24.1,0.3
2017,NITERÓI,33055661,CE DOUTOR LUCIANO PESTRE,2,112.0,2017,Niterói,33055661,CE DOUTOR LUCIANO PESTRE,Estadual,73.6,21.8,4.6
2017,RIO DE JANEIRO,33062668,CE JULIA KUBITSCHEK,2,869.0,2017,Rio de Janeiro,33062668,CE JULIA KUBITSCHEK,Estadual,82.3,10.7,7.0
2017,RIO DE JANEIRO,33062676,CE SOUZA AGUIAR,2,740.0,2017,Rio de Janeiro,33062676,CE SOUZA AGUIAR,Estadual,61.7,33.9,4.4
2017,NITERÓI,33057737,CE ALMIRANTE TAMANDARE,2,307.0,2017,Niterói,33057737,CE ALMIRANTE TAMANDARE,Estadual,78.1,21.9,0.0
2017,NITERÓI,33057745,CE DOUTOR SOUZA SOARES,2,28.0,2017,Niterói,33057745,CE DOUTOR SOUZA SOARES,Estadual,100.0,0.0,0.0
2017,NITERÓI,33096805,CIEP 449 GOVERNADOR LEONEL DE MOURA BRIZOLA BRASIL FRANCA,2,267.0,2017,Niterói,33096805,CIEP 449 GOVERNADOR LEONEL DE MOURA BRIZOLA BRASIL FRANCA,Estadual,87.4,12.6,0.0
2017,NITERÓI,33102503,CE DAVID CAPISTRANO,2,730.0,2017,Niterói,33102503,CE DAVID CAPISTRANO,Estadual,67.9,28.6,3.5
2017,NITERÓI,33102520,CIEP 307 DJANIRA,2,32.0,2017,Niterói,33102520,CIEP 307 DJANIRA,Estadual,80.6,11.1,8.3
2017,NITERÓI,33108579,CIEP 448 RUY FRAZAO SOARES,2,199.0,2017,Niterói,33108579,CIEP 448 RUY FRAZAO SOARES,Estadual,67.2,28.6,4.2
2017,NITERÓI,33153795,COL DA POLICIA MILITAR DO EST DO RIO DE JANEIRO,2,123.0,2017,Niterói,33153795,COL DA POLICIA MILITAR DO EST DO RIO DE JANEIRO,Estadual,86.2,13.0,0.8
2017,NITERÓI,33172919,CE MATEMATICO JOAQUIM GOMES DE SOUSA - INTER-CULTURAL BRASIL-CHINA,2,227.0,2017,Niterói,33172919,CE MATEMATICO JOAQUIM GOMES DE SOUSA - INTER-CULTURAL BRASIL-CHINA,Estadual,91.0,9.0,0.0
2017,RIO DE JANEIRO,33062250,CE ALDEBARA,2,230.0,2017,Rio de Janeiro,33062250,CE ALDEBARA,Estadual,65.5,23.1,11.4
2017,RIO DE JANEIRO,33062277,CE CUBA,2,222.0,2017,Rio de Janeiro,33062277,CE CUBA,Estadual,75.2,18.7,6.1
2017,RIO DE JANEIRO,33062340,CAIC JOAQUIM JOSE DA SILVA XAVIER - O TIRADENTES,2,269.0,2017,Rio de Janeiro,33062340,CAIC JOAQUIM JOSE DA SILVA XAVIER - O TIRADENTES,Estadual,74.7,12.3,13.0
2017,RIO DE JANEIRO,33062374,CE REVERENDO HUGH CLARENCE TUCKER,2,230.0,2017,Rio de Janeiro,33062374,CE REVERENDO HUGH CLARENCE TUCKER,Estadual,71.5,10.0,18.5
2017,NITERÓI,33057010,E T E HENRIQUE LAGE,2,829.0,2017,Niterói,33057010,E T E HENRIQUE LAGE,Estadual,91.6,2.3,6.1
2017,NITERÓI,33057117,IE PROFESSOR ISMAEL COUTINHO,2,263.0,2017,Niterói,33057117,IE PROFESSOR ISMAEL COUTINHO,Estadual,75.5,16.2,8.3
2017,NITERÓI,33057508,LICEU NILO PECANHA,2,2015.0,2017,Niterói,33057508,LICEU NILO PECANHA,Estadual,77.3,22.1,0.6
2017,MARICÁ,33053952,CE DOMICIO DA GAMA,2,305.0,2017,Maricá,33053952,CE DOMICIO DA GAMA,Estadual,91.5,7.8,0.7
2017,RIO DE JANEIRO,33066140,CE GONCALVES DIAS,2,217.0,2017,Rio de Janeiro,33066140,CE GONCALVES DIAS,Estadual,71.8,10.2,18.0
2017,RIO DE JANEIRO,33066523,INSTITUTO DE APLICACAO FERNANDO RODRIGUES DA SILVEIRA CAP-UERJ,2,238.0,2017,Rio de Janeiro,33066523,INSTITUTO DE APLICACAO FERNANDO RODRIGUES DA SILVEIRA CAP-UERJ,Estadual,98.8,1.2,0.0
2017,RIO DE JANEIRO,33066590,CE ANTONIO PRADO JUNIOR,2,1630.0,2017,Rio de Janeiro,33066590,CE ANTONIO PRADO JUNIOR,Estadual,80.2,17.4,2.4
2017,RIO DE JANEIRO,33066612,CE PROFESSOR CLOVIS SALGADO,2,268.0,2017,Rio de Janeiro,33066612,CE PROFESSOR CLOVIS SALGADO,Estadual,71.8,12.4,15.8
2017,RIO DE JANEIRO,33066620,CE SOARES PEREIRA,2,109.0,2017,Rio de Janeiro,33066620,CE SOARES PEREIRA,Estadual,74.1,8.3,17.6
2017,RIO DE JANEIRO,33067228,ESCOLA TECNICA ESTADUAL FERREIRA VIANA,2,733.0,2017,Rio de Janeiro,33067228,ESCOLA TECNICA ESTADUAL FERREIRA VIANA,Estadual,78.0,16.0,6.0
2017,RIO DE JANEIRO,33067252,INSTITUTO SUPERIOR DE EDUCACAO DO RIO DE JANEIRO,2,609.0,2017,Rio de Janeiro,33067252,INSTITUTO SUPERIOR DE EDUCACAO DO RIO DE JANEIRO,Estadual,82.2,17.4,0.4
2017,RIO DE JANEIRO,33067783,CE FRANCISCO CAMPOS,2,209.0,2017,Rio de Janeiro,33067783,CE FRANCISCO CAMPOS,Estadual,44.8,27.8,27.4
2017,RIO DE JANEIRO,33067791,CE JOAO ALFREDO,2,1287.0,2017,Rio de Janeiro,33067791,CE JOAO ALFREDO,Estadual,70.1,21.6,8.3
2017,RIO DE JANEIRO,33067805,CE REPUBLICA ARGENTINA,2,48.0,2017,Rio de Janeiro,33067805,CE REPUBLICA ARGENTINA,Estadual,69.4,16.3,14.3
2017,RIO DE JANEIRO,33068011,CE AFONSO PENA,2,152.0,2017,Rio de Janeiro,33068011,CE AFONSO PENA,Estadual,70.1,14.6,15.3
2017,RIO DE JANEIRO,33068844,CE BAHIA,2,473.0,2017,Rio de Janeiro,33068844,CE BAHIA,Estadual,72.2,17.1,10.7
2017,RIO DE JANEIRO,33068852,CE PROFESSOR CLOVIS MONTEIRO,2,1152.0,2017,Rio de Janeiro,33068852,CE PROFESSOR CLOVIS MONTEIRO,Estadual,60.4,17.8,21.8
2017,RIO DE JANEIRO,33069026,CE RUY BARBOSA,2,353.0,2017,Rio de Janeiro,33069026,CE RUY BARBOSA,Estadual,58.3,28.3,13.4
2017,RIO DE JANEIRO,33069034,CE TENENTE GENERAL NAPION,2,319.0,2017,Rio de Janeiro,33069034,CE TENENTE GENERAL NAPION,Estadual,66.7,17.5,15.8
2017,RIO DE JANEIRO,33069921,CE GOMES FREIRE DE ANDRADE,2,1432.0,2017,Rio de Janeiro,33069921,CE GOMES FREIRE DE ANDRADE,Estadual,69.4,26.3,4.3
2017,RIO DE JANEIRO,33069930,CE HEITOR LIRA,2,771.0,2017,Rio de Janeiro,33069930,CE HEITOR LIRA,Estadual,76.2,17.3,6.5
2017,RIO DE JANEIRO,33069948,CE JOSE MARTI,2,427.0,2017,Rio de Janeiro,33069948,CE JOSE MARTI,Estadual,75.9,16.7,7.4
2017,RIO DE JANEIRO,33069956,CE REPUBLICA DE ANGOLA,2,247.0,2017,Rio de Janeiro,33069956,CE REPUBLICA DE ANGOLA,Estadual,76.4,19.3,4.3
2017,RIO DE JANEIRO,33069964,CE REPUBLICA DE GUINE BISSAU,2,234.0,2017,Rio de Janeiro,33069964,CE REPUBLICA DE GUINE BISSAU,Estadual,54.1,37.6,8.3
2017,RIO DE JANEIRO,33070148,CE BRANT HORTA,2,197.0,2017,Rio de Janeiro,33070148,CE BRANT HORTA,Estadual,65.5,30.9,3.6
2017,RIO DE JANEIRO,33070156,CE CHILE,2,348.0,2017,Rio de Janeiro,33070156,CE CHILE,Estadual,56.9,32.1,11.0
2017,RIO DE JANEIRO,33070164,CE CONDE DE AGROLONGO,2,96.0,2017,Rio de Janeiro,33070164,CE CONDE DE AGROLONGO,Estadual,84.3,15.7,0.0
2017,RIO DE JANEIRO,33070199,CE JOAO MARQUES DOS REIS,2,182.0,2017,Rio de Janeiro,33070199,CE JOAO MARQUES DOS REIS,Estadual,75.1,12.7,12.2
2017,RIO DE JANEIRO,33070326,CE TERESA CRISTINA,2,70.0,2017,Rio de Janeiro,33070326,CE TERESA CRISTINA,Estadual,66.7,30.3,3.0
2017,RIO DE JANEIRO,33070946,E T E JUSCELINO KUBITSCHEK,2,568.0,2017,Rio de Janeiro,33070946,E T E JUSCELINO KUBITSCHEK,Estadual,85.6,9.3,5.1
2017,RIO DE JANEIRO,33071535,CE AGRIPINO GRIECO,2,211.0,2017,Rio de Janeiro,33071535,CE AGRIPINO GRIECO,Estadual,76.7,9.8,13.5
2017,RIO DE JANEIRO,33071543,CE BOLIVAR,2,103.0,2017,Rio de Janeiro,33071543,CE BOLIVAR,Estadual,72.4,24.5,3.1
2017,RIO DE JANEIRO,33071551,CE CENTRAL DO BRASIL,2,1201.0,2017,Rio de Janeiro,33071551,CE CENTRAL DO BRASIL,Estadual,69.3,28.0,2.7
2017,RIO DE JANEIRO,33071560,CE DELFIM MOREIRA,2,303.0,2017,Rio de Janeiro,33071560,CE DELFIM MOREIRA,Estadual,54.0,27.5,18.5
2017,RIO DE JANEIRO,33071578,CE FRANCISCO JOBIM,2,113.0,2017,Rio de Janeiro,33071578,CE FRANCISCO JOBIM,Estadual,64.3,22.3,13.4
2017,RIO DE JANEIRO,33071586,CE MARANHAO,2,283.0,2017,Rio de Janeiro,33071586,CE MARANHAO,Estadual,67.4,7.0,25.6
2017,RIO DE JANEIRO,33071594,CE OLINTO DA GAMA BOTELHO,2,615.0,2017,Rio de Janeiro,33071594,CE OLINTO DA GAMA BOTELHO,Estadual,58.4,39.7,1.9
2017,RIO DE JANEIRO,33071969,CE VISCONDE DE CAIRU,2,1668.0,2017,Rio de Janeiro,33071969,CE VISCONDE DE CAIRU,Estadual,61.0,39.0,0.0
2017,RIO DE JANEIRO,33072078,CE BARAO DE MACAUBAS,2,293.0,2017,Rio de Janeiro,33072078,CE BARAO DE MACAUBAS,Estadual,66.0,26.2,7.8
2017,RIO DE JANEIRO,33072094,CE JOAO KOPKE,2,65.0,2017,Rio de Janeiro,33072094,CE JOAO KOPKE,Estadual,52.3,29.2,18.5
2017,RIO DE JANEIRO,33072183,CE JOSE EDUARDO DE MACEDO SOARES,2,173.0,2017,Rio de Janeiro,33072183,CE JOSE EDUARDO DE MACEDO SOARES,Estadual,73.5,12.7,13.8
2017,RIO DE JANEIRO,33072205,CE LAURO SODRE,2,39.0,2017,Rio de Janeiro,33072205,CE LAURO SODRE,Estadual,81.1,13.5,5.4
2017,RIO DE JANEIRO,33072248,CE HISPANO BRASILEIRO JOAO CABRAL DE MELO NETO,2,256.0,2017,Rio de Janeiro,33072248,CE HISPANO BRASILEIRO JOAO CABRAL DE MELO NETO,Estadual,95.2,4.4,0.4
2017,RIO DE JANEIRO,33072280,CE PERNAMBUCO,2,108.0,2017,Rio de Janeiro,33072280,CE PERNAMBUCO,Estadual,63.0,25.0,12.0
2017,RIO DE JANEIRO,33072337,CE SARMIENTO,2,39.0,2017,Rio de Janeiro,33072337,CE SARMIENTO,Estadual,71.1,26.3,2.6
2017,RIO DE JANEIRO,33072370,CE VIRGILIO DE MELO FRANCO,2,212.0,2017,Rio de Janeiro,33072370,CE VIRGILIO DE MELO FRANCO,Estadual,84.6,4.7,10.7
2017,RIO DE JANEIRO,33073368,CE PASTOR MIRANDA PINTO,2,118.0,2017,Rio de Janeiro,33073368,CE PASTOR MIRANDA PINTO,Estadual,64.9,28.1,7.0
2017,RIO DE JANEIRO,33074038,CE ITALIA,2,372.0,2017,Rio de Janeiro,33074038,CE ITALIA,Estadual,62.1,15.5,22.4
2017,RIO DE JANEIRO,33074046,CE JOSUE DE CASTRO,2,244.0,2017,Rio de Janeiro,33074046,CE JOSUE DE CASTRO,Estadual,60.3,25.1,14.6
2017,RIO DE JANEIRO,33074054,CE NUN ALVARES PEREIRA,2,134.0,2017,Rio de Janeiro,33074054,CE NUN ALVARES PEREIRA,Estadual,65.4,25.6,9.0
2017,RIO DE JANEIRO,33074151,CE MATO GROSSO,2,171.0,2017,Rio de Janeiro,33074151,CE MATO GROSSO,Estadual,76.3,23.7,0.0
2017,RIO DE JANEIRO,33074160,CE ADLAI STEVENSON,2,199.0,2017,Rio de Janeiro,33074160,CE ADLAI STEVENSON,Estadual,72.6,14.9,12.5
2017,RIO DE JANEIRO,33074232,CE OLIMPIA DO COUTO,2,241.0,2017,Rio de Janeiro,33074232,CE OLIMPIA DO COUTO,Estadual,67.9,28.8,3.3
2017,RIO DE JANEIRO,33074267,CE RODRIGO OTAVIO FILHO,2,280.0,2017,Rio de Janeiro,33074267,CE RODRIGO OTAVIO FILHO,Estadual,73.7,11.5,14.8
2017,RIO DE JANEIRO,33074798,CE AMAPA,2,76.0,2017,Rio de Janeiro,33074798,CE AMAPA,Estadual,80.0,17.1,2.9
2017,RIO DE JANEIRO,33075034,ESCOLA TECNICA ESTADUAL OSCAR TENORIO,2,590.0,2017,Rio de Janeiro,33075034,ESCOLA TECNICA ESTADUAL OSCAR TENORIO,Estadual,73.9,12.0,14.1
2017,RIO DE JANEIRO,33075166,IE CARMELA DUTRA,2,1097.0,2017,Rio de Janeiro,33075166,IE CARMELA DUTRA,Estadual,77.7,18.9,3.4
2017,RIO DE JANEIRO,33075174,CE CHARLES CHAPLIN,2,202.0,2017,Rio de Janeiro,33075174,CE CHARLES CHAPLIN,Estadual,55.0,23.5,21.5
2017,RIO DE JANEIRO,33075182,CE CIDADE DE LISBOA,2,165.0,2017,Rio de Janeiro,33075182,CE CIDADE DE LISBOA,Estadual,64.2,9.1,26.7
2017,RIO DE JANEIRO,33075190,CE LUIZ DE CAMOES,2,216.0,2017,Rio de Janeiro,33075190,CE LUIZ DE CAMOES,Estadual,77.2,15.2,7.6
2017,RIO DE JANEIRO,33075204,CE MARQUES REBELO,2,189.0,2017,Rio de Janeiro,33075204,CE MARQUES REBELO,Estadual,68.8,19.6,11.6
2017,RIO DE JANEIRO,33075212,CE PROFESSOR JOSE ACCIOLI,2,497.0,2017,Rio de Janeiro,33075212,CE PROFESSOR JOSE ACCIOLI,Estadual,88.9,11.1,0.0
2017,RIO DE JANEIRO,33075220,CE PROFESSOR SOUSA DA SILVEIRA,2,250.0,2017,Rio de Janeiro,33075220,CE PROFESSOR SOUSA DA SILVEIRA,Estadual,70.6,11.0,18.4
2017,RIO DE JANEIRO,33075689,CE CARDEAL ARCOVERDE,2,209.0,2017,Rio de Janeiro,33075689,CE CARDEAL ARCOVERDE,Estadual,84.1,7.7,8.2
2017,RIO DE JANEIRO,33075719,CE CONDE AFONSO CELSO,2,285.0,2017,Rio de Janeiro,33075719,CE CONDE AFONSO CELSO,Estadual,65.5,31.7,2.8
2017,RIO DE JANEIRO,33075760,CE FRANCISCO PALHETA,2,149.0,2017,Rio de Janeiro,33075760,CE FRANCISCO PALHETA,Estadual,54.8,33.6,11.6
2017,RIO DE JANEIRO,33075816,CE OLEGARIO MARIANO,2,212.0,2017,Rio de Janeiro,33075816,CE OLEGARIO MARIANO,Estadual,78.2,9.5,12.3
2017,RIO DE JANEIRO,33075832,CE PARANA,2,157.0,2017,Rio de Janeiro,33075832,CE PARANA,Estadual,69.8,25.2,5.0
2017,RIO DE JANEIRO,33075867,CE SANTOS DUMONT,2,210.0,2017,Rio de Janeiro,33075867,CE SANTOS DUMONT,Estadual,75.8,15.2,9.0
2017,RIO DE JANEIRO,33075883,CE VIRIATO CORREA,2,121.0,2017,Rio de Janeiro,33075883,CE VIRIATO CORREA,Estadual,74.2,19.2,6.6
2017,RIO DE JANEIRO,33075891,CE WALDEMIRO POTSCH,2,160.0,2017,Rio de Janeiro,33075891,CE WALDEMIRO POTSCH,Estadual,76.2,14.6,9.2
2017,RIO DE JANEIRO,33076480,E T E REPUBLICA,2,1350.0,2017,Rio de Janeiro,33076480,E T E REPUBLICA,Estadual,100.0,0.0,0.0
2017,RIO DE JANEIRO,33076502,ESCOLA TECNICA ESTADUAL VISCONDE DE MAUA,2,606.0,2017,Rio de Janeiro,33076502,ESCOLA TECNICA ESTADUAL VISCONDE DE MAUA,Estadual,65.3,29.5,5.2
2017,RIO DE JANEIRO,33077088,CE ADALGISA MONTEIRO,2,480.0,2017,Rio de Janeiro,33077088,CE ADALGISA MONTEIRO,Estadual,81.3,11.0,7.7
2017,RIO DE JANEIRO,33077096,CE ALBERTO PASQUALINI,2,24.0,2017,Rio de Janeiro,33077096,CE ALBERTO PASQUALINI,Estadual,75.0,4.2,20.8
2017,RIO DE JANEIRO,33077100,CE BRIGADEIRO SCHORCHT,2,1301.0,2017,Rio de Janeiro,33077100,CE BRIGADEIRO SCHORCHT,Estadual,83.4,14.1,2.5
2017,RIO DE JANEIRO,33077118,CE CARLOS LACERDA,2,283.0,2017,Rio de Janeiro,33077118,CE CARLOS LACERDA,Estadual,77.9,10.7,11.4
2017,RIO DE JANEIRO,33077126,CE EDUARDO MONDLANE,2,478.0,2017,Rio de Janeiro,33077126,CE EDUARDO MONDLANE,Estadual,77.2,15.7,7.1
2017,RIO DE JANEIRO,33077134,CE ENGENHEIRO BERNARDO SAYAO,2,246.0,2017,Rio de Janeiro,33077134,CE ENGENHEIRO BERNARDO SAYAO,Estadual,72.5,21.1,6.4
2017,RIO DE JANEIRO,33077142,CE MAHATMA GANDHI,2,233.0,2017,Rio de Janeiro,33077142,CE MAHATMA GANDHI,Estadual,59.2,20.2,20.6
2017,RIO DE JANEIRO,33077150,CE CARDEAL DOM EUGENIO DE ARAUJO SALES,2,345.0,2017,Rio de Janeiro,33077150,CE CARDEAL DOM EUGENIO DE ARAUJO SALES,Estadual,70.5,20.8,8.7
2017,RIO DE JANEIRO,33077169,CE EUNICE WEAVER,2,360.0,2017,Rio de Janeiro,33077169,CE EUNICE WEAVER,Estadual,81.3,15.9,2.8
2017,RIO DE JANEIRO,33077177,CE PRESIDENTE JOAO GOULART,2,323.0,2017,Rio de Janeiro,33077177,CE PRESIDENTE JOAO GOULART,Estadual,61.8,23.2,15.0
2017,RIO DE JANEIRO,33077185,CE SENADOR TEOTONIO VILELA,2,271.0,2017,Rio de Janeiro,33077185,CE SENADOR TEOTONIO VILELA,Estadual,71.4,21.1,7.5
2017,RIO DE JANEIRO,33077371,CE ALINA DE BRITO,2,453.0,2017,Rio de Janeiro,33077371,CE ALINA DE BRITO,Estadual,67.7,14.1,18.2
2017,RIO DE JANEIRO,33077452,CE EMBAIXADOR DIAS CARNEIRO,2,250.0,2017,Rio de Janeiro,33077452,CE EMBAIXADOR DIAS CARNEIRO,Estadual,95.3,3.8,0.9
2017,RIO DE JANEIRO,33077525,CE MARECHAL CANROBERT PEREIRA DA COSTA,2,80.0,2017,Rio de Janeiro,33077525,CE MARECHAL CANROBERT PEREIRA DA COSTA,Estadual,80.0,16.0,4.0
2017,RIO DE JANEIRO,33077568,CE ROSA DO POVO,2,341.0,2017,Rio de Janeiro,33077568,CE ROSA DO POVO,Estadual,76.4,21.6,2.0
2017,RIO DE JANEIRO,33077576,CE VICTOR HUGO,2,196.0,2017,Rio de Janeiro,33077576,CE VICTOR HUGO,Estadual,66.5,14.0,19.5
2017,RIO DE JANEIRO,33079323,CE STUART EDGAR ANGEL JONES,2,1026.0,2017,Rio de Janeiro,33079323,CE STUART EDGAR ANGEL JONES,Estadual,61.5,36.9,1.6
2017,RIO DE JANEIRO,33079331,CE AGOSTINHO NETO,2,197.0,2017,Rio de Janeiro,33079331,CE AGOSTINHO NETO,Estadual,78.8,10.9,10.3
2017,RIO DE JANEIRO,33079340,CE BANGU,2,1600.0,2017,Rio de Janeiro,33079340,CE BANGU,Estadual,64.3,26.2,9.5
2017,RIO DE JANEIRO,33079358,CE COLLECCHIO,2,1475.0,2017,Rio de Janeiro,33079358,CE COLLECCHIO,Estadual,74.1,18.2,7.7
2017,RIO DE JANEIRO,33079366,CE JORGE ZARUR,2,244.0,2017,Rio de Janeiro,33079366,CE JORGE ZARUR,Estadual,63.2,30.8,6.0
2017,RIO DE JANEIRO,33079374,CE LEOPOLDINA DA SILVEIRA,2,1585.0,2017,Rio de Janeiro,33079374,CE LEOPOLDINA DA SILVEIRA,Estadual,76.2,19.5,4.3
2017,RIO DE JANEIRO,33079382,CE NICARAGUA,2,390.0,2017,Rio de Janeiro,33079382,CE NICARAGUA,Estadual,71.9,14.1,14.0
2017,RIO DE JANEIRO,33079390,CE PROFESSOR DALTRO SANTOS,2,719.0,2017,Rio de Janeiro,33079390,CE PROFESSOR DALTRO SANTOS,Estadual,79.2,18.0,2.8
2017,RIO DE JANEIRO,33079404,CE REPUBLICA DE MOCAMBIQUE,2,108.0,2017,Rio de Janeiro,33079404,CE REPUBLICA DE MOCAMBIQUE,Estadual,78.5,15.9,5.6
2017,RIO DE JANEIRO,33079706,CE DALVA DE OLIVEIRA,2,141.0,2017,Rio de Janeiro,33079706,CE DALVA DE OLIVEIRA,Estadual,57.7,32.8,9.5
2017,RIO DE JANEIRO,33079714,CE ENGENHEIRO JOAO THOME,2,257.0,2017,Rio de Janeiro,33079714,CE ENGENHEIRO JOAO THOME,Estadual,84.3,6.9,8.8
2017,RIO DE JANEIRO,33079757,CE JACQUES RAIMUNDO,2,101.0,2017,Rio de Janeiro,33079757,CE JACQUES RAIMUNDO,Estadual,76.5,6.9,16.6
2017,RIO DE JANEIRO,33079790,CE MARECHAL ALCIDES ETCHEGOYEN,2,76.0,2017,Rio de Janeiro,33079790,CE MARECHAL ALCIDES ETCHEGOYEN,Estadual,94.8,2.6,2.6
2017,RIO DE JANEIRO,33079803,CE MARIETA CUNHA DA SILVA,2,525.0,2017,Rio de Janeiro,33079803,CE MARIETA CUNHA DA SILVA,Estadual,62.6,28.0,9.4
2017,RIO DE JANEIRO,33079811,CE MILTON CAMPOS,2,141.0,2017,Rio de Janeiro,33079811,CE MILTON CAMPOS,Estadual,77.6,16.4,6.0
2017,RIO DE JANEIRO,33079820,CE MOACYR PADILHA,2,251.0,2017,Rio de Janeiro,33079820,CE MOACYR PADILHA,Estadual,80.0,15.6,4.4
2017,RIO DE JANEIRO,33079846,CE NACOES UNIDAS,2,95.0,2017,Rio de Janeiro,33079846,CE NACOES UNIDAS,Estadual,76.8,16.8,6.4
2017,RIO DE JANEIRO,33079900,CE RAMIZ GALVAO,2,183.0,2017,Rio de Janeiro,33079900,CE RAMIZ GALVAO,Estadual,71.3,13.8,14.9
2017,RIO DE JANEIRO,33079943,CE JOAO SALIM MIGUEL,2,477.0,2017,Rio de Janeiro,33079943,CE JOAO SALIM MIGUEL,Estadual,85.4,11.9,2.7
2017,RIO DE JANEIRO,33081743,CIE MIECIMO DA SILVA,2,510.0,2017,Rio de Janeiro,33081743,CIE MIECIMO DA SILVA,Estadual,97.8,2.2,0.0
2017,RIO DE JANEIRO,33082022,CE FRANCISCO CALDEIRA DE ALVARENGA,2,444.0,2017,Rio de Janeiro,33082022,CE FRANCISCO CALDEIRA DE ALVARENGA,Estadual,63.5,31.5,5.0
2017,RIO DE JANEIRO,33082030,CE FREIRE ALLEMAO,2,114.0,2017,Rio de Janeiro,33082030,CE FREIRE ALLEMAO,Estadual,69.0,21.2,9.8
2017,RIO DE JANEIRO,33082049,CE PROFESSOR FERNANDO ANTONIO RAJA GABAGLIA,2,1726.0,2017,Rio de Janeiro,33082049,CE PROFESSOR FERNANDO ANTONIO RAJA GABAGLIA,Estadual,75.5,19.7,4.8
2017,RIO DE JANEIRO,33082057,CE PROFESSOR DINAMERICO PEREIRA POMBO,2,40.0,2017,Rio de Janeiro,33082057,CE PROFESSOR DINAMERICO PEREIRA POMBO,Estadual,67.5,17.5,15.0
2017,RIO DE JANEIRO,33082065,CE PROFESSOR FELIPE DOS SANTOS REIS,2,113.0,2017,Rio de Janeiro,33082065,CE PROFESSOR FELIPE DOS SANTOS REIS,Estadual,86.9,1.9,11.2
2017,RIO DE JANEIRO,33082073,CE PROFESSOR IVAN VILLON,2,103.0,2017,Rio de Janeiro,33082073,CE PROFESSOR IVAN VILLON,Estadual,72.3,0.0,27.7
2017,RIO DE JANEIRO,33082146,CE DOUTOR ALBERT SABIN,2,2250.0,2017,Rio de Janeiro,33082146,CE DOUTOR ALBERT SABIN,Estadual,72.3,24.9,2.8
2017,RIO DE JANEIRO,33082227,CE ALMIRANTE FRONTIN,2,102.0,2017,Rio de Janeiro,33082227,CE ALMIRANTE FRONTIN,Estadual,80.2,7.2,12.6
2017,RIO DE JANEIRO,33082235,CE AMAZONAS,2,641.0,2017,Rio de Janeiro,33082235,CE AMAZONAS,Estadual,74.0,19.4,6.6
2017,RIO DE JANEIRO,33082286,CE GEORGE WASHINGTON,2,174.0,2017,Rio de Janeiro,33082286,CE GEORGE WASHINGTON,Estadual,85.2,8.3,6.5
2017,RIO DE JANEIRO,33082316,CE JOAO PROENCA,2,347.0,2017,Rio de Janeiro,33082316,CE JOAO PROENCA,Estadual,72.9,14.0,13.1
2017,RIO DE JANEIRO,33082332,CE PRESIDENTE ANTONIO CARLOS,2,231.0,2017,Rio de Janeiro,33082332,CE PRESIDENTE ANTONIO CARLOS,Estadual,62.9,19.7,17.4
2017,RIO DE JANEIRO,33082359,CE PROFESSORA JUREMA PECANHA GIRAUD,2,256.0,2017,Rio de Janeiro,33082359,CE PROFESSORA JUREMA PECANHA GIRAUD,Estadual,57.6,19.2,23.2
2017,RIO DE JANEIRO,33082375,CE RAINHA VITORIA,2,199.0,2017,Rio de Janeiro,33082375,CE RAINHA VITORIA,Estadual,63.3,26.1,10.6
2017,RIO DE JANEIRO,33082430,CE PROFESSOR VIEIRA FAZENDA,2,157.0,2017,Rio de Janeiro,33082430,CE PROFESSOR VIEIRA FAZENDA,Estadual,73.2,11.8,15.0
2017,RIO DE JANEIRO,33083592,IE SARAH KUBITSCHEK,2,2409.0,2017,Rio de Janeiro,33083592,IE SARAH KUBITSCHEK,Estadual,90.8,8.1,1.1
2017,RIO DE JANEIRO,33084238,CE BARAO DO RIO BRANCO,2,1792.0,2017,Rio de Janeiro,33084238,CE BARAO DO RIO BRANCO,Estadual,74.5,24.3,1.2
2017,RIO DE JANEIRO,33084459,CE PESTALOZZI,2,539.0,2017,Rio de Janeiro,33084459,CE PESTALOZZI,Estadual,68.5,30.1,1.4
2017,RIO DE JANEIRO,33085463,CE ANITA GARIBALDI,2,272.0,2017,Rio de Janeiro,33085463,CE ANITA GARIBALDI,Estadual,74.7,16.0,9.3
2017,RIO DE JANEIRO,33085480,CE LEONEL AZEVEDO,2,151.0,2017,Rio de Janeiro,33085480,CE LEONEL AZEVEDO,Estadual,73.5,26.5,0.0
2017,RIO DE JANEIRO,33085498,CE PREFEITO MENDES DE MORAES,2,1959.0,2017,Rio de Janeiro,33085498,CE PREFEITO MENDES DE MORAES,Estadual,71.8,27.8,0.4
2017,RIO DE JANEIRO,33085765,CE DUNSHEE DE ABRANCHES,2,226.0,2017,Rio de Janeiro,33085765,CE DUNSHEE DE ABRANCHES,Estadual,78.8,9.7,11.5
2017,RIO DE JANEIRO,33085838,CE ROTARY,2,121.0,2017,Rio de Janeiro,33085838,CE ROTARY,Estadual,51.7,44.9,3.4
2017,RIO DE JANEIRO,33086427,CE AUGUSTO RUSCHI,2,68.0,2017,Rio de Janeiro,33086427,CE AUGUSTO RUSCHI,Estadual,78.9,17.5,3.6
2017,RIO DE JANEIRO,33086540,CE ACARI,2,135.0,2017,Rio de Janeiro,33086540,CE ACARI,Estadual,62.9,33.6,3.5
2017,RIO DE JANEIRO,33086567,CE GRACILIANO RAMOS,2,120.0,2017,Rio de Janeiro,33086567,CE GRACILIANO RAMOS,Estadual,51.2,38.8,10.0
2017,RIO DE JANEIRO,33086575,CE GUADALUPE,2,103.0,2017,Rio de Janeiro,33086575,CE GUADALUPE,Estadual,56.3,29.1,14.6
2017,RIO DE JANEIRO,33086583,CE MARECHAL JOAO BAPTISTA DE MATTOS,2,1679.0,2017,Rio de Janeiro,33086583,CE MARECHAL JOAO BAPTISTA DE MATTOS,Estadual,59.8,35.4,4.8
2017,RIO DE JANEIRO,33086591,CE PROFESSOR JOEL DE OLIVEIRA,2,463.0,2017,Rio de Janeiro,33086591,CE PROFESSOR JOEL DE OLIVEIRA,Estadual,76.1,20.4,3.5
2017,RIO DE JANEIRO,33086605,CE PROFESSOR MANOEL MAURICIO DE ALBUQUERQUE,2,634.0,2017,Rio de Janeiro,33086605,CE PROFESSOR MANOEL MAURICIO DE ALBUQUERQUE,Estadual,65.6,27.0,7.4
2017,RIO DE JANEIRO,33086613,CE REPUBLICA DE CABO VERDE,2,254.0,2017,Rio de Janeiro,33086613,CE REPUBLICA DE CABO VERDE,Estadual,71.2,23.5,5.3
2017,RIO DE JANEIRO,33086729,CE BELGICA,2,268.0,2017,Rio de Janeiro,33086729,CE BELGICA,Estadual,63.6,20.4,16.0
2017,RIO DE JANEIRO,33086737,CE COELHO NETO,2,133.0,2017,Rio de Janeiro,33086737,CE COELHO NETO,Estadual,64.8,19.2,16.0
2017,RIO DE JANEIRO,33086796,CE PARAIBA,2,126.0,2017,Rio de Janeiro,33086796,CE PARAIBA,Estadual,49.2,27.0,23.8
2017,RIO DE JANEIRO,33087644,CE VICENTE JANNUZZI,2,2133.0,2017,Rio de Janeiro,33087644,CE VICENTE JANNUZZI,Estadual,79.4,14.9,5.7
2017,RIO DE JANEIRO,33087725,CE GILSON AMADO,2,504.0,2017,Rio de Janeiro,33087725,CE GILSON AMADO,Estadual,80.1,19.4,0.5
2017,RIO DE JANEIRO,33087733,CE GOLDA MEIR,2,137.0,2017,Rio de Janeiro,33087733,CE GOLDA MEIR,Estadual,70.2,18.4,11.4
2017,RIO DE JANEIRO,33087750,CE ALMIRANTE TAMANDARE,2,177.0,2017,Rio de Janeiro,33087750,CE ALMIRANTE TAMANDARE,Estadual,55.7,21.0,23.3
2017,RIO DE JANEIRO,33088152,CE JORNALISTA RODOLFO FERNANDES,2,816.0,2017,Rio de Janeiro,33088152,CE JORNALISTA RODOLFO FERNANDES,Estadual,68.3,15.1,16.6
2017,RIO DE JANEIRO,33088179,CE MAX FLEIUSS,2,153.0,2017,Rio de Janeiro,33088179,CE MAX FLEIUSS,Estadual,81.2,10.4,8.4
2017,RIO DE JANEIRO,33095078,CE BERNARDO DE VASCONCELOS,2,236.0,2017,Rio de Janeiro,33095078,CE BERNARDO DE VASCONCELOS,Estadual,74.1,10.9,15.0
2017,RIO DE JANEIRO,33096759,CIEP 173 RAINHA NZINGA ANGOLA,2,609.0,2017,Rio de Janeiro,33096759,CIEP 173 RAINHA NZINGA ANGOLA,Estadual,48.2,32.7,19.1
2017,RIO DE JANEIRO,33097038,CIEP 326 PROFESSOR CESAR PERNETTA,2,635.0,2017,Rio de Janeiro,33097038,CIEP 326 PROFESSOR CESAR PERNETTA,Estadual,77.9,22.1,0.0
2017,RIO DE JANEIRO,33097283,CIEP 321 DOUTOR ULISSES GUIMARAES,2,2159.0,2017,Rio de Janeiro,33097283,CIEP 321 DOUTOR ULISSES GUIMARAES,Estadual,74.3,16.4,9.3
2017,RIO DE JANEIRO,33100659,CAIC NACOES UNIDAS,2,543.0,2017,Rio de Janeiro,33100659,CAIC NACOES UNIDAS,Estadual,65.7,24.5,9.8
2017,RIO DE JANEIRO,33102210,CIEP 241 NACAO MANGUEIRENSE GOVERNADOR LEONEL DE MOURA BRIZOLA,2,1002.0,2017,Rio de Janeiro,33102210,CIEP 241 NACAO MANGUEIRENSE GOVERNADOR LEONEL DE MOURA BRIZOLA,Estadual,61.1,15.1,23.8
2017,RIO DE JANEIRO,33104638,CIEP 195 ANIBAL MACHADO,2,75.0,2017,Rio de Janeiro,33104638,CIEP 195 ANIBAL MACHADO,Estadual,58.7,41.3,0.0
2017,RIO DE JANEIRO,33105065,CAIC EUCLIDES DA CUNHA,2,1962.0,2017,Rio de Janeiro,33105065,CAIC EUCLIDES DA CUNHA,Estadual,75.5,15.3,9.2
2017,RIO DE JANEIRO,33105103,CIEP 303 AYRTON SENNA DA SILVA,2,983.0,2017,Rio de Janeiro,33105103,CIEP 303 AYRTON SENNA DA SILVA,Estadual,65.3,20.2,14.5
2017,RIO DE JANEIRO,33105219,CIEP 379 RAUL SEIXAS,2,227.0,2017,Rio de Janeiro,33105219,CIEP 379 RAUL SEIXAS,Estadual,74.3,18.1,7.6
2017,RIO DE JANEIRO,33105294,CIEP 311 DEPUTADO BOCAYUVA CUNHA,2,1522.0,2017,Rio de Janeiro,33105294,CIEP 311 DEPUTADO BOCAYUVA CUNHA,Estadual,74.3,25.0,0.7
2017,RIO DE JANEIRO,33106550,CIEP 223 OLYMPIO MARQUES DOS SANTOS,2,1022.0,2017,Rio de Janeiro,33106550,CIEP 223 OLYMPIO MARQUES DOS SANTOS,Estadual,68.0,29.2,2.8
2017,RIO DE JANEIRO,33106584,CIEP 336 OCTAVIO MALTA,2,1199.0,2017,Rio de Janeiro,33106584,CIEP 336 OCTAVIO MALTA,Estadual,63.9,21.2,14.9
2017,RIO DE JANEIRO,33106592,CIEP 435 HELIO PELLEGRINO,2,1201.0,2017,Rio de Janeiro,33106592,CIEP 435 HELIO PELLEGRINO,Estadual,73.1,19.8,7.1
2017,RIO DE JANEIRO,33106606,CIEP 224 TARSO DE CASTRO,2,938.0,2017,Rio de Janeiro,33106606,CIEP 224 TARSO DE CASTRO,Estadual,72.3,13.4,14.3
2017,RIO DE JANEIRO,33106614,CIEP 386 GUILHERME DA SILVEIRA FILHO,2,1594.0,2017,Rio de Janeiro,33106614,CIEP 386 GUILHERME DA SILVEIRA FILHO,Estadual,74.9,18.8,6.3
2017,RIO DE JANEIRO,33106630,CIEP 382 ASPIRANTE FRANCISCO MEGA,2,1281.0,2017,Rio de Janeiro,33106630,CIEP 382 ASPIRANTE FRANCISCO MEGA,Estadual,72.5,18.8,8.7
2017,RIO DE JANEIRO,33106649,CIEP 312 RAUL RYFF,2,387.0,2017,Rio de Janeiro,33106649,CIEP 312 RAUL RYFF,Estadual,60.8,25.7,13.5
2017,RIO DE JANEIRO,33106657,CIEP 183 JOAO VITTA,2,661.0,2017,Rio de Janeiro,33106657,CIEP 183 JOAO VITTA,Estadual,89.5,5.5,5.0
2017,RIO DE JANEIRO,33106665,CIEP 432 ALBERTO CAVALCANTI,2,379.0,2017,Rio de Janeiro,33106665,CIEP 432 ALBERTO CAVALCANTI,Estadual,72.2,19.7,8.1
2017,RIO DE JANEIRO,33106673,CIEP 392 MARIO DE ANDRADE,2,1364.0,2017,Rio de Janeiro,33106673,CIEP 392 MARIO DE ANDRADE,Estadual,78.4,14.1,7.5
2017,RIO DE JANEIRO,33106681,CIEP 305 HEITOR DOS PRAZERES,2,1936.0,2017,Rio de Janeiro,33106681,CIEP 305 HEITOR DOS PRAZERES,Estadual,69.7,23.6,6.7
2017,RIO DE JANEIRO,33106690,CIEP 225 MARIO QUINTANA,2,1364.0,2017,Rio de Janeiro,33106690,CIEP 225 MARIO QUINTANA,Estadual,69.7,24.9,5.4
2017,RIO DE JANEIRO,33106703,CIEP 244 OSWALDO ARANHA,2,514.0,2017,Rio de Janeiro,33106703,CIEP 244 OSWALDO ARANHA,Estadual,71.1,19.3,9.6
2017,RIO DE JANEIRO,33106711,CIEP 362 ROBERTO BURLE MARX,2,830.0,2017,Rio de Janeiro,33106711,CIEP 362 ROBERTO BURLE MARX,Estadual,63.3,31.7,5.0
2017,RIO DE JANEIRO,33106720,CIEP 313 RUBEM BRAGA,2,749.0,2017,Rio de Janeiro,33106720,CIEP 313 RUBEM BRAGA,Estadual,66.6,17.9,15.5
2017,RIO DE JANEIRO,33106738,CIEP 433 TOGO RENAN SOARES KANELA,2,1529.0,2017,Rio de Janeiro,33106738,CIEP 433 TOGO RENAN SOARES KANELA,Estadual,70.3,26.4,3.3
2017,RIO DE JANEIRO,33106746,CIEP 165 BRIGADEIRO SERGIO CARVALHO,2,1068.0,2017,Rio de Janeiro,33106746,CIEP 165 BRIGADEIRO SERGIO CARVALHO,Estadual,65.9,33.0,1.1
2017,RIO DE JANEIRO,33110476,CIEP 418 ANTONIO CARLOS BERNARDES -MUSSUM,2,115.0,2017,Rio de Janeiro,33110476,CIEP 418 ANTONIO CARLOS BERNARDES -MUSSUM,Estadual,84.5,15.5,0.0
2017,RIO DE JANEIRO,33110638,CIEP 205 FREI AGOSTINHO FINCIAS,2,422.0,2017,Rio de Janeiro,33110638,CIEP 205 FREI AGOSTINHO FINCIAS,Estadual,61.9,20.1,18.0
2017,RIO DE JANEIRO,33110646,CIEP 323 MARIA WERNECK DE CASTRO,2,728.0,2017,Rio de Janeiro,33110646,CIEP 323 MARIA WERNECK DE CASTRO,Estadual,73.0,15.7,11.3
2017,RIO DE JANEIRO,33110654,CIEP 092 FREDERICO FELLINI,2,607.0,2017,Rio de Janeiro,33110654,CIEP 092 FREDERICO FELLINI,Estadual,62.3,20.7,17.0
2017,RIO DE JANEIRO,33111626,CE LUIZA MAHIN,2,3.0,2017,Rio de Janeiro,33111626,CE LUIZA MAHIN,Estadual,33.3,0.0,66.7
2017,RIO DE JANEIRO,33111707,CE CANDEIA,2,11.0,2017,Rio de Janeiro,33111707,CE CANDEIA,Estadual,100.0,0.0,0.0
2017,RIO DE JANEIRO,33117950,CE PROFESSOR AUGUSTO MOTTA,2,204.0,2017,Rio de Janeiro,33117950,CE PROFESSOR AUGUSTO MOTTA,Estadual,64.0,5.9,30.1
2017,RIO DE JANEIRO,33117969,ESCOLA TECNICA ESTADUAL ADOLPHO BLOCH,2,583.0,2017,Rio de Janeiro,33117969,ESCOLA TECNICA ESTADUAL ADOLPHO BLOCH,Estadual,73.7,18.1,8.2
2017,RIO DE JANEIRO,33117977,ESCOLA TECNICA ESTADUAL SANTA CRUZ,2,836.0,2017,Rio de Janeiro,33117977,ESCOLA TECNICA ESTADUAL SANTA CRUZ,Estadual,84.4,13.2,2.4
2017,RIO DE JANEIRO,33120692,CAIC THEOPHILO DE SOUZA PINTO,2,509.0,2017,Rio de Janeiro,33120692,CAIC THEOPHILO DE SOUZA PINTO,Estadual,57.3,40.9,1.8
2017,RIO DE JANEIRO,33124922,CE OLAVO JOSINO DE SALLES,2,294.0,2017,Rio de Janeiro,33124922,CE OLAVO JOSINO DE SALLES,Estadual,76.6,16.2,7.2
2017,RIO DE JANEIRO,33125304,CE MISSIONARIO MARIO WAY,2,1370.0,2017,Rio de Janeiro,33125304,CE MISSIONARIO MARIO WAY,Estadual,65.0,29.1,5.9
2017,RIO DE JANEIRO,33125317,CE PROFESSORA LUIZA MARINHO,2,1336.0,2017,Rio de Janeiro,33125317,CE PROFESSORA LUIZA MARINHO,Estadual,73.8,21.4,4.8
2017,RIO DE JANEIRO,33125333,CE IRINEU JOSE FERREIRA,2,1166.0,2017,Rio de Janeiro,33125333,CE IRINEU JOSE FERREIRA,Estadual,79.5,16.5,4.0
2017,RIO DE JANEIRO,33125341,CE CORA CORALINA,2,255.0,2017,Rio de Janeiro,33125341,CE CORA CORALINA,Estadual,79.3,6.3,14.4
2017,RIO DE JANEIRO,33125627,CE MINISTRO MARCOS FREIRE,2,472.0,2017,Rio de Janeiro,33125627,CE MINISTRO MARCOS FREIRE,Estadual,81.1,11.6,7.3
2017,RIO DE JANEIRO,33125740,CE PAULO FREIRE,2,560.0,2017,Rio de Janeiro,33125740,CE PAULO FREIRE,Estadual,72.4,24.3,3.3
2017,RIO DE JANEIRO,33125805,CE PROFESSOR TEOFILO MOREIRA DA COSTA,2,341.0,2017,Rio de Janeiro,33125805,CE PROFESSOR TEOFILO MOREIRA DA COSTA,Estadual,90.5,8.1,1.4
2017,RIO DE JANEIRO,33126105,CE FINLANDIA,2,318.0,2017,Rio de Janeiro,33126105,CE FINLANDIA,Estadual,78.6,4.5,16.9
2017,RIO DE JANEIRO,33126160,CE OLGA BENARIO PRESTES,2,2128.0,2017,Rio de Janeiro,33126160,CE OLGA BENARIO PRESTES,Estadual,83.1,14.2,2.7
2017,RIO DE JANEIRO,33126216,CE PROFESSORA DIUMA MADEIRA SALLES DE SOUZA,2,529.0,2017,Rio de Janeiro,33126216,CE PROFESSORA DIUMA MADEIRA SALLES DE SOUZA,Estadual,66.3,23.8,9.9
2017,RIO DE JANEIRO,33126224,CE HERBERT DE SOUZA,2,744.0,2017,Rio de Janeiro,33126224,CE HERBERT DE SOUZA,Estadual,73.3,19.4,7.3
2017,RIO DE JANEIRO,33126232,CE COMPOSITOR LUIZ GONZAGA,2,251.0,2017,Rio de Janeiro,33126232,CE COMPOSITOR LUIZ GONZAGA,Estadual,75.8,15.7,8.5
2017,RIO DE JANEIRO,33126259,CE ROSA LUXEMBURGO,2,335.0,2017,Rio de Janeiro,33126259,CE ROSA LUXEMBURGO,Estadual,67.0,20.8,12.2
2017,RIO DE JANEIRO,33126267,CE PROFESSOR HORACIO MACEDO,2,219.0,2017,Rio de Janeiro,33126267,CE PROFESSOR HORACIO MACEDO,Estadual,83.5,16.5,0.0
2017,RIO DE JANEIRO,33126747,CE MADRE TERESA DE CALCUTA,2,1325.0,2017,Rio de Janeiro,33126747,CE MADRE TERESA DE CALCUTA,Estadual,79.2,19.6,1.2
2017,RIO DE JANEIRO,33126755,CE MONTEIRO DE CARVALHO,2,511.0,2017,Rio de Janeiro,33126755,CE MONTEIRO DE CARVALHO,Estadual,57.7,33.6,8.7
2017,RIO DE JANEIRO,33126852,CE PROFESSORA MARIA NAZARETH CAVALCANTI SILVA,2,1134.0,2017,Rio de Janeiro,33126852,CE PROFESSORA MARIA NAZARETH CAVALCANTI SILVA,Estadual,69.2,30.8,0.0
2017,RIO DE JANEIRO,33126941,CE CHIQUINHA GONZAGA,2,301.0,2017,Rio de Janeiro,33126941,CE CHIQUINHA GONZAGA,Estadual,61.4,29.3,9.3
2017,RIO DE JANEIRO,33127395,CE MINISTRO OROZIMBO NONATO,2,122.0,2017,Rio de Janeiro,33127395,CE MINISTRO OROZIMBO NONATO,Estadual,54.0,27.0,19.0
2017,RIO DE JANEIRO,33127514,CE MARECHAL RONDON,2,239.0,2017,Rio de Janeiro,33127514,CE MARECHAL RONDON,Estadual,64.8,29.6,5.6
2017,RIO DE JANEIRO,33128235,CIEP 339 MARIO TAMBORINDEGUY,2,1209.0,2017,Rio de Janeiro,33128235,CIEP 339 MARIO TAMBORINDEGUY,Estadual,79.9,19.1,1.0
2017,RIO DE JANEIRO,33128618,CE CARLOS MAGNO NAZARETH CERQUEIRA,2,513.0,2017,Rio de Janeiro,33128618,CE CARLOS MAGNO NAZARETH CERQUEIRA,Estadual,63.7,26.6,9.7
2017,RIO DE JANEIRO,33132879,CE DOM HELDER CAMARA,2,1400.0,2017,Rio de Janeiro,33132879,CE DOM HELDER CAMARA,Estadual,71.8,28.1,0.1
2017,RIO DE JANEIRO,33132887,CE COMPOSITOR MANACEIA JOSE DE ANDRADE,2,716.0,2017,Rio de Janeiro,33132887,CE COMPOSITOR MANACEIA JOSE DE ANDRADE,Estadual,61.6,33.1,5.3
2017,RIO DE JANEIRO,33134049,CE PROFESSORA MARIA TEREZINHA DE CARVALHO MACHADO,2,2106.0,2017,Rio de Janeiro,33134049,CE PROFESSORA MARIA TEREZINHA DE CARVALHO MACHADO,Estadual,75.3,24.6,0.1
2017,RIO DE JANEIRO,33135193,CE PROFESSOR JOSE DE SOUZA MARQUES,2,840.0,2017,Rio de Janeiro,33135193,CE PROFESSOR JOSE DE SOUZA MARQUES,Estadual,79.8,15.7,4.5
2017,RIO DE JANEIRO,33136424,CE PROFESSORA VILMA ATANAZIO,2,1048.0,2017,Rio de Janeiro,33136424,CE PROFESSORA VILMA ATANAZIO,Estadual,79.3,15.1,5.6
2017,RIO DE JANEIRO,33136432,CE PROFESSORA VANIA DO AMARAL MATIAS EDDE,2,883.0,2017,Rio de Janeiro,33136432,CE PROFESSORA VANIA DO AMARAL MATIAS EDDE,Estadual,79.5,18.3,2.2
2017,RIO DE JANEIRO,33136459,CE PROFESSORA ALBA CANIZARES DO NASCIMENTO,2,341.0,2017,Rio de Janeiro,33136459,CE PROFESSORA ALBA CANIZARES DO NASCIMENTO,Estadual,71.9,28.1,0.0
2017,RIO DE JANEIRO,33136475,CE MONSENHOR MIGUEL DE SANTA MARIA MOCHON,2,298.0,2017,Rio de Janeiro,33136475,CE MONSENHOR MIGUEL DE SANTA MARIA MOCHON,Estadual,86.3,10.4,3.3
2017,RIO DE JANEIRO,33136483,CE GANDHI,2,225.0,2017,Rio de Janeiro,33136483,CE GANDHI,Estadual,77.2,15.6,7.2
2017,RIO DE JANEIRO,33136505,CE PROFESSORA JEANNETTE DE SOUZA COELHO MANNARINO,2,2148.0,2017,Rio de Janeiro,33136505,CE PROFESSORA JEANNETTE DE SOUZA COELHO MANNARINO,Estadual,87.4,7.3,5.3
2017,RIO DE JANEIRO,33136513,CE ROSARIA TROTTA,2,349.0,2017,Rio de Janeiro,33136513,CE ROSARIA TROTTA,Estadual,80.3,14.1,5.6
2017,RIO DE JANEIRO,33136670,CE GILDO CANDIDO DA SILVA,2,49.0,2017,Rio de Janeiro,33136670,CE GILDO CANDIDO DA SILVA,Estadual,90.5,9.5,0.0
2017,RIO DE JANEIRO,33136696,CE LIBERDADE,2,475.0,2017,Rio de Janeiro,33136696,CE LIBERDADE,Estadual,79.4,16.5,4.1
2017,RIO DE JANEIRO,33138354,CE PROFESSOR OZEAS GOMES LARANGEIRAS,2,412.0,2017,Rio de Janeiro,33138354,CE PROFESSOR OZEAS GOMES LARANGEIRAS,Estadual,83.8,15.5,0.7
2017,RIO DE JANEIRO,33138648,CE STELLA MATUTINA,2,1204.0,2017,Rio de Janeiro,33138648,CE STELLA MATUTINA,Estadual,86.2,13.0,0.8
2017,RIO DE JANEIRO,33139156,CE PROFESSORA SONIA REGINA SCUDESE DESSIMONI PINTO,2,921.0,2017,Rio de Janeiro,33139156,CE PROFESSORA SONIA REGINA SCUDESE DESSIMONI PINTO,Estadual,66.1,29.7,4.2
2017,RIO DE JANEIRO,33140030,CE CONDE PEREIRA CARNEIRO,2,217.0,2017,Rio de Janeiro,33140030,CE CONDE PEREIRA CARNEIRO,Estadual,80.3,10.6,9.1
2017,RIO DE JANEIRO,33140049,CE OSWALDO TEIXEIRA,2,69.0,2017,Rio de Janeiro,33140049,CE OSWALDO TEIXEIRA,Estadual,58.0,23.2,18.8
2017,RIO DE JANEIRO,33140669,CE JORNALISTA TIM LOPES,2,1219.0,2017,Rio de Janeiro,33140669,CE JORNALISTA TIM LOPES,Estadual,74.4,21.2,4.4
2017,RIO DE JANEIRO,33140715,CE ANTONIO HOUAISS,2,1158.0,2017,Rio de Janeiro,33140715,CE ANTONIO HOUAISS,Estadual,77.0,23.0,0.0
2017,RIO DE JANEIRO,33146950,CE PROFESSORA MARIA DE LOURDES DE OLIVEIRA LAVOR - TIA LAVOR,2,1388.0,2017,Rio de Janeiro,33146950,CE PROFESSORA MARIA DE LOURDES DE OLIVEIRA LAVOR - TIA LAVOR,Estadual,66.6,18.1,15.3
2017,RIO DE JANEIRO,33149119,CE CARLOS ARNOLDO ABRUZZINI DA FONSECA,2,1333.0,2017,Rio de Janeiro,33149119,CE CARLOS ARNOLDO ABRUZZINI DA FONSECA,Estadual,76.7,15.7,7.6
2017,RIO DE JANEIRO,33157065,CE ERICH WALTER HEINE,2,550.0,2017,Rio de Janeiro,33157065,CE ERICH WALTER HEINE,Estadual,95.4,4.6,0.0
2017,RIO DE JANEIRO,33170150,CE HEBE CAMARGO,2,397.0,2017,Rio de Janeiro,33170150,CE HEBE CAMARGO,Estadual,94.5,5.2,0.3
2017,RIO DE JANEIRO,33173010,CE JORNALISTA MAURICIO AZEDO,2,247.0,2017,Rio de Janeiro,33173010,CE JORNALISTA MAURICIO AZEDO,Estadual,85.3,12.6,2.1
2017,RIO DE JANEIRO,33271208,CE JOSE LEITE LOPES,2,407.0,2017,Rio de Janeiro,33271208,CE JOSE LEITE LOPES,Estadual,91.3,8.7,0.0
2017,RIO DE JANEIRO,33439222,CE COMPOSITOR LUIZ CARLOS DA VILA,2,475.0,2017,Rio de Janeiro,33439222,CE COMPOSITOR LUIZ CARLOS DA VILA,Estadual,65.2,23.4,11.4
2017,RIO DE JANEIRO,33508232,CE JORNALISTA ARTUR DA TAVOLA,2,386.0,2017,Rio de Janeiro,33508232,CE JORNALISTA ARTUR DA TAVOLA,Estadual,78.4,16.9,4.7
2017,RIO DE JANEIRO,33558230,CE DEPUTADO PEDRO FERNANDES,2,1324.0,2017,Rio de Janeiro,33558230,CE DEPUTADO PEDRO FERNANDES,Estadual,69.6,21.2,9.2
2017,SÃO GONÇALO,33051879,CE DOUTOR MOACYR MEIRELLES PADILHA,2,584.0,2017,São Gonçalo,33051879,CE DOUTOR MOACYR MEIRELLES PADILHA,Estadual,69.9,19.2,10.9
2017,SÃO GONÇALO,33088870,CIEP 430 CARLOS MARIGHELLA,2,84.0,2017,São Gonçalo,33088870,CIEP 430 CARLOS MARIGHELLA,Estadual,77.1,19.3,3.6
2017,SÃO GONÇALO,33088896,CIEP 306 DEPUTADO DAVID QUINDERE,2,208.0,2017,São Gonçalo,33088896,CIEP 306 DEPUTADO DAVID QUINDERE,Estadual,77.8,18.2,4.0
2017,SÃO GONÇALO,33088900,CIEP 249 PASTOR WALDEMAR ZARRO,2,299.0,2017,São Gonçalo,33088900,CIEP 249 PASTOR WALDEMAR ZARRO,Estadual,64.6,35.4,0.0
2017,SÃO GONÇALO,33088926,CIEP 240 PROFESSOR HAROLDO TEIXEIRA VALLADAO,2,83.0,2017,São Gonçalo,33088926,CIEP 240 PROFESSOR HAROLDO TEIXEIRA VALLADAO,Estadual,90.1,7.4,2.5
2017,SÃO GONÇALO,33088942,CIEP 248 PROFESSOR TULIO RODRIGUES PERLINGEIRO,2,39.0,2017,São Gonçalo,33088942,CIEP 248 PROFESSOR TULIO RODRIGUES PERLINGEIRO,Estadual,51.4,48.6,0.0
2017,SÃO GONÇALO,33088950,CIEP 052 PROFESSORA ROMANDA GOUVEIA GONCALVES,2,89.0,2017,São Gonçalo,33088950,CIEP 052 PROFESSORA ROMANDA GOUVEIA GONCALVES,Estadual,84.9,9.3,5.8
2017,SÃO GONÇALO,33089043,CE ARMANDO GONCALVES,2,288.0,2017,São Gonçalo,33089043,CE ARMANDO GONCALVES,Estadual,74.1,16.8,9.1
2017,SÃO GONÇALO,33089051,CE DOUTOR ADINO XAVIER,2,1328.0,2017,São Gonçalo,33089051,CE DOUTOR ADINO XAVIER,Estadual,77.2,20.3,2.5
2017,SÃO GONÇALO,33089060,CE ISMAEL BRANCO,2,250.0,2017,São Gonçalo,33089060,CE ISMAEL BRANCO,Estadual,73.4,24.1,2.5
2017,SÃO GONÇALO,33089086,CE MINISTRO JOSE DE MOURA E SILVA,2,268.0,2017,São Gonçalo,33089086,CE MINISTRO JOSE DE MOURA E SILVA,Estadual,76.4,15.9,7.7
2017,SÃO GONÇALO,33089094,CE NILO PECANHA,2,1033.0,2017,São Gonçalo,33089094,CE NILO PECANHA,Estadual,84.0,15.9,0.1
2017,SÃO GONÇALO,33089108,CE PANDIA CALOGERAS,2,1186.0,2017,São Gonçalo,33089108,CE PANDIA CALOGERAS,Estadual,76.4,21.1,2.5
2017,SÃO GONÇALO,33089124,CE PADRE MANUEL DA NOBREGA,2,237.0,2017,São Gonçalo,33089124,CE PADRE MANUEL DA NOBREGA,Estadual,77.7,19.2,3.1
2017,SÃO GONÇALO,33089388,CE FREDERICO AZEVEDO,2,428.0,2017,São Gonçalo,33089388,CE FREDERICO AZEVEDO,Estadual,77.4,17.7,4.9
2017,SÃO GONÇALO,33089396,CE LAURO CORREA,2,235.0,2017,São Gonçalo,33089396,CE LAURO CORREA,Estadual,54.2,40.7,5.1
2017,SÃO GONÇALO,33089426,CE MONSENHOR BARENCO COELHO,2,288.0,2017,São Gonçalo,33089426,CE MONSENHOR BARENCO COELHO,Estadual,68.9,29.3,1.8
2017,SÃO GONÇALO,33089469,CE PROFESSORA ANTONIETA PALMEIRA,2,227.0,2017,São Gonçalo,33089469,CE PROFESSORA ANTONIETA PALMEIRA,Estadual,77.0,23.0,0.0
2017,SÃO GONÇALO,33089841,IE CLELIA NANCI,2,1026.0,2017,São Gonçalo,33089841,IE CLELIA NANCI,Estadual,78.4,19.9,1.7
2017,SÃO GONÇALO,33090149,CIEP 122 ERMEZINDA DIONIZIO NECCO,2,370.0,2017,São Gonçalo,33090149,CIEP 122 ERMEZINDA DIONIZIO NECCO,Estadual,63.8,30.1,6.1
2017,SÃO GONÇALO,33090157,CIEP 126 ALMEDORINA AZEREDO,2,118.0,2017,São Gonçalo,33090157,CIEP 126 ALMEDORINA AZEREDO,Estadual,77.5,13.5,9.0
2017,SÃO GONÇALO,33090165,CIEP BRIZOLAO 440 MAJOR JOAQUIM DE AZEREDO COUTINHO,2,2.0,2017,São Gonçalo,33090165,CIEP BRIZOLAO 440 MAJOR JOAQUIM DE AZEREDO COUTINHO,Estadual,50.0,0.0,50.0
2017,SÃO GONÇALO,33090173,CIEP 410 PATRICIA GALVAO PAGU,2,229.0,2017,São Gonçalo,33090173,CIEP 410 PATRICIA GALVAO PAGU,Estadual,82.2,17.3,0.5
2017,SÃO GONÇALO,33090246,CE DORVAL FERREIRA DA CUNHA,2,239.0,2017,São Gonçalo,33090246,CE DORVAL FERREIRA DA CUNHA,Estadual,79.4,17.2,3.4
2017,SÃO GONÇALO,33090270,CE AMANDA VELASCO,2,367.0,2017,São Gonçalo,33090270,CE AMANDA VELASCO,Estadual,79.2,13.3,7.5
2017,SÃO GONÇALO,33090300,CE AUGUSTO CEZARIO DIAZ ANDRE,2,471.0,2017,São Gonçalo,33090300,CE AUGUSTO CEZARIO DIAZ ANDRE,Estadual,84.3,14.2,1.5
2017,SÃO GONÇALO,33090327,CE DESEMBARGADOR FERREIRA PINTO,2,229.0,2017,São Gonçalo,33090327,CE DESEMBARGADOR FERREIRA PINTO,Estadual,78.5,20.1,1.4
2017,SÃO GONÇALO,33090343,CE DOUTOR HUMBERTO SOEIRO DE CARVALHO,2,136.0,2017,São Gonçalo,33090343,CE DOUTOR HUMBERTO SOEIRO DE CARVALHO,Estadual,80.6,10.1,9.3
2017,SÃO GONÇALO,33090351,CE DOUTOR RODOLPHO SIQUEIRA,2,330.0,2017,São Gonçalo,33090351,CE DOUTOR RODOLPHO SIQUEIRA,Estadual,78.2,17.8,4.0
2017,SÃO GONÇALO,33090378,CE ELIZA MARIA DUTRA,2,310.0,2017,São Gonçalo,33090378,CE ELIZA MARIA DUTRA,Estadual,82.1,12.7,5.2
2017,SÃO GONÇALO,33090424,CE PROFESSORA ADELIA MARTINS,2,223.0,2017,São Gonçalo,33090424,CE PROFESSORA ADELIA MARTINS,Estadual,73.0,19.1,7.9
2017,SÃO GONÇALO,33090432,CE PROFESSORA DALILA DE OLIVEIRA COSTA,2,303.0,2017,São Gonçalo,33090432,CE PROFESSORA DALILA DE OLIVEIRA COSTA,Estadual,85.8,13.9,0.3
2017,SÃO GONÇALO,33090440,CE PROFESSOR FRANCISCO DE PAULA ACHILLES,2,56.0,2017,São Gonçalo,33090440,CE PROFESSOR FRANCISCO DE PAULA ACHILLES,Estadual,96.3,3.7,0.0
2017,SÃO GONÇALO,33090459,CE PROFESSORA ODYSSEA SILVEIRA DE SIQUEIRA,2,150.0,2017,São Gonçalo,33090459,CE PROFESSORA ODYSSEA SILVEIRA DE SIQUEIRA,Estadual,87.7,11.6,0.7
2017,SÃO GONÇALO,33090475,CE VITAL BRASIL,2,125.0,2017,São Gonçalo,33090475,CE VITAL BRASIL,Estadual,80.0,11.7,8.3
2017,SÃO GONÇALO,33090653,CIEP 121 PROFESSOR JOADELIO CODECO,2,111.0,2017,São Gonçalo,33090653,CIEP 121 PROFESSOR JOADELIO CODECO,Estadual,79.4,16.8,3.8
2017,SÃO GONÇALO,33090670,CIEP 050 PABLO NERUDA,2,501.0,2017,São Gonçalo,33090670,CIEP 050 PABLO NERUDA,Estadual,70.2,28.8,1.0
2017,SÃO GONÇALO,33090688,CIEP 239 PROFESSORA ELZA VIANNA FIALHO,2,247.0,2017,São Gonçalo,33090688,CIEP 239 PROFESSORA ELZA VIANNA FIALHO,Estadual,78.4,18.1,3.5
2017,SÃO GONÇALO,33090726,CE TRASILBO FILGUEIRAS,2,471.0,2017,São Gonçalo,33090726,CE TRASILBO FILGUEIRAS,Estadual,81.4,15.4,3.2
2017,SÃO GONÇALO,33090815,CE ALECRIM,2,96.0,2017,São Gonçalo,33090815,CE ALECRIM,Estadual,88.8,11.2,0.0
2017,SÃO GONÇALO,33090823,CE CORONEL SERRADO,2,235.0,2017,São Gonçalo,33090823,CE CORONEL SERRADO,Estadual,83.2,15.9,0.9
2017,SÃO GONÇALO,33090831,CE DOM ANTONIO DE ALMEIDA MORAES JUNIOR,2,224.0,2017,São Gonçalo,33090831,CE DOM ANTONIO DE ALMEIDA MORAES JUNIOR,Estadual,75.3,18.7,6.0
2017,SÃO GONÇALO,33090840,CE DOUTOR ARMANDO SA COUTO,2,114.0,2017,São Gonçalo,33090840,CE DOUTOR ARMANDO SA COUTO,Estadual,80.7,17.5,1.8
2017,SÃO GONÇALO,33090882,CE MAUA,2,118.0,2017,São Gonçalo,33090882,CE MAUA,Estadual,89.6,10.4,0.0
2017,SÃO GONÇALO,33090904,CE VILA GUARANI,2,137.0,2017,São Gonçalo,33090904,CE VILA GUARANI,Estadual,75.0,13.6,11.4
2017,SÃO GONÇALO,33091196,CE SANTOS DIAS,2,352.0,2017,São Gonçalo,33091196,CE SANTOS DIAS,Estadual,89.3,9.2,1.5
2017,SÃO GONÇALO,33091200,CE WALTER ORLANDINE,2,1510.0,2017,São Gonçalo,33091200,CE WALTER ORLANDINE,Estadual,81.6,15.5,2.9
2017,SÃO GONÇALO,33091340,CE CAPITAO OSWALDO ORNELLAS,2,347.0,2017,São Gonçalo,33091340,CE CAPITAO OSWALDO ORNELLAS,Estadual,81.4,15.3,3.3
2017,SÃO GONÇALO,33091382,CE CORONEL FRANCISCO LIMA,2,151.0,2017,São Gonçalo,33091382,CE CORONEL FRANCISCO LIMA,Estadual,88.4,7.5,4.1
2017,SÃO GONÇALO,33091390,CE CORONEL JOAO TARCISIO BUENO,2,127.0,2017,São Gonçalo,33091390,CE CORONEL JOAO TARCISIO BUENO,Estadual,71.9,22.3,5.8
2017,SÃO GONÇALO,33091447,CE MELCHIADES PICANCO,2,320.0,2017,São Gonçalo,33091447,CE MELCHIADES PICANCO,Estadual,72.0,21.0,7.0
2017,SÃO GONÇALO,33091757,CIEP 246 PROFESSORA ADALGISA CABRAL DE FARIA,2,132.0,2017,São Gonçalo,33091757,CIEP 246 PROFESSORA ADALGISA CABRAL DE FARIA,Estadual,86.7,13.3,0.0
2017,SÃO GONÇALO,33096988,CIEP 412 DOUTOR ZERBINI,2,348.0,2017,São Gonçalo,33096988,CIEP 412 DOUTOR ZERBINI,Estadual,86.7,13.3,0.0
2017,SÃO GONÇALO,33103879,CIEP 413 ADAO PEREIRA NUNES,2,65.0,2017,São Gonçalo,33103879,CIEP 413 ADAO PEREIRA NUNES,Estadual,90.8,9.2,0.0
2017,SÃO GONÇALO,33103887,CIEP 408 SERGIO CARDOSO,2,48.0,2017,São Gonçalo,33103887,CIEP 408 SERGIO CARDOSO,Estadual,82.2,15.6,2.2
2017,SÃO GONÇALO,33103909,CIEP 238 DOUTOR ILTON FARIA DA COSTA,2,304.0,2017,São Gonçalo,33103909,CIEP 238 DOUTOR ILTON FARIA DA COSTA,Estadual,74.8,12.6,12.6
2017,SÃO GONÇALO,33103917,CIEP 423 MORA GUIMARAES,2,10.0,2017,São Gonçalo,33103917,CIEP 423 MORA GUIMARAES,Estadual,62.5,12.5,25.0
2017,SÃO GONÇALO,33103925,CIEP 421 DEPUTADA CRISTINA TAVARES,2,59.0,2017,São Gonçalo,33103925,CIEP 421 DEPUTADA CRISTINA TAVARES,Estadual,83.6,10.9,5.5
2017,SÃO GONÇALO,33103941,CIEP 422 NICANOR FERREIRA NUNES,2,50.0,2017,São Gonçalo,33103941,CIEP 422 NICANOR FERREIRA NUNES,Estadual,80.9,14.9,4.2
2017,SÃO GONÇALO,33103968,CIEP 439 LUIZ GONZAGA JUNIOR - GONZAGUINHA,2,295.0,2017,São Gonçalo,33103968,CIEP 439 LUIZ GONZAGA JUNIOR - GONZAGUINHA,Estadual,85.1,14.9,0.0
2017,SÃO GONÇALO,33104182,CIEP 409 ALAIDE DE FIGUEREDO SANTOS,2,357.0,2017,São Gonçalo,33104182,CIEP 409 ALAIDE DE FIGUEREDO SANTOS,Estadual,67.7,27.5,4.8
2017,SÃO GONÇALO,33114366,CE MARIO TAMBORINDEGUY,2,92.0,2017,São Gonçalo,33114366,CE MARIO TAMBORINDEGUY,Estadual,71.3,22.3,6.4
2017,NITERÓI,33055670,CE FERNANDO MAGALHAES,2,160.0,2017,Niterói,33055670,CE FERNANDO MAGALHAES,Estadual,70.3,21.9,7.8
2017,NITERÓI,33055696,CE GUILHERME BRIGGS,2,192.0,2017,Niterói,33055696,CE GUILHERME BRIGGS,Estadual,93.0,5.4,1.6
2017,NITERÓI,33055700,CE HILARIO RIBEIRO,2,243.0,2017,Niterói,33055700,CE HILARIO RIBEIRO,Estadual,70.1,19.5,10.4
2017,NITERÓI,33055726,CE JOAQUIM TAVORA,2,438.0,2017,Niterói,33055726,CE JOAQUIM TAVORA,Estadual,75.1,20.3,4.6
2017,SÃO GONÇALO,33507210,CE COMENDADOR VALENTIM DOS SANTOS DINIZ,2,346.0,2017,São Gonçalo,33507210,CE COMENDADOR VALENTIM DOS SANTOS DINIZ,Estadual,99.4,0.6,0.0
2017,SÃO GONÇALO,33518238,CIEP 513 GEORGE SAVALLA GOMES - PALHACO CAREQUINHA,2,145.0,2017,São Gonçalo,33518238,CIEP 513 GEORGE SAVALLA GOMES - PALHACO CAREQUINHA,Estadual,74.8,15.8,9.4
2017,RIO DE JANEIRO,33062919,CE PAULO DE FRONTIN,2,1079.0,2017,Rio de Janeiro,33062919,CE PAULO DE FRONTIN,Estadual,60.2,32.5,7.3
2017,RIO DE JANEIRO,33062927,CE TOMAS ANTONIO GONZAGA,2,140.0,2017,Rio de Janeiro,33062927,CE TOMAS ANTONIO GONZAGA,Estadual,70.0,25.0,5.0
2017,NITERÓI,33055734,CE MACHADO DE ASSIS,2,202.0,2017,Niterói,33055734,CE MACHADO DE ASSIS,Estadual,79.9,14.1,6.0
2017,NITERÓI,33055742,CE MULLULO DA VEIGA,2,124.0,2017,Niterói,33055742,CE MULLULO DA VEIGA,Estadual,63.5,26.2,10.3
2017,NITERÓI,33055750,CE PAULO ASSIS RIBEIRO,2,618.0,2017,Niterói,33055750,CE PAULO ASSIS RIBEIRO,Estadual,58.2,28.1,13.7
2017,NITERÓI,33055769,CE RAUL VIDAL,2,570.0,2017,Niterói,33055769,CE RAUL VIDAL,Estadual,63.9,21.7,14.4
2017,NITERÓI,33055785,CE ZULEIKA RAPOSO VALLADARES,2,144.0,2017,Niterói,33055785,CE ZULEIKA RAPOSO VALLADARES,Estadual,85.6,11.5,2.9
2017,NITERÓI,33056358,CE CONSELHEIRO JOSINO,2,92.0,2017,Niterói,33056358,CE CONSELHEIRO JOSINO,Estadual,71.1,20.5,8.4
2017,NITERÓI,33056439,CE EMBAIXADOR RAUL FERNANDES,2,42.0,2017,Niterói,33056439,CE EMBAIXADOR RAUL FERNANDES,Estadual,81.1,10.8,8.1
2017,NITERÓI,33056471,CE JOSE BONIFACIO,2,112.0,2017,Niterói,33056471,CE JOSE BONIFACIO,Estadual,82.1,16.1,1.8
2017,NITERÓI,33056480,CE LEOPOLDO FROES,2,142.0,2017,Niterói,33056480,CE LEOPOLDO FROES,Estadual,77.9,16.8,5.3
2017,NITERÓI,33056498,CE MANUEL DE ABREU,2,603.0,2017,Niterói,33056498,CE MANUEL DE ABREU,Estadual,84.9,11.9,3.2
2017,NITERÓI,33056501,CE MARIA PEREIRA DAS NEVES,2,87.0,2017,Niterói,33056501,CE MARIA PEREIRA DAS NEVES,Estadual,79.3,19.5,1.2
2017,NITERÓI,33056560,CE PINTO LIMA,2,100.0,2017,Niterói,33056560,CE PINTO LIMA,Estadual,69.2,19.8,11.0
2017,SÃO GONÇALO,33091765,CE PAULINO PINHEIRO BAPTISTA,2,289.0,2017,São Gonçalo,33091765,CE PAULINO PINHEIRO BAPTISTA,Estadual,78.3,21.4,0.3
2017,SÃO GONÇALO,33096970,CIEP 309 ZUZU ANGEL,2,122.0,2017,São Gonçalo,33096970,CIEP 309 ZUZU ANGEL,Estadual,73.0,21.7,5.3
2017,RIO DE JANEIRO,33063052,CE MEM DE SA,2,95.0,2017,Rio de Janeiro,33063052,CE MEM DE SA,Estadual,65.2,16.9,17.9
2017,RIO DE JANEIRO,33063389,CE CHICO ANYSIO,2,251.0,2017,Rio de Janeiro,33063389,CE CHICO ANYSIO,Estadual,91.4,8.6,0.0
2017,RIO DE JANEIRO,33063397,CE AMARO CAVALCANTI,2,1592.0,2017,Rio de Janeiro,33063397,CE AMARO CAVALCANTI,Estadual,74.8,17.2,8.0
2017,RIO DE JANEIRO,33063400,CE MEXICO,2,17.0,2017,Rio de Janeiro,33063400,CE MEXICO,Estadual,77.8,16.7,5.5
2017,RIO DE JANEIRO,33063877,CE DEODORO,2,50.0,2017,Rio de Janeiro,33063877,CE DEODORO,Estadual,57.1,28.6,14.3
2017,RIO DE JANEIRO,33064636,CE ECA DE QUEIROS,2,44.0,2017,Rio de Janeiro,33064636,CE ECA DE QUEIROS,Estadual,90.7,7.0,2.3
2017,RIO DE JANEIRO,33064644,CE INFANTE DOM HENRIQUE,2,958.0,2017,Rio de Janeiro,33064644,CE INFANTE DOM HENRIQUE,Estadual,86.5,9.4,4.1
2017,RIO DE JANEIRO,33064652,CE PEDRO ALVARES CABRAL,2,855.0,2017,Rio de Janeiro,33064652,CE PEDRO ALVARES CABRAL,Estadual,77.2,18.2,4.6
2017,RIO DE JANEIRO,33064792,CE CASTELNUOVO,2,35.0,2017,Rio de Janeiro,33064792,CE CASTELNUOVO,Estadual,52.9,44.1,3.0
2017,RIO DE JANEIRO,33064849,CE ROMA,2,20.0,2017,Rio de Janeiro,33064849,CE ROMA,Estadual,89.5,0.0,10.5
2017,RIO DE JANEIRO,33065217,CE PROFESSOR ANTONIO MARIA TEIXEIRA FILHO,2,529.0,2017,Rio de Janeiro,33065217,CE PROFESSOR ANTONIO MARIA TEIXEIRA FILHO,Estadual,84.6,10.4,5.0
2017,RIO DE JANEIRO,33065276,CE ANDRE MAUROIS,2,1674.0,2017,Rio de Janeiro,33065276,CE ANDRE MAUROIS,Estadual,72.5,26.9,0.6
2017,RIO DE JANEIRO,33065284,CE IGNACIO AZEVEDO DO AMARAL,2,726.0,2017,Rio de Janeiro,33065284,CE IGNACIO AZEVEDO DO AMARAL,Estadual,72.6,20.3,7.1
2017,RIO DE JANEIRO,33066027,CE NILO PECANHA,2,154.0,2017,Rio de Janeiro,33066027,CE NILO PECANHA,Estadual,54.2,18.3,27.5
2017,RIO DE JANEIRO,33066035,CE OLAVO BILAC,2,1153.0,2017,Rio de Janeiro,33066035,CE OLAVO BILAC,Estadual,75.6,18.9,5.5
2017,RIO DE JANEIRO,33066043,CE PROFESSOR ERNESTO FARIA,2,551.0,2017,Rio de Janeiro,33066043,CE PROFESSOR ERNESTO FARIA,Estadual,79.3,14.1,6.6
2017,MARICÁ,33053910,CE ELISIARIO MATTA,2,780.0,2017,Maricá,33053910,CE ELISIARIO MATTA,Estadual,87.7,9.0,3.3
2017,NITERÓI,33057702,CE PROFESSORA ALCINA RODRIGUES LIMA,2,422.0,2017,Niterói,33057702,CE PROFESSORA ALCINA RODRIGUES LIMA,Estadual,70.6,17.9,11.5
2018,NITERÓI,33056501,CE MARIA PEREIRA DAS NEVES,2,76.0,2018,Niterói,33056501,CE MARIA PEREIRA DAS NEVES,Estadual,77.8,13.9,8.3
2018,NITERÓI,33056560,CE PINTO LIMA,2,105.0,2018,Niterói,33056560,CE PINTO LIMA,Estadual,75.7,14.6,9.7
2018,NITERÓI,33057010,E T E HENRIQUE LAGE,2,679.0,2018,Niterói,33057010,E T E HENRIQUE LAGE,Estadual,89.2,6.2,4.6
2018,NITERÓI,33057117,IE PROFESSOR ISMAEL COUTINHO,2,279.0,2018,Niterói,33057117,IE PROFESSOR ISMAEL COUTINHO,Estadual,68.5,19.3,12.2
2018,MARICÁ,33053995,CE PROFESSORA CACILDA SILVA,2,102.0,2018,Maricá,33053995,CE PROFESSORA CACILDA SILVA,Estadual,75.7,16.5,7.8
2018,MARICÁ,33054177,CE DOUTOR JOAO GOMES DE MATTOS SOBRINHO,2,577.0,2018,Maricá,33054177,CE DOUTOR JOAO GOMES DE MATTOS SOBRINHO,Estadual,75.2,17.5,7.3
2018,MARICÁ,33054185,CE CAIO FRANCISCO DE FIGUEIREDO,2,341.0,2018,Maricá,33054185,CE CAIO FRANCISCO DE FIGUEIREDO,Estadual,87.7,11.1,1.2
2018,MARICÁ,33054215,CE EUCLYDES PAULO DA SILVA,2,306.0,2018,Maricá,33054215,CE EUCLYDES PAULO DA SILVA,Estadual,87.3,6.8,5.9
2018,MARICÁ,33054339,CE FRANCISCO JOSE DO NASCIMENTO,2,183.0,2018,Maricá,33054339,CE FRANCISCO JOSE DO NASCIMENTO,Estadual,75.1,22.5,2.4
2018,MARICÁ,33096929,CIEP 391 PROFESSOR ROBSON MENDONCA LOU,2,242.0,2018,Maricá,33096929,CIEP 391 PROFESSOR ROBSON MENDONCA LOU,Estadual,82.4,16.2,1.4
2018,MARICÁ,33102414,CIEP 259 PROFESSORA MARIA DO AMPARO RANGEL DE SOUZA,2,578.0,2018,Maricá,33102414,CIEP 259 PROFESSORA MARIA DO AMPARO RANGEL DE SOUZA,Estadual,85.0,13.2,1.8
2018,NITERÓI,33055467,CIEP 251 DONA MARIA PORTUGAL,2,57.0,2018,Niterói,33055467,CIEP 251 DONA MARIA PORTUGAL,Estadual,79.6,9.3,11.1
2018,NITERÓI,33055610,CE AURELINO LEAL,2,1093.0,2018,Niterói,33055610,CE AURELINO LEAL,Estadual,74.1,21.5,4.4
2018,NITERÓI,33055629,CE BALTAZAR BERNARDINO,2,232.0,2018,Niterói,33055629,CE BALTAZAR BERNARDINO,Estadual,73.6,21.1,5.3
2018,NITERÓI,33055637,CE BRIGADEIRO CASTRIOTO,2,156.0,2018,Niterói,33055637,CE BRIGADEIRO CASTRIOTO,Estadual,93.1,6.9,0.0
2018,NITERÓI,33055645,CE CIZINIO SOARES PINTO,2,220.0,2018,Niterói,33055645,CE CIZINIO SOARES PINTO,Estadual,79.9,15.4,4.7
2018,RIO DE JANEIRO,33062340,CAIC JOAQUIM JOSE DA SILVA XAVIER - O TIRADENTES,2,278.0,2018,Rio de Janeiro,33062340,CAIC JOAQUIM JOSE DA SILVA XAVIER - O TIRADENTES,Estadual,72.7,16.2,11.1
2018,RIO DE JANEIRO,33062374,CE REVERENDO HUGH CLARENCE TUCKER,2,216.0,2018,Rio de Janeiro,33062374,CE REVERENDO HUGH CLARENCE TUCKER,Estadual,60.5,23.8,15.7
2018,RIO DE JANEIRO,33062668,CE JULIA KUBITSCHEK,2,832.0,2018,Rio de Janeiro,33062668,CE JULIA KUBITSCHEK,Estadual,84.4,9.9,5.7
2018,RIO DE JANEIRO,33062676,CE SOUZA AGUIAR,2,771.0,2018,Rio de Janeiro,33062676,CE SOUZA AGUIAR,Estadual,56.1,43.8,0.1
2018,NITERÓI,33055700,CE HILARIO RIBEIRO,2,266.0,2018,Niterói,33055700,CE HILARIO RIBEIRO,Estadual,64.7,28.6,6.7
2018,NITERÓI,33055726,CE JOAQUIM TAVORA,2,453.0,2018,Niterói,33055726,CE JOAQUIM TAVORA,Estadual,79.1,20.9,0.0
2018,NITERÓI,33055734,CE MACHADO DE ASSIS,2,199.0,2018,Niterói,33055734,CE MACHADO DE ASSIS,Estadual,83.8,12.2,4.0
2018,NITERÓI,33055742,CE MULLULO DA VEIGA,2,129.0,2018,Niterói,33055742,CE MULLULO DA VEIGA,Estadual,71.2,15.2,13.6
2018,NITERÓI,33055750,CE PAULO ASSIS RIBEIRO,2,686.0,2018,Niterói,33055750,CE PAULO ASSIS RIBEIRO,Estadual,52.8,33.6,13.6
2018,NITERÓI,33055769,CE RAUL VIDAL,2,546.0,2018,Niterói,33055769,CE RAUL VIDAL,Estadual,70.0,23.8,6.2
2018,NITERÓI,33055785,CE ZULEIKA RAPOSO VALLADARES,2,164.0,2018,Niterói,33055785,CE ZULEIKA RAPOSO VALLADARES,Estadual,91.4,6.6,2.0
2018,NITERÓI,33056358,CE CONSELHEIRO JOSINO,2,87.0,2018,Niterói,33056358,CE CONSELHEIRO JOSINO,Estadual,64.6,22.8,12.6
2018,NITERÓI,33056439,CE EMBAIXADOR RAUL FERNANDES,2,46.0,2018,Niterói,33056439,CE EMBAIXADOR RAUL FERNANDES,Estadual,63.6,27.3,9.1
2018,NITERÓI,33056471,CE JOSE BONIFACIO,2,98.0,2018,Niterói,33056471,CE JOSE BONIFACIO,Estadual,68.5,30.3,1.2
2018,NITERÓI,33056480,CE LEOPOLDO FROES,2,142.0,2018,Niterói,33056480,CE LEOPOLDO FROES,Estadual,74.5,21.9,3.6
2018,NITERÓI,33056498,CE MANUEL DE ABREU,2,563.0,2018,Niterói,33056498,CE MANUEL DE ABREU,Estadual,76.6,21.8,1.6
2018,RIO DE JANEIRO,33064849,CE ROMA,2,11.0,2018,Rio de Janeiro,33064849,CE ROMA,Estadual,100.0,0.0,0.0
2018,RIO DE JANEIRO,33065217,CE PROFESSOR ANTONIO MARIA TEIXEIRA FILHO,2,507.0,2018,Rio de Janeiro,33065217,CE PROFESSOR ANTONIO MARIA TEIXEIRA FILHO,Estadual,85.3,14.7,0.0
2018,RIO DE JANEIRO,33065276,CE ANDRE MAUROIS,2,1796.0,2018,Rio de Janeiro,33065276,CE ANDRE MAUROIS,Estadual,75.2,22.2,2.6
2018,RIO DE JANEIRO,33065284,CE IGNACIO AZEVEDO DO AMARAL,2,726.0,2018,Rio de Janeiro,33065284,CE IGNACIO AZEVEDO DO AMARAL,Estadual,77.7,20.1,2.2
2018,NITERÓI,33057508,LICEU NILO PECANHA,2,2046.0,2018,Niterói,33057508,LICEU NILO PECANHA,Estadual,74.3,24.7,1.0
2018,NITERÓI,33057702,CE PROFESSORA ALCINA RODRIGUES DE LIMA,2,434.0,2018,Niterói,33057702,CE PROFESSORA ALCINA RODRIGUES DE LIMA,Estadual,79.6,14.3,6.1
2018,NITERÓI,33057737,CE ALMIRANTE TAMANDARE,2,342.0,2018,Niterói,33057737,CE ALMIRANTE TAMANDARE,Estadual,86.5,13.5,0.0
2018,NITERÓI,33057745,CE DOUTOR SOUZA SOARES,2,15.0,2018,Niterói,33057745,CE DOUTOR SOUZA SOARES,Estadual,100.0,0.0,0.0
2018,NITERÓI,33096805,CIEP 449 GOVERNADOR LEONEL DE MOURA BRIZOLA BRASIL FRANCA,2,268.0,2018,Niterói,33096805,CIEP 449 GOVERNADOR LEONEL DE MOURA BRIZOLA BRASIL FRANCA,Estadual,88.5,11.5,0.0
2018,NITERÓI,33102503,CE DAVID CAPISTRANO,2,741.0,2018,Niterói,33102503,CE DAVID CAPISTRANO,Estadual,75.3,19.2,5.5
2018,NITERÓI,33102520,CIEP 307 DJANIRA,2,92.0,2018,Niterói,33102520,CIEP 307 DJANIRA,Estadual,70.0,18.9,11.1
2018,NITERÓI,33108579,CIEP 448 RUY FRAZAO SOARES,2,154.0,2018,Niterói,33108579,CIEP 448 RUY FRAZAO SOARES,Estadual,83.1,10.8,6.1
2018,NITERÓI,33153795,COL DA POLICIA MILITAR DO EST DO RIO DE JANEIRO,2,122.0,2018,Niterói,33153795,COL DA POLICIA MILITAR DO EST DO RIO DE JANEIRO,Estadual,90.3,9.7,0.0
2018,NITERÓI,33172919,CE MATEMATICO JOAQUIM GOMES DE SOUSA - INTER-CULTURAL BRASIL-CHINA,2,234.0,2018,Niterói,33172919,CE MATEMATICO JOAQUIM GOMES DE SOUSA - INTER-CULTURAL BRASIL-CHINA,Estadual,88.8,11.2,0.0
2018,RIO DE JANEIRO,33062250,CE ALDEBARA,2,242.0,2018,Rio de Janeiro,33062250,CE ALDEBARA,Estadual,64.7,18.9,16.4
2018,RIO DE JANEIRO,33062277,CE CUBA,2,238.0,2018,Rio de Janeiro,33062277,CE CUBA,Estadual,62.8,26.3,10.9
2018,RIO DE JANEIRO,33068011,CE AFONSO PENA,2,163.0,2018,Rio de Janeiro,33068011,CE AFONSO PENA,Estadual,72.8,13.3,13.9
2018,RIO DE JANEIRO,33068844,CE BAHIA,2,590.0,2018,Rio de Janeiro,33068844,CE BAHIA,Estadual,76.7,18.6,4.7
2018,RIO DE JANEIRO,33068852,CE PROFESSOR CLOVIS MONTEIRO,2,1250.0,2018,Rio de Janeiro,33068852,CE PROFESSOR CLOVIS MONTEIRO,Estadual,57.6,33.1,9.3
2018,RIO DE JANEIRO,33069026,CE RUY BARBOSA,2,333.0,2018,Rio de Janeiro,33069026,CE RUY BARBOSA,Estadual,52.2,37.6,10.2
2018,RIO DE JANEIRO,33062919,CE PAULO DE FRONTIN,2,1110.0,2018,Rio de Janeiro,33062919,CE PAULO DE FRONTIN,Estadual,60.0,33.9,6.1
2018,RIO DE JANEIRO,33062927,CE TOMAS ANTONIO GONZAGA,2,154.0,2018,Rio de Janeiro,33062927,CE TOMAS ANTONIO GONZAGA,Estadual,69.9,26.8,3.3
2018,RIO DE JANEIRO,33063052,CE MEM DE SA,2,70.0,2018,Rio de Janeiro,33063052,CE MEM DE SA,Estadual,76.2,9.5,14.3
2018,RIO DE JANEIRO,33063389,CE CHICO ANYSIO,2,297.0,2018,Rio de Janeiro,33063389,CE CHICO ANYSIO,Estadual,91.5,8.5,0.0
2018,RIO DE JANEIRO,33063397,CE AMARO CAVALCANTI,2,1590.0,2018,Rio de Janeiro,33063397,CE AMARO CAVALCANTI,Estadual,77.4,17.5,5.1
2018,RIO DE JANEIRO,33063400,CE MEXICO,2,10.0,2018,Rio de Janeiro,33063400,CE MEXICO,Estadual,80.0,0.0,20.0
2018,RIO DE JANEIRO,33063877,CE DEODORO,2,65.0,2018,Rio de Janeiro,33063877,CE DEODORO,Estadual,69.7,15.2,15.1
2018,RIO DE JANEIRO,33063907,CE PROFESSOR JOAO BORGES DE MORAES,2,112.0,2018,Rio de Janeiro,33063907,CE PROFESSOR JOAO BORGES DE MORAES,Estadual,54.3,31.4,14.3
2018,RIO DE JANEIRO,33064636,CE ECA DE QUEIROS,2,19.0,2018,Rio de Janeiro,33064636,CE ECA DE QUEIROS,Estadual,95.0,0.0,5.0
2018,RIO DE JANEIRO,33064644,CE INFANTE DOM HENRIQUE,2,1036.0,2018,Rio de Janeiro,33064644,CE INFANTE DOM HENRIQUE,Estadual,87.3,8.2,4.5
2018,RIO DE JANEIRO,33064652,CE PEDRO ALVARES CABRAL,2,876.0,2018,Rio de Janeiro,33064652,CE PEDRO ALVARES CABRAL,Estadual,73.1,21.2,5.7
2018,RIO DE JANEIRO,33064792,CE CASTELNUOVO,2,40.0,2018,Rio de Janeiro,33064792,CE CASTELNUOVO,Estadual,52.6,10.5,36.9
2018,RIO DE JANEIRO,33071535,CE AGRIPINO GRIECO,2,231.0,2018,Rio de Janeiro,33071535,CE AGRIPINO GRIECO,Estadual,71.9,13.8,14.3
2018,RIO DE JANEIRO,33071543,CE BOLIVAR,2,129.0,2018,Rio de Janeiro,33071543,CE BOLIVAR,Estadual,80.2,16.8,3.0
2018,RIO DE JANEIRO,33071551,CE CENTRAL DO BRASIL,2,1332.0,2018,Rio de Janeiro,33071551,CE CENTRAL DO BRASIL,Estadual,68.4,28.7,2.9
2018,RIO DE JANEIRO,33071560,CE DELFIM MOREIRA,2,321.0,2018,Rio de Janeiro,33071560,CE DELFIM MOREIRA,Estadual,64.0,16.8,19.2
2018,RIO DE JANEIRO,33066027,CE NILO PECANHA,2,174.0,2018,Rio de Janeiro,33066027,CE NILO PECANHA,Estadual,52.6,20.8,26.6
2018,RIO DE JANEIRO,33066035,CE OLAVO BILAC,2,1161.0,2018,Rio de Janeiro,33066035,CE OLAVO BILAC,Estadual,72.4,13.9,13.7
2018,RIO DE JANEIRO,33066043,CE PROFESSOR ERNESTO FARIA,2,603.0,2018,Rio de Janeiro,33066043,CE PROFESSOR ERNESTO FARIA,Estadual,81.0,19.0,0.0
2018,RIO DE JANEIRO,33066140,CE GONCALVES DIAS,2,265.0,2018,Rio de Janeiro,33066140,CE GONCALVES DIAS,Estadual,63.1,17.5,19.4
2018,RIO DE JANEIRO,33066523,INSTITUTO DE APLICACAO FERNANDO RODRIGUES DA SILVEIRA CAP-UERJ,2,213.0,2018,Rio de Janeiro,33066523,INSTITUTO DE APLICACAO FERNANDO RODRIGUES DA SILVEIRA CAP-UERJ,Estadual,88.1,11.4,0.5
2018,RIO DE JANEIRO,33066590,CE ANTONIO PRADO JUNIOR,2,1655.0,2018,Rio de Janeiro,33066590,CE ANTONIO PRADO JUNIOR,Estadual,76.5,23.2,0.3
2018,RIO DE JANEIRO,33066612,CE PROFESSOR CLOVIS SALGADO,2,256.0,2018,Rio de Janeiro,33066612,CE PROFESSOR CLOVIS SALGADO,Estadual,68.0,20.6,11.4
2018,RIO DE JANEIRO,33066620,CE SOARES PEREIRA,2,117.0,2018,Rio de Janeiro,33066620,CE SOARES PEREIRA,Estadual,70.8,7.1,22.1
2018,RIO DE JANEIRO,33067228,ESCOLA TECNICA ESTADUAL FERREIRA VIANA,2,797.0,2018,Rio de Janeiro,33067228,ESCOLA TECNICA ESTADUAL FERREIRA VIANA,Estadual,77.6,17.3,5.1
2018,RIO DE JANEIRO,33067252,INSTITUTO SUPERIOR DE EDUCACAO DO RIO DE JANEIRO,2,623.0,2018,Rio de Janeiro,33067252,INSTITUTO SUPERIOR DE EDUCACAO DO RIO DE JANEIRO,Estadual,69.6,30.4,0.0
2018,RIO DE JANEIRO,33067783,CE FRANCISCO CAMPOS,2,177.0,2018,Rio de Janeiro,33067783,CE FRANCISCO CAMPOS,Estadual,50.6,31.8,17.6
2018,RIO DE JANEIRO,33067791,CE JOAO ALFREDO,2,1201.0,2018,Rio de Janeiro,33067791,CE JOAO ALFREDO,Estadual,65.5,28.4,6.1
2018,RIO DE JANEIRO,33073368,CE PASTOR MIRANDA PINTO,2,124.0,2018,Rio de Janeiro,33073368,CE PASTOR MIRANDA PINTO,Estadual,66.4,30.3,3.3
2018,RIO DE JANEIRO,33074038,CE ITALIA,2,399.0,2018,Rio de Janeiro,33074038,CE ITALIA,Estadual,65.8,14.7,19.5
2018,RIO DE JANEIRO,33074046,CE JOSUE DE CASTRO,2,249.0,2018,Rio de Janeiro,33074046,CE JOSUE DE CASTRO,Estadual,69.7,16.0,14.3
2018,RIO DE JANEIRO,33074054,CE NUNO ALVARES PEREIRA,2,149.0,2018,Rio de Janeiro,33074054,CE NUNO ALVARES PEREIRA,Estadual,71.9,21.9,6.2
2018,RIO DE JANEIRO,33069034,CE TENENTE GENERAL NAPION,2,365.0,2018,Rio de Janeiro,33069034,CE TENENTE GENERAL NAPION,Estadual,65.4,15.1,19.5
2018,RIO DE JANEIRO,33069921,CE GOMES FREIRE DE ANDRADE,2,1597.0,2018,Rio de Janeiro,33069921,CE GOMES FREIRE DE ANDRADE,Estadual,65.8,31.6,2.6
2018,RIO DE JANEIRO,33069930,CE HEITOR LIRA,2,794.0,2018,Rio de Janeiro,33069930,CE HEITOR LIRA,Estadual,80.2,13.1,6.7
2018,RIO DE JANEIRO,33069948,CE JOSE MARTI,2,406.0,2018,Rio de Janeiro,33069948,CE JOSE MARTI,Estadual,77.5,10.1,12.4
2018,RIO DE JANEIRO,33069956,CE REPUBLICA DE ANGOLA,2,239.0,2018,Rio de Janeiro,33069956,CE REPUBLICA DE ANGOLA,Estadual,66.2,22.4,11.4
2018,RIO DE JANEIRO,33069964,CE REPUBLICA DE GUINE BISSAU,2,234.0,2018,Rio de Janeiro,33069964,CE REPUBLICA DE GUINE BISSAU,Estadual,57.4,16.5,26.1
2018,RIO DE JANEIRO,33070148,CE BRANT HORTA,2,181.0,2018,Rio de Janeiro,33070148,CE BRANT HORTA,Estadual,55.2,31.5,13.3
2018,RIO DE JANEIRO,33070156,CE CHILE,2,367.0,2018,Rio de Janeiro,33070156,CE CHILE,Estadual,55.6,28.9,15.5
2018,RIO DE JANEIRO,33070164,CE CONDE DE AGROLONGO,2,111.0,2018,Rio de Janeiro,33070164,CE CONDE DE AGROLONGO,Estadual,70.5,24.8,4.7
2018,RIO DE JANEIRO,33070199,CE JOAO MARQUES DOS REIS,2,186.0,2018,Rio de Janeiro,33070199,CE JOAO MARQUES DOS REIS,Estadual,73.3,13.9,12.8
2018,RIO DE JANEIRO,33070326,CE TERESA CRISTINA,2,94.0,2018,Rio de Janeiro,33070326,CE TERESA CRISTINA,Estadual,68.7,22.9,8.4
2018,RIO DE JANEIRO,33070946,E T E JUSCELINO KUBITSCHEK,2,466.0,2018,Rio de Janeiro,33070946,E T E JUSCELINO KUBITSCHEK,Estadual,90.0,8.9,1.1
2018,RIO DE JANEIRO,33075220,CE PROFESSOR SOUSA DA SILVEIRA,2,237.0,2018,Rio de Janeiro,33075220,CE PROFESSOR SOUSA DA SILVEIRA,Estadual,64.0,11.8,24.2
2018,RIO DE JANEIRO,33075689,CE CARDEAL ARCOVERDE,2,216.0,2018,Rio de Janeiro,33075689,CE CARDEAL ARCOVERDE,Estadual,83.9,16.1,0.0
2018,RIO DE JANEIRO,33075719,CE CONDE AFONSO CELSO,2,277.0,2018,Rio de Janeiro,33075719,CE CONDE AFONSO CELSO,Estadual,61.2,24.8,14.0
2018,RIO DE JANEIRO,33075760,CE FRANCISCO PALHETA,2,156.0,2018,Rio de Janeiro,33075760,CE FRANCISCO PALHETA,Estadual,60.9,19.2,19.9
2018,RIO DE JANEIRO,33071578,CE FRANCISCO JOBIM,2,102.0,2018,Rio de Janeiro,33071578,CE FRANCISCO JOBIM,Estadual,57.4,16.8,25.8
2018,RIO DE JANEIRO,33071586,CE MARANHAO,2,260.0,2018,Rio de Janeiro,33071586,CE MARANHAO,Estadual,62.1,10.8,27.1
2018,RIO DE JANEIRO,33071594,CE OLINTO DA GAMA BOTELHO,2,639.0,2018,Rio de Janeiro,33071594,CE OLINTO DA GAMA BOTELHO,Estadual,70.0,20.1,9.9
2018,RIO DE JANEIRO,33071969,CE VISCONDE DE CAIRU,2,1639.0,2018,Rio de Janeiro,33071969,CE VISCONDE DE CAIRU,Estadual,56.7,38.5,4.8
2018,RIO DE JANEIRO,33072078,CE BARAO DE MACAUBAS,2,338.0,2018,Rio de Janeiro,33072078,CE BARAO DE MACAUBAS,Estadual,61.5,13.5,25.0
2018,RIO DE JANEIRO,33072094,CE JOAO KOPKE,2,49.0,2018,Rio de Janeiro,33072094,CE JOAO KOPKE,Estadual,68.6,19.6,11.8
2018,RIO DE JANEIRO,33072183,CE JOSE EDUARDO DE MACEDO SOARES,2,216.0,2018,Rio de Janeiro,33072183,CE JOSE EDUARDO DE MACEDO SOARES,Estadual,69.9,13.7,16.4
2018,RIO DE JANEIRO,33072205,CE LAURO SODRE,2,40.0,2018,Rio de Janeiro,33072205,CE LAURO SODRE,Estadual,65.9,20.5,13.6
2018,RIO DE JANEIRO,33072248,CE HISPANO BRASILEIRO JOAO CABRAL DE MELO NETO,2,277.0,2018,Rio de Janeiro,33072248,CE HISPANO BRASILEIRO JOAO CABRAL DE MELO NETO,Estadual,87.3,12.7,0.0
2018,RIO DE JANEIRO,33072280,CE PERNAMBUCO,2,114.0,2018,Rio de Janeiro,33072280,CE PERNAMBUCO,Estadual,62.5,26.8,10.7
2018,RIO DE JANEIRO,33072337,CE SARMIENTO,2,41.0,2018,Rio de Janeiro,33072337,CE SARMIENTO,Estadual,69.0,14.3,16.7
2018,RIO DE JANEIRO,33072370,CE VIRGILIO DE MELO FRANCO,2,209.0,2018,Rio de Janeiro,33072370,CE VIRGILIO DE MELO FRANCO,Estadual,84.3,8.1,7.6
2018,RIO DE JANEIRO,33077134,CE ENGENHEIRO BERNARDO SAYAO,2,278.0,2018,Rio de Janeiro,33077134,CE ENGENHEIRO BERNARDO SAYAO,Estadual,80.3,14.5,5.2
2018,RIO DE JANEIRO,33077142,CE MAHATMA GANDHI,2,215.0,2018,Rio de Janeiro,33077142,CE MAHATMA GANDHI,Estadual,58.8,20.9,20.3
2018,RIO DE JANEIRO,33077150,CE CARDEAL DOM EUGENIO DE ARAUJO SALES,2,381.0,2018,Rio de Janeiro,33077150,CE CARDEAL DOM EUGENIO DE ARAUJO SALES,Estadual,64.3,17.5,18.2
2018,RIO DE JANEIRO,33077169,CE EUNICE WEAVER,2,399.0,2018,Rio de Janeiro,33077169,CE EUNICE WEAVER,Estadual,86.5,7.7,5.8
2018,RIO DE JANEIRO,33074151,CE MATO GROSSO,2,215.0,2018,Rio de Janeiro,33074151,CE MATO GROSSO,Estadual,68.7,19.4,11.9
2018,RIO DE JANEIRO,33074160,CE ADLAI STEVENSON,2,182.0,2018,Rio de Janeiro,33074160,CE ADLAI STEVENSON,Estadual,74.7,20.8,4.5
2018,RIO DE JANEIRO,33074232,CE OLIMPIA DO COUTO,2,269.0,2018,Rio de Janeiro,33074232,CE OLIMPIA DO COUTO,Estadual,81.9,18.1,0.0
2018,RIO DE JANEIRO,33074267,CE RODRIGO OTAVIO FILHO,2,275.0,2018,Rio de Janeiro,33074267,CE RODRIGO OTAVIO FILHO,Estadual,70.4,8.4,21.2
2018,RIO DE JANEIRO,33074798,CE AMAPA,2,73.0,2018,Rio de Janeiro,33074798,CE AMAPA,Estadual,80.3,12.7,7.0
2018,RIO DE JANEIRO,33075034,ESCOLA TECNICA ESTADUAL OSCAR TENORIO,2,517.0,2018,Rio de Janeiro,33075034,ESCOLA TECNICA ESTADUAL OSCAR TENORIO,Estadual,80.4,8.0,11.6
2018,RIO DE JANEIRO,33075166,IE CARMELA DUTRA,2,1019.0,2018,Rio de Janeiro,33075166,IE CARMELA DUTRA,Estadual,81.8,16.4,1.8
2018,RIO DE JANEIRO,33075174,CE CHARLES CHAPLIN,2,193.0,2018,Rio de Janeiro,33075174,CE CHARLES CHAPLIN,Estadual,53.2,17.0,29.8
2018,RIO DE JANEIRO,33075182,CE CIDADE DE LISBOA,2,176.0,2018,Rio de Janeiro,33075182,CE CIDADE DE LISBOA,Estadual,64.6,15.2,20.2
2018,RIO DE JANEIRO,33075190,CE LUIZ DE CAMOES,2,232.0,2018,Rio de Janeiro,33075190,CE LUIZ DE CAMOES,Estadual,71.8,17.2,11.0
2018,RIO DE JANEIRO,33075204,CE MARQUES REBELO,2,196.0,2018,Rio de Janeiro,33075204,CE MARQUES REBELO,Estadual,68.2,18.5,13.3
2018,RIO DE JANEIRO,33075212,CE PROFESSOR JOSE ACCIOLI,2,449.0,2018,Rio de Janeiro,33075212,CE PROFESSOR JOSE ACCIOLI,Estadual,94.1,5.2,0.7
2018,RIO DE JANEIRO,33079374,CE LEOPOLDINA DA SILVEIRA,2,1494.0,2018,Rio de Janeiro,33079374,CE LEOPOLDINA DA SILVEIRA,Estadual,76.8,20.3,2.9
2018,RIO DE JANEIRO,33079382,CE NICARAGUA,2,393.0,2018,Rio de Janeiro,33079382,CE NICARAGUA,Estadual,62.3,37.4,0.3
2018,RIO DE JANEIRO,33079390,CE PROFESSOR DALTRO SANTOS,2,632.0,2018,Rio de Janeiro,33079390,CE PROFESSOR DALTRO SANTOS,Estadual,64.2,30.8,5.0
2018,RIO DE JANEIRO,33079404,CE REPUBLICA DE MOCAMBIQUE,2,124.0,2018,Rio de Janeiro,33079404,CE REPUBLICA DE MOCAMBIQUE,Estadual,60.5,29.0,10.5
2018,RIO DE JANEIRO,33075816,CE OLEGARIO MARIANO,2,218.0,2018,Rio de Janeiro,33075816,CE OLEGARIO MARIANO,Estadual,72.3,19.4,8.3
2018,RIO DE JANEIRO,33075832,CE PARANA,2,161.0,2018,Rio de Janeiro,33075832,CE PARANA,Estadual,71.0,19.8,9.2
2018,RIO DE JANEIRO,33075867,CE SANTOS DUMONT,2,218.0,2018,Rio de Janeiro,33075867,CE SANTOS DUMONT,Estadual,68.3,20.2,11.5
2018,RIO DE JANEIRO,33075883,CE VIRIATO CORREA,2,131.0,2018,Rio de Janeiro,33075883,CE VIRIATO CORREA,Estadual,58.7,28.1,13.2
2018,RIO DE JANEIRO,33075891,CE WALDEMIRO POTSCH,2,152.0,2018,Rio de Janeiro,33075891,CE WALDEMIRO POTSCH,Estadual,73.7,20.4,5.9
2018,RIO DE JANEIRO,33076480,E T E REPUBLICA,2,1341.0,2018,Rio de Janeiro,33076480,E T E REPUBLICA,Estadual,60.8,34.0,5.2
2018,RIO DE JANEIRO,33076502,ESCOLA TECNICA ESTADUAL VISCONDE DE MAUA,2,426.0,2018,Rio de Janeiro,33076502,ESCOLA TECNICA ESTADUAL VISCONDE DE MAUA,Estadual,73.4,24.6,2.0
2018,RIO DE JANEIRO,33077088,CE ADALGISA MONTEIRO,2,446.0,2018,Rio de Janeiro,33077088,CE ADALGISA MONTEIRO,Estadual,83.6,11.4,5.0
2018,RIO DE JANEIRO,33077096,CE ALBERTO PASQUALINI,2,12.0,2018,Rio de Janeiro,33077096,CE ALBERTO PASQUALINI,Estadual,81.8,0.0,18.2
2018,RIO DE JANEIRO,33077100,CE BRIGADEIRO SCHORCHT,2,1543.0,2018,Rio de Janeiro,33077100,CE BRIGADEIRO SCHORCHT,Estadual,79.0,19.6,1.4
2018,RIO DE JANEIRO,33077118,CE CARLOS LACERDA,2,282.0,2018,Rio de Janeiro,33077118,CE CARLOS LACERDA,Estadual,84.8,13.4,1.8
2018,RIO DE JANEIRO,33077126,CE EDUARDO MONDLANE,2,544.0,2018,Rio de Janeiro,33077126,CE EDUARDO MONDLANE,Estadual,70.0,23.3,6.7
2018,RIO DE JANEIRO,33082030,CE FREIRE ALLEMAO,2,108.0,2018,Rio de Janeiro,33082030,CE FREIRE ALLEMAO,Estadual,75.8,5.3,18.9
2018,RIO DE JANEIRO,33082049,CE PROFESSOR FERNANDO ANTONIO RAJA GABAGLIA,2,1675.0,2018,Rio de Janeiro,33082049,CE PROFESSOR FERNANDO ANTONIO RAJA GABAGLIA,Estadual,80.7,16.0,3.3
2018,RIO DE JANEIRO,33082057,CE PROFESSOR DINAMERICO PEREIRA POMBO,2,13.0,2018,Rio de Janeiro,33082057,CE PROFESSOR DINAMERICO PEREIRA POMBO,Estadual,78.6,14.3,7.1
2018,RIO DE JANEIRO,33082065,CE PROFESSOR FELIPE DOS SANTOS REIS,2,54.0,2018,Rio de Janeiro,33082065,CE PROFESSOR FELIPE DOS SANTOS REIS,Estadual,83.3,1.7,15.0
2018,RIO DE JANEIRO,33077177,CE PRESIDENTE JOAO GOULART,2,301.0,2018,Rio de Janeiro,33077177,CE PRESIDENTE JOAO GOULART,Estadual,69.0,9.7,21.3
2018,RIO DE JANEIRO,33077185,CE SENADOR TEOTONIO VILELA,2,353.0,2018,Rio de Janeiro,33077185,CE SENADOR TEOTONIO VILELA,Estadual,51.7,34.3,14.0
2018,RIO DE JANEIRO,33077371,CE ALINA DE BRITO,2,442.0,2018,Rio de Janeiro,33077371,CE ALINA DE BRITO,Estadual,66.2,23.4,10.4
2018,RIO DE JANEIRO,33077452,CE EMBAIXADOR DIAS CARNEIRO,2,250.0,2018,Rio de Janeiro,33077452,CE EMBAIXADOR DIAS CARNEIRO,Estadual,96.6,3.4,0.0
2018,RIO DE JANEIRO,33077525,CE MARECHAL CANROBERT PEREIRA DA COSTA,2,86.0,2018,Rio de Janeiro,33077525,CE MARECHAL CANROBERT PEREIRA DA COSTA,Estadual,75.3,24.7,0.0
2018,RIO DE JANEIRO,33077568,CE ROSA DO POVO,2,425.0,2018,Rio de Janeiro,33077568,CE ROSA DO POVO,Estadual,75.1,14.0,10.9
2018,RIO DE JANEIRO,33077576,CE VICTOR HUGO,2,243.0,2018,Rio de Janeiro,33077576,CE VICTOR HUGO,Estadual,61.3,19.3,19.4
2018,RIO DE JANEIRO,33079323,CE STUART EDGAR ANGEL JONES,2,994.0,2018,Rio de Janeiro,33079323,CE STUART EDGAR ANGEL JONES,Estadual,72.1,25.7,2.2
2018,RIO DE JANEIRO,33079331,CE AGOSTINHO NETO,2,258.0,2018,Rio de Janeiro,33079331,CE AGOSTINHO NETO,Estadual,80.4,10.4,9.2
2018,RIO DE JANEIRO,33079340,CE BANGU,2,1501.0,2018,Rio de Janeiro,33079340,CE BANGU,Estadual,63.5,33.1,3.4
2018,RIO DE JANEIRO,33079358,CE COLLECCHIO,2,1595.0,2018,Rio de Janeiro,33079358,CE COLLECCHIO,Estadual,70.9,23.6,5.5
2018,RIO DE JANEIRO,33079366,CE JORGE ZARUR,2,263.0,2018,Rio de Janeiro,33079366,CE JORGE ZARUR,Estadual,80.4,16.8,2.8
2018,RIO DE JANEIRO,33084459,CE PESTALOZZI,2,505.0,2018,Rio de Janeiro,33084459,CE PESTALOZZI,Estadual,68.3,28.8,2.9
2018,RIO DE JANEIRO,33085463,CE ANITA GARIBALDI,2,321.0,2018,Rio de Janeiro,33085463,CE ANITA GARIBALDI,Estadual,78.1,12.4,9.5
2018,RIO DE JANEIRO,33085480,CE LEONEL AZEVEDO,2,156.0,2018,Rio de Janeiro,33085480,CE LEONEL AZEVEDO,Estadual,63.4,17.4,19.2
2018,RIO DE JANEIRO,33085498,CE PREFEITO MENDES DE MORAES,2,1928.0,2018,Rio de Janeiro,33085498,CE PREFEITO MENDES DE MORAES,Estadual,62.0,37.7,0.3
2018,RIO DE JANEIRO,33079706,CE DALVA DE OLIVEIRA,2,172.0,2018,Rio de Janeiro,33079706,CE DALVA DE OLIVEIRA,Estadual,60.2,29.2,10.6
2018,RIO DE JANEIRO,33079714,CE ENGENHEIRO JOAO THOME,2,316.0,2018,Rio de Janeiro,33079714,CE ENGENHEIRO JOAO THOME,Estadual,78.5,7.6,13.9
2018,RIO DE JANEIRO,33079757,CE JACQUES RAIMUNDO,2,46.0,2018,Rio de Janeiro,33079757,CE JACQUES RAIMUNDO,Estadual,80.0,11.1,8.9
2018,RIO DE JANEIRO,33079790,CE MARECHAL ALCIDES ETCHEGOYEN,2,47.0,2018,Rio de Janeiro,33079790,CE MARECHAL ALCIDES ETCHEGOYEN,Estadual,82.2,4.4,13.4
2018,RIO DE JANEIRO,33079803,CE MARIETA CUNHA DA SILVA,2,659.0,2018,Rio de Janeiro,33079803,CE MARIETA CUNHA DA SILVA,Estadual,54.1,41.1,4.8
2018,RIO DE JANEIRO,33079811,CE MILTON CAMPOS,2,171.0,2018,Rio de Janeiro,33079811,CE MILTON CAMPOS,Estadual,78.3,9.6,12.1
2018,RIO DE JANEIRO,33079820,CE MOACYR PADILHA,2,294.0,2018,Rio de Janeiro,33079820,CE MOACYR PADILHA,Estadual,77.8,10.2,12.0
2018,RIO DE JANEIRO,33079846,CE NACOES UNIDAS,2,43.0,2018,Rio de Janeiro,33079846,CE NACOES UNIDAS,Estadual,83.3,0.0,16.7
2018,RIO DE JANEIRO,33079900,CE RAMIZ GALVAO,2,212.0,2018,Rio de Janeiro,33079900,CE RAMIZ GALVAO,Estadual,65.4,20.0,14.6
2018,RIO DE JANEIRO,33079943,CE JOAO SALIM MIGUEL,2,583.0,2018,Rio de Janeiro,33079943,CE JOAO SALIM MIGUEL,Estadual,79.5,19.0,1.5
2018,RIO DE JANEIRO,33081743,CIE MIECIMO DA SILVA,2,489.0,2018,Rio de Janeiro,33081743,CIE MIECIMO DA SILVA,Estadual,97.3,2.5,0.2
2018,RIO DE JANEIRO,33082022,CE FRANCISCO CALDEIRA DE ALVARENGA,2,549.0,2018,Rio de Janeiro,33082022,CE FRANCISCO CALDEIRA DE ALVARENGA,Estadual,55.5,13.2,31.3
2018,RIO DE JANEIRO,33086796,CE PARAIBA,2,123.0,2018,Rio de Janeiro,33086796,CE PARAIBA,Estadual,52.4,11.1,36.5
2018,RIO DE JANEIRO,33087644,CE VICENTE JANNUZZI,2,2216.0,2018,Rio de Janeiro,33087644,CE VICENTE JANNUZZI,Estadual,83.3,16.2,0.5
2018,RIO DE JANEIRO,33087725,CE GILSON AMADO,2,475.0,2018,Rio de Janeiro,33087725,CE GILSON AMADO,Estadual,67.9,20.5,11.6
2018,RIO DE JANEIRO,33087733,CE GOLDA MEIR,2,170.0,2018,Rio de Janeiro,33087733,CE GOLDA MEIR,Estadual,56.6,30.8,12.6
2018,RIO DE JANEIRO,33082073,CE PROFESSOR IVAN VILLON,2,49.0,2018,Rio de Janeiro,33082073,CE PROFESSOR IVAN VILLON,Estadual,83.7,0.0,16.3
2018,RIO DE JANEIRO,33082146,CE DOUTOR ALBERT SABIN,2,2153.0,2018,Rio de Janeiro,33082146,CE DOUTOR ALBERT SABIN,Estadual,79.5,17.4,3.1
2018,RIO DE JANEIRO,33082227,CE ALMIRANTE FRONTIN,2,106.0,2018,Rio de Janeiro,33082227,CE ALMIRANTE FRONTIN,Estadual,80.9,13.9,5.2
2018,RIO DE JANEIRO,33082235,CE AMAZONAS,2,623.0,2018,Rio de Janeiro,33082235,CE AMAZONAS,Estadual,74.2,25.0,0.8
2018,RIO DE JANEIRO,33082286,CE GEORGE WASHINGTON,2,187.0,2018,Rio de Janeiro,33082286,CE GEORGE WASHINGTON,Estadual,83.2,5.8,11.0
2018,RIO DE JANEIRO,33082316,CE JOAO PROENCA,2,423.0,2018,Rio de Janeiro,33082316,CE JOAO PROENCA,Estadual,59.5,20.8,19.7
2018,RIO DE JANEIRO,33082332,CE PRESIDENTE ANTONIO CARLOS,2,258.0,2018,Rio de Janeiro,33082332,CE PRESIDENTE ANTONIO CARLOS,Estadual,64.4,20.3,15.3
2018,RIO DE JANEIRO,33082359,CE PROFESSORA JUREMA PECANHA GIRAUD,2,271.0,2018,Rio de Janeiro,33082359,CE PROFESSORA JUREMA PECANHA GIRAUD,Estadual,63.9,29.8,6.3
2018,RIO DE JANEIRO,33082375,CE RAINHA VITORIA,2,194.0,2018,Rio de Janeiro,33082375,CE RAINHA VITORIA,Estadual,64.4,19.8,15.8
2018,RIO DE JANEIRO,33082430,CE PROFESSOR VIEIRA FAZENDA,2,179.0,2018,Rio de Janeiro,33082430,CE PROFESSOR VIEIRA FAZENDA,Estadual,68.0,23.3,8.7
2018,RIO DE JANEIRO,33083592,IE SARAH KUBITSCHEK,2,2409.0,2018,Rio de Janeiro,33083592,IE SARAH KUBITSCHEK,Estadual,86.8,11.8,1.4
2018,RIO DE JANEIRO,33084238,CE BARAO DO RIO BRANCO,2,1930.0,2018,Rio de Janeiro,33084238,CE BARAO DO RIO BRANCO,Estadual,79.9,15.3,4.8
2018,RIO DE JANEIRO,33105219,CIEP 379 RAUL SEIXAS,2,301.0,2018,Rio de Janeiro,33105219,CIEP 379 RAUL SEIXAS,Estadual,68.4,21.1,10.5
2018,RIO DE JANEIRO,33105294,CIEP 311 DEPUTADO BOCAYUVA CUNHA,2,1568.0,2018,Rio de Janeiro,33105294,CIEP 311 DEPUTADO BOCAYUVA CUNHA,Estadual,65.1,27.4,7.5
2018,RIO DE JANEIRO,33106550,CIEP 223 OLYMPIO MARQUES DOS SANTOS,2,1037.0,2018,Rio de Janeiro,33106550,CIEP 223 OLYMPIO MARQUES DOS SANTOS,Estadual,67.7,25.8,6.5
2018,RIO DE JANEIRO,33106584,CIEP 336 OCTAVIO MALTA,2,1365.0,2018,Rio de Janeiro,33106584,CIEP 336 OCTAVIO MALTA,Estadual,56.2,14.7,29.1
2018,RIO DE JANEIRO,33085765,CE DUNSHEE DE ABRANCHES,2,222.0,2018,Rio de Janeiro,33085765,CE DUNSHEE DE ABRANCHES,Estadual,78.7,20.8,0.5
2018,RIO DE JANEIRO,33085838,CE ROTARY,2,117.0,2018,Rio de Janeiro,33085838,CE ROTARY,Estadual,58.1,17.1,24.8
2018,RIO DE JANEIRO,33086427,CE AUGUSTO RUSCHI,2,50.0,2018,Rio de Janeiro,33086427,CE AUGUSTO RUSCHI,Estadual,85.7,12.2,2.1
2018,RIO DE JANEIRO,33086540,CE ACARI,2,125.0,2018,Rio de Janeiro,33086540,CE ACARI,Estadual,62.8,17.8,19.4
2018,RIO DE JANEIRO,33086567,CE GRACILIANO RAMOS,2,111.0,2018,Rio de Janeiro,33086567,CE GRACILIANO RAMOS,Estadual,51.8,38.6,9.6
2018,RIO DE JANEIRO,33086575,CE GUADALUPE,2,82.0,2018,Rio de Janeiro,33086575,CE GUADALUPE,Estadual,54.3,35.8,9.9
2018,RIO DE JANEIRO,33086583,CE MARECHAL JOAO BAPTISTA DE MATTOS,2,1673.0,2018,Rio de Janeiro,33086583,CE MARECHAL JOAO BAPTISTA DE MATTOS,Estadual,59.7,37.2,3.1
2018,RIO DE JANEIRO,33086591,CE PROFESSOR JOEL DE OLIVEIRA,2,447.0,2018,Rio de Janeiro,33086591,CE PROFESSOR JOEL DE OLIVEIRA,Estadual,71.4,24.9,3.7
2018,RIO DE JANEIRO,33086605,CE PROFESSOR MANOEL MAURICIO DE ALBUQUERQUE,2,573.0,2018,Rio de Janeiro,33086605,CE PROFESSOR MANOEL MAURICIO DE ALBUQUERQUE,Estadual,56.3,30.2,13.5
2018,RIO DE JANEIRO,33086613,CE REPUBLICA DE CABO VERDE,2,244.0,2018,Rio de Janeiro,33086613,CE REPUBLICA DE CABO VERDE,Estadual,62.5,29.3,8.2
2018,RIO DE JANEIRO,33086729,CE BELGICA,2,303.0,2018,Rio de Janeiro,33086729,CE BELGICA,Estadual,65.0,17.7,17.3
2018,RIO DE JANEIRO,33086737,CE COELHO NETO,2,127.0,2018,Rio de Janeiro,33086737,CE COELHO NETO,Estadual,70.8,20.0,9.2
2018,RIO DE JANEIRO,33106720,CIEP 313 RUBEM BRAGA,2,761.0,2018,Rio de Janeiro,33106720,CIEP 313 RUBEM BRAGA,Estadual,60.3,32.6,7.1
2018,RIO DE JANEIRO,33106738,CIEP 433 TOGO RENAN SOARES KANELA,2,1508.0,2018,Rio de Janeiro,33106738,CIEP 433 TOGO RENAN SOARES KANELA,Estadual,67.4,28.4,4.2
2018,RIO DE JANEIRO,33106746,CIEP 165 BRIGADEIRO SERGIO CARVALHO,2,1161.0,2018,Rio de Janeiro,33106746,CIEP 165 BRIGADEIRO SERGIO CARVALHO,Estadual,60.9,38.4,0.7
2018,RIO DE JANEIRO,33110476,CIEP 418 ANTONIO CARLOS BERNARDES -MUSSUM,2,147.0,2018,Rio de Janeiro,33110476,CIEP 418 ANTONIO CARLOS BERNARDES -MUSSUM,Estadual,76.4,2.8,20.8
2018,RIO DE JANEIRO,33087750,CE ALMIRANTE TAMANDARE,2,199.0,2018,Rio de Janeiro,33087750,CE ALMIRANTE TAMANDARE,Estadual,52.8,12.7,34.5
2018,RIO DE JANEIRO,33088152,CE JORNALISTA RODOLFO FERNANDES,2,885.0,2018,Rio de Janeiro,33088152,CE JORNALISTA RODOLFO FERNANDES,Estadual,63.6,10.8,25.6
2018,RIO DE JANEIRO,33088179,CE MAX FLEIUSS,2,199.0,2018,Rio de Janeiro,33088179,CE MAX FLEIUSS,Estadual,68.6,13.4,18.0
2018,RIO DE JANEIRO,33095078,CE BERNARDO DE VASCONCELOS,2,274.0,2018,Rio de Janeiro,33095078,CE BERNARDO DE VASCONCELOS,Estadual,78.3,6.5,15.2
2018,RIO DE JANEIRO,33096759,CIEP 173 RAINHA NZINGA ANGOLA,2,630.0,2018,Rio de Janeiro,33096759,CIEP 173 RAINHA NZINGA ANGOLA,Estadual,45.2,49.9,4.9
2018,RIO DE JANEIRO,33097038,CIEP 326 PROFESSOR CESAR PERNETTA,2,692.0,2018,Rio de Janeiro,33097038,CIEP 326 PROFESSOR CESAR PERNETTA,Estadual,51.4,48.6,0.0
2018,RIO DE JANEIRO,33097283,CIEP 321 DOUTOR ULISSES GUIMARAES,2,2041.0,2018,Rio de Janeiro,33097283,CIEP 321 DOUTOR ULISSES GUIMARAES,Estadual,77.2,18.0,4.8
2018,RIO DE JANEIRO,33100659,CAIC NACOES UNIDAS,2,663.0,2018,Rio de Janeiro,33100659,CAIC NACOES UNIDAS,Estadual,61.0,30.7,8.3
2018,RIO DE JANEIRO,33102210,CIEP 241 NACAO MANGUEIRENSE GOVERNADOR LEONEL DE MOURA BRIZOLA,2,1044.0,2018,Rio de Janeiro,33102210,CIEP 241 NACAO MANGUEIRENSE GOVERNADOR LEONEL DE MOURA BRIZOLA,Estadual,67.6,29.6,2.8
2018,RIO DE JANEIRO,33104638,CIEP 195 ANIBAL MACHADO,2,61.0,2018,Rio de Janeiro,33104638,CIEP 195 ANIBAL MACHADO,Estadual,68.8,20.3,10.9
2018,RIO DE JANEIRO,33105065,CAIC EUCLIDES DA CUNHA,2,2258.0,2018,Rio de Janeiro,33105065,CAIC EUCLIDES DA CUNHA,Estadual,76.2,14.6,9.2
2018,RIO DE JANEIRO,33105103,CIEP 303 AYRTON SENNA DA SILVA,2,978.0,2018,Rio de Janeiro,33105103,CIEP 303 AYRTON SENNA DA SILVA,Estadual,65.0,28.6,6.4
2018,RIO DE JANEIRO,33125317,CE PROFESSORA LUIZA MARINHO,2,1426.0,2018,Rio de Janeiro,33125317,CE PROFESSORA LUIZA MARINHO,Estadual,74.1,22.7,3.2
2018,RIO DE JANEIRO,33125333,CE IRINEU JOSE FERREIRA,2,1097.0,2018,Rio de Janeiro,33125333,CE IRINEU JOSE FERREIRA,Estadual,84.6,10.4,5.0
2018,RIO DE JANEIRO,33125341,CE CORA CORALINA,2,258.0,2018,Rio de Janeiro,33125341,CE CORA CORALINA,Estadual,68.5,31.5,0.0
2018,RIO DE JANEIRO,33125627,CE MINISTRO MARCOS FREIRE,2,438.0,2018,Rio de Janeiro,33125627,CE MINISTRO MARCOS FREIRE,Estadual,54.9,44.9,0.2
2018,RIO DE JANEIRO,33106592,CIEP 435 HELIO PELLEGRINO,2,1191.0,2018,Rio de Janeiro,33106592,CIEP 435 HELIO PELLEGRINO,Estadual,74.6,17.9,7.5
2018,RIO DE JANEIRO,33106606,CIEP 224 TARSO DE CASTRO,2,1007.0,2018,Rio de Janeiro,33106606,CIEP 224 TARSO DE CASTRO,Estadual,70.1,18.7,11.2
2018,RIO DE JANEIRO,33106614,CIEP 386 GUILHERME DA SILVEIRA FILHO,2,1733.0,2018,Rio de Janeiro,33106614,CIEP 386 GUILHERME DA SILVEIRA FILHO,Estadual,77.8,16.4,5.8
2018,RIO DE JANEIRO,33106630,CIEP 382 ASPIRANTE FRANCISCO MEGA,2,1536.0,2018,Rio de Janeiro,33106630,CIEP 382 ASPIRANTE FRANCISCO MEGA,Estadual,69.0,26.6,4.4
2018,RIO DE JANEIRO,33106649,CIEP 312 RAUL RYFF,2,588.0,2018,Rio de Janeiro,33106649,CIEP 312 RAUL RYFF,Estadual,69.3,28.0,2.7
2018,RIO DE JANEIRO,33106657,CIEP 183 JOAO VITTA,2,724.0,2018,Rio de Janeiro,33106657,CIEP 183 JOAO VITTA,Estadual,70.9,21.0,8.1
2018,RIO DE JANEIRO,33106665,CIEP 432 ALBERTO CAVALCANTI,2,394.0,2018,Rio de Janeiro,33106665,CIEP 432 ALBERTO CAVALCANTI,Estadual,76.9,14.7,8.4
2018,RIO DE JANEIRO,33106673,CIEP 392 MARIO DE ANDRADE,2,1425.0,2018,Rio de Janeiro,33106673,CIEP 392 MARIO DE ANDRADE,Estadual,75.1,23.5,1.4
2018,RIO DE JANEIRO,33106681,CIEP 305 HEITOR DOS PRAZERES,2,1930.0,2018,Rio de Janeiro,33106681,CIEP 305 HEITOR DOS PRAZERES,Estadual,67.5,27.0,5.5
2018,RIO DE JANEIRO,33106690,CIEP 225 MARIO QUINTANA,2,1537.0,2018,Rio de Janeiro,33106690,CIEP 225 MARIO QUINTANA,Estadual,69.4,30.3,0.3
2018,RIO DE JANEIRO,33106703,CIEP 244 OSWALDO ARANHA,2,669.0,2018,Rio de Janeiro,33106703,CIEP 244 OSWALDO ARANHA,Estadual,67.9,22.5,9.6
2018,RIO DE JANEIRO,33106711,CIEP 362 ROBERTO BURLE MARX,2,935.0,2018,Rio de Janeiro,33106711,CIEP 362 ROBERTO BURLE MARX,Estadual,53.2,35.6,11.2
2018,RIO DE JANEIRO,33126941,CE CHIQUINHA GONZAGA,2,265.0,2018,Rio de Janeiro,33126941,CE CHIQUINHA GONZAGA,Estadual,66.4,27.7,5.9
2018,RIO DE JANEIRO,33127395,CE MINISTRO OROZIMBO NONATO,2,128.0,2018,Rio de Janeiro,33127395,CE MINISTRO OROZIMBO NONATO,Estadual,45.4,30.0,24.6
2018,RIO DE JANEIRO,33127514,CE MARECHAL RONDON,2,246.0,2018,Rio de Janeiro,33127514,CE MARECHAL RONDON,Estadual,74.1,23.9,2.0
2018,RIO DE JANEIRO,33128235,CIEP 339 MARIO TAMBORINDEGUY,2,1335.0,2018,Rio de Janeiro,33128235,CIEP 339 MARIO TAMBORINDEGUY,Estadual,75.4,24.2,0.4
2018,RIO DE JANEIRO,33110638,CIEP 205 FREI AGOSTINHO FINCIAS,2,426.0,2018,Rio de Janeiro,33110638,CIEP 205 FREI AGOSTINHO FINCIAS,Estadual,65.1,26.2,8.7
2018,RIO DE JANEIRO,33110646,CIEP 323 MARIA WERNECK DE CASTRO,2,821.0,2018,Rio de Janeiro,33110646,CIEP 323 MARIA WERNECK DE CASTRO,Estadual,71.3,14.3,14.4
2018,RIO DE JANEIRO,33110654,CIEP 092 FREDERICO FELLINI,2,585.0,2018,Rio de Janeiro,33110654,CIEP 092 FREDERICO FELLINI,Estadual,75.5,22.6,1.9
2018,RIO DE JANEIRO,33111626,CE LUIZA MAHIN,2,5.0,2018,Rio de Janeiro,33111626,CE LUIZA MAHIN,Estadual,66.7,0.0,33.3
2018,RIO DE JANEIRO,33111707,CE CANDEIA,2,11.0,2018,Rio de Janeiro,33111707,CE CANDEIA,Estadual,57.1,42.9,0.0
2018,RIO DE JANEIRO,33117950,CE PROFESSOR AUGUSTO MOTTA,2,198.0,2018,Rio de Janeiro,33117950,CE PROFESSOR AUGUSTO MOTTA,Estadual,47.7,19.6,32.7
2018,RIO DE JANEIRO,33117969,ESCOLA TECNICA ESTADUAL ADOLPHO BLOCH,2,482.0,2018,Rio de Janeiro,33117969,ESCOLA TECNICA ESTADUAL ADOLPHO BLOCH,Estadual,75.7,19.5,4.8
2018,RIO DE JANEIRO,33117977,ESCOLA TECNICA ESTADUAL SANTA CRUZ,2,739.0,2018,Rio de Janeiro,33117977,ESCOLA TECNICA ESTADUAL SANTA CRUZ,Estadual,83.3,11.4,5.3
2018,RIO DE JANEIRO,33120692,CAIC THEOPHILO DE SOUZA PINTO,2,627.0,2018,Rio de Janeiro,33120692,CAIC THEOPHILO DE SOUZA PINTO,Estadual,46.3,35.4,18.3
2018,RIO DE JANEIRO,33124620,CE PADRE CARLOS LEONCIO DA SILVA,2,11.0,2018,Rio de Janeiro,33124620,CE PADRE CARLOS LEONCIO DA SILVA,Estadual,100.0,0.0,0.0
2018,RIO DE JANEIRO,33124922,CE OLAVO JOSINO DE SALLES,2,332.0,2018,Rio de Janeiro,33124922,CE OLAVO JOSINO DE SALLES,Estadual,65.0,22.4,12.6
2018,RIO DE JANEIRO,33125304,CE MISSIONARIO MARIO WAY,2,1414.0,2018,Rio de Janeiro,33125304,CE MISSIONARIO MARIO WAY,Estadual,72.5,18.1,9.4
2018,RIO DE JANEIRO,33136670,CE GILDO CANDIDO DA SILVA,2,56.0,2018,Rio de Janeiro,33136670,CE GILDO CANDIDO DA SILVA,Estadual,94.1,5.9,0.0
2018,RIO DE JANEIRO,33136696,CE LIBERDADE,2,508.0,2018,Rio de Janeiro,33136696,CE LIBERDADE,Estadual,82.3,14.6,3.1
2018,RIO DE JANEIRO,33138354,CE PROFESSOR OZEAS GOMES LARANGEIRAS,2,476.0,2018,Rio de Janeiro,33138354,CE PROFESSOR OZEAS GOMES LARANGEIRAS,Estadual,78.9,12.5,8.6
2018,RIO DE JANEIRO,33138648,CE STELLA MATUTINA,2,1134.0,2018,Rio de Janeiro,33138648,CE STELLA MATUTINA,Estadual,85.4,14.6,0.0
2018,RIO DE JANEIRO,33125740,CE PAULO FREIRE,2,565.0,2018,Rio de Janeiro,33125740,CE PAULO FREIRE,Estadual,71.5,24.7,3.8
2018,RIO DE JANEIRO,33125805,CE PROFESSOR TEOFILO MOREIRA DA COSTA,2,406.0,2018,Rio de Janeiro,33125805,CE PROFESSOR TEOFILO MOREIRA DA COSTA,Estadual,81.6,9.3,9.1
2018,RIO DE JANEIRO,33126105,CE FINLANDIA,2,321.0,2018,Rio de Janeiro,33126105,CE FINLANDIA,Estadual,80.9,9.1,10.0
2018,RIO DE JANEIRO,33126160,CE OLGA BENARIO PRESTES,2,2257.0,2018,Rio de Janeiro,33126160,CE OLGA BENARIO PRESTES,Estadual,83.4,16.3,0.3
2018,RIO DE JANEIRO,33126216,CE PROFESSORA DIUMA MADEIRA SALLES DE SOUZA,2,505.0,2018,Rio de Janeiro,33126216,CE PROFESSORA DIUMA MADEIRA SALLES DE SOUZA,Estadual,61.5,25.3,13.2
2018,RIO DE JANEIRO,33126224,CE HERBERT DE SOUZA,2,731.0,2018,Rio de Janeiro,33126224,CE HERBERT DE SOUZA,Estadual,65.4,24.5,10.1
2018,RIO DE JANEIRO,33126232,CE COMPOSITOR LUIZ GONZAGA,2,280.0,2018,Rio de Janeiro,33126232,CE COMPOSITOR LUIZ GONZAGA,Estadual,72.1,18.1,9.8
2018,RIO DE JANEIRO,33126259,CE ROSA LUXEMBURGO,2,237.0,2018,Rio de Janeiro,33126259,CE ROSA LUXEMBURGO,Estadual,70.4,20.0,9.6
2018,RIO DE JANEIRO,33126267,CE PROFESSOR HORACIO MACEDO,2,266.0,2018,Rio de Janeiro,33126267,CE PROFESSOR HORACIO MACEDO,Estadual,80.9,18.7,0.4
2018,RIO DE JANEIRO,33126747,CE MADRE TERESA DE CALCUTA,2,1368.0,2018,Rio de Janeiro,33126747,CE MADRE TERESA DE CALCUTA,Estadual,86.6,13.4,0.0
2018,RIO DE JANEIRO,33126755,CE MONTEIRO DE CARVALHO,2,542.0,2018,Rio de Janeiro,33126755,CE MONTEIRO DE CARVALHO,Estadual,65.0,24.7,10.3
2018,RIO DE JANEIRO,33126852,CE PROFESSORA MARIA NAZARETH CAVALCANTI SILVA,2,1226.0,2018,Rio de Janeiro,33126852,CE PROFESSORA MARIA NAZARETH CAVALCANTI SILVA,Estadual,73.1,26.9,0.0
2018,RIO DE JANEIRO,33508232,CE JORNALISTA ARTUR DA TAVOLA,2,385.0,2018,Rio de Janeiro,33508232,CE JORNALISTA ARTUR DA TAVOLA,Estadual,81.2,14.3,4.5
2018,RIO DE JANEIRO,33558230,CE DEPUTADO PEDRO FERNANDES,2,1446.0,2018,Rio de Janeiro,33558230,CE DEPUTADO PEDRO FERNANDES,Estadual,66.6,29.7,3.7
2018,SÃO GONÇALO,33051879,CE DOUTOR MOACYR MEIRELLES PADILHA,2,476.0,2018,São Gonçalo,33051879,CE DOUTOR MOACYR MEIRELLES PADILHA,Estadual,64.3,31.8,3.9
2018,SÃO GONÇALO,33088870,CIEP 430 CARLOS MARIGHELLA,2,121.0,2018,São Gonçalo,33088870,CIEP 430 CARLOS MARIGHELLA,Estadual,72.9,26.3,0.8
2018,RIO DE JANEIRO,33128618,CE CARLOS MAGNO NAZARETH CERQUEIRA,2,529.0,2018,Rio de Janeiro,33128618,CE CARLOS MAGNO NAZARETH CERQUEIRA,Estadual,63.5,25.3,11.2
2018,RIO DE JANEIRO,33132879,CE DOM HELDER CAMARA,2,1134.0,2018,Rio de Janeiro,33132879,CE DOM HELDER CAMARA,Estadual,69.7,26.2,4.1
2018,RIO DE JANEIRO,33132887,CE COMPOSITOR MANACEIA JOSE DE ANDRADE,2,680.0,2018,Rio de Janeiro,33132887,CE COMPOSITOR MANACEIA JOSE DE ANDRADE,Estadual,64.3,32.1,3.6
2018,RIO DE JANEIRO,33134049,CE PROFESSORA MARIA TEREZINHA DE CARVALHO MACHADO,2,1982.0,2018,Rio de Janeiro,33134049,CE PROFESSORA MARIA TEREZINHA DE CARVALHO MACHADO,Estadual,76.9,15.7,7.4
2018,RIO DE JANEIRO,33135193,CE PROFESSOR JOSE DE SOUZA MARQUES,2,925.0,2018,Rio de Janeiro,33135193,CE PROFESSOR JOSE DE SOUZA MARQUES,Estadual,78.6,17.9,3.5
2018,RIO DE JANEIRO,33136424,CE PROFESSORA VILMA ATANAZIO,2,1175.0,2018,Rio de Janeiro,33136424,CE PROFESSORA VILMA ATANAZIO,Estadual,77.5,19.6,2.9
2018,RIO DE JANEIRO,33136432,CE PROFESSORA VANIA DO AMARAL MATIAS EDDE,2,996.0,2018,Rio de Janeiro,33136432,CE PROFESSORA VANIA DO AMARAL MATIAS EDDE,Estadual,73.8,22.9,3.3
2018,RIO DE JANEIRO,33136459,CE PROFESSORA ALBA CANIZARES DO NASCIMENTO,2,350.0,2018,Rio de Janeiro,33136459,CE PROFESSORA ALBA CANIZARES DO NASCIMENTO,Estadual,75.2,14.5,10.3
2018,RIO DE JANEIRO,33136475,CE MONSENHOR MIGUEL DE SANTA MARIA MOCHON,2,320.0,2018,Rio de Janeiro,33136475,CE MONSENHOR MIGUEL DE SANTA MARIA MOCHON,Estadual,87.0,10.5,2.5
2018,RIO DE JANEIRO,33136483,CE GANDHI,2,265.0,2018,Rio de Janeiro,33136483,CE GANDHI,Estadual,70.3,13.9,15.8
2018,RIO DE JANEIRO,33136505,CE PROFESSORA JEANNETTE DE SOUZA COELHO MANNARINO,2,2339.0,2018,Rio de Janeiro,33136505,CE PROFESSORA JEANNETTE DE SOUZA COELHO MANNARINO,Estadual,85.5,12.7,1.8
2018,RIO DE JANEIRO,33136513,CE ROSARIA TROTTA,2,347.0,2018,Rio de Janeiro,33136513,CE ROSARIA TROTTA,Estadual,73.3,22.3,4.4
2018,SÃO GONÇALO,33089388,CE FREDERICO AZEVEDO,2,371.0,2018,São Gonçalo,33089388,CE FREDERICO AZEVEDO,Estadual,79.8,15.3,4.9
2018,SÃO GONÇALO,33089396,CE LAURO CORREA,2,233.0,2018,São Gonçalo,33089396,CE LAURO CORREA,Estadual,60.5,33.9,5.6
2018,SÃO GONÇALO,33089426,CE MONSENHOR BARENCO COELHO,2,249.0,2018,São Gonçalo,33089426,CE MONSENHOR BARENCO COELHO,Estadual,68.9,26.8,4.3
2018,SÃO GONÇALO,33089469,CE PROFESSORA ANTONIETA PALMEIRA,2,243.0,2018,São Gonçalo,33089469,CE PROFESSORA ANTONIETA PALMEIRA,Estadual,85.5,14.5,0.0
2018,RIO DE JANEIRO,33139156,CE PROFESSORA SONIA REGINA SCUDESE DESSIMONI PINTO,2,905.0,2018,Rio de Janeiro,33139156,CE PROFESSORA SONIA REGINA SCUDESE DESSIMONI PINTO,Estadual,64.5,30.2,5.3
2018,RIO DE JANEIRO,33140030,CE CONDE PEREIRA CARNEIRO,2,245.0,2018,Rio de Janeiro,33140030,CE CONDE PEREIRA CARNEIRO,Estadual,78.7,10.7,10.6
2018,RIO DE JANEIRO,33140049,CE OSWALDO TEIXEIRA,2,70.0,2018,Rio de Janeiro,33140049,CE OSWALDO TEIXEIRA,Estadual,75.7,12.9,11.4
2018,RIO DE JANEIRO,33140669,CE JORNALISTA TIM LOPES,2,1275.0,2018,Rio de Janeiro,33140669,CE JORNALISTA TIM LOPES,Estadual,67.7,23.8,8.5
2018,RIO DE JANEIRO,33140715,CE ANTONIO HOUAISS,2,1241.0,2018,Rio de Janeiro,33140715,CE ANTONIO HOUAISS,Estadual,79.6,20.4,0.0
2018,RIO DE JANEIRO,33146950,CE PROFESSORA MARIA DE LOURDES DE OLIVEIRA LAVOR - TIA LAVOR,2,1563.0,2018,Rio de Janeiro,33146950,CE PROFESSORA MARIA DE LOURDES DE OLIVEIRA LAVOR - TIA LAVOR,Estadual,66.4,19.0,14.6
2018,RIO DE JANEIRO,33149119,CE CARLOS ARNOLDO ABRUZZINI DA FONSECA,2,1416.0,2018,Rio de Janeiro,33149119,CE CARLOS ARNOLDO ABRUZZINI DA FONSECA,Estadual,74.3,20.8,4.9
2018,RIO DE JANEIRO,33157065,CE ERICH WALTER HEINE,2,560.0,2018,Rio de Janeiro,33157065,CE ERICH WALTER HEINE,Estadual,91.0,9.0,0.0
2018,RIO DE JANEIRO,33170150,CE HEBE CAMARGO,2,396.0,2018,Rio de Janeiro,33170150,CE HEBE CAMARGO,Estadual,92.3,7.7,0.0
2018,RIO DE JANEIRO,33173010,CE JORNALISTA MAURICIO AZEDO,2,240.0,2018,Rio de Janeiro,33173010,CE JORNALISTA MAURICIO AZEDO,Estadual,79.6,15.3,5.1
2018,RIO DE JANEIRO,33271208,CE JOSE LEITE LOPES,2,432.0,2018,Rio de Janeiro,33271208,CE JOSE LEITE LOPES,Estadual,85.7,14.3,0.0
2018,RIO DE JANEIRO,33439222,CE COMPOSITOR LUIZ CARLOS DA VILA,2,442.0,2018,Rio de Janeiro,33439222,CE COMPOSITOR LUIZ CARLOS DA VILA,Estadual,61.0,39.0,0.0
2018,SÃO GONÇALO,33090424,CE PROFESSORA ADELIA MARTINS,2,172.0,2018,São Gonçalo,33090424,CE PROFESSORA ADELIA MARTINS,Estadual,74.8,23.9,1.3
2018,SÃO GONÇALO,33090432,CE PROFESSORA DALILA DE OLIVEIRA COSTA,2,243.0,2018,São Gonçalo,33090432,CE PROFESSORA DALILA DE OLIVEIRA COSTA,Estadual,70.3,29.7,0.0
2018,SÃO GONÇALO,33090440,CE PROFESSOR FRANCISCO DE PAULA ACHILLES,2,43.0,2018,São Gonçalo,33090440,CE PROFESSOR FRANCISCO DE PAULA ACHILLES,Estadual,95.3,2.3,2.4
2018,SÃO GONÇALO,33090459,CE PROFESSORA ODYSSEA SILVEIRA DE SIQUEIRA,2,166.0,2018,São Gonçalo,33090459,CE PROFESSORA ODYSSEA SILVEIRA DE SIQUEIRA,Estadual,90.5,9.5,0.0
2018,SÃO GONÇALO,33088896,CIEP 306 DEPUTADO DAVID QUINDERE,2,207.0,2018,São Gonçalo,33088896,CIEP 306 DEPUTADO DAVID QUINDERE,Estadual,90.9,9.1,0.0
2018,SÃO GONÇALO,33088900,CIEP 249 PASTOR WALDEMAR ZARRO,2,263.0,2018,São Gonçalo,33088900,CIEP 249 PASTOR WALDEMAR ZARRO,Estadual,62.6,30.3,7.1
2018,SÃO GONÇALO,33088926,CIEP 240 PROFESSOR HAROLDO TEIXEIRA VALLADAO,2,83.0,2018,São Gonçalo,33088926,CIEP 240 PROFESSOR HAROLDO TEIXEIRA VALLADAO,Estadual,85.9,14.1,0.0
2018,SÃO GONÇALO,33088942,CIEP 248 PROFESSOR TULIO RODRIGUES PERLINGEIRO,2,44.0,2018,São Gonçalo,33088942,CIEP 248 PROFESSOR TULIO RODRIGUES PERLINGEIRO,Estadual,44.4,44.4,11.2
2018,SÃO GONÇALO,33088950,CIEP 052 PROFESSORA ROMANDA GOUVEIA GONCALVES,2,115.0,2018,São Gonçalo,33088950,CIEP 052 PROFESSORA ROMANDA GOUVEIA GONCALVES,Estadual,71.9,18.4,9.7
2018,SÃO GONÇALO,33089043,CE ARMANDO GONCALVES,2,298.0,2018,São Gonçalo,33089043,CE ARMANDO GONCALVES,Estadual,73.2,25.8,1.0
2018,SÃO GONÇALO,33089051,CE DOUTOR ADINO XAVIER,2,1503.0,2018,São Gonçalo,33089051,CE DOUTOR ADINO XAVIER,Estadual,82.7,13.4,3.9
2018,SÃO GONÇALO,33089060,CE ISMAEL BRANCO,2,249.0,2018,São Gonçalo,33089060,CE ISMAEL BRANCO,Estadual,70.4,28.0,1.6
2018,SÃO GONÇALO,33089086,CE MINISTRO JOSE DE MOURA E SILVA,2,266.0,2018,São Gonçalo,33089086,CE MINISTRO JOSE DE MOURA E SILVA,Estadual,82.2,11.1,6.7
2018,SÃO GONÇALO,33089094,CE NILO PECANHA,2,1088.0,2018,São Gonçalo,33089094,CE NILO PECANHA,Estadual,83.0,16.0,1.0
2018,SÃO GONÇALO,33089108,CE PANDIA CALOGERAS,2,1116.0,2018,São Gonçalo,33089108,CE PANDIA CALOGERAS,Estadual,73.9,23.7,2.4
2018,SÃO GONÇALO,33089124,CE PADRE MANUEL DA NOBREGA,2,211.0,2018,São Gonçalo,33089124,CE PADRE MANUEL DA NOBREGA,Estadual,83.3,6.9,9.8
2018,SÃO GONÇALO,33091200,CE WALTER ORLANDINE,2,1522.0,2018,São Gonçalo,33091200,CE WALTER ORLANDINE,Estadual,82.2,15.8,2.0
2018,SÃO GONÇALO,33091340,CE CAPITAO OSWALDO ORNELLAS,2,290.0,2018,São Gonçalo,33091340,CE CAPITAO OSWALDO ORNELLAS,Estadual,83.6,9.8,6.6
2018,SÃO GONÇALO,33091382,CE CORONEL FRANCISCO LIMA,2,162.0,2018,São Gonçalo,33091382,CE CORONEL FRANCISCO LIMA,Estadual,87.3,12.1,0.6
2018,SÃO GONÇALO,33091390,CE CORONEL JOAO TARCISIO BUENO,2,117.0,2018,São Gonçalo,33091390,CE CORONEL JOAO TARCISIO BUENO,Estadual,68.1,19.8,12.1
2018,SÃO GONÇALO,33089841,IE CLELIA NANCI,2,984.0,2018,São Gonçalo,33089841,IE CLELIA NANCI,Estadual,80.0,19.6,0.4
2018,SÃO GONÇALO,33090149,CIEP 122 ERMEZINDA DIONIZIO NECCO,2,334.0,2018,São Gonçalo,33090149,CIEP 122 ERMEZINDA DIONIZIO NECCO,Estadual,73.9,20.8,5.3
2018,SÃO GONÇALO,33090157,CIEP 126 ALMEDORINA AZEREDO,2,117.0,2018,São Gonçalo,33090157,CIEP 126 ALMEDORINA AZEREDO,Estadual,71.9,11.4,16.7
2018,SÃO GONÇALO,33090165,CIEP 440 MAJOR JOAQUIM DE AZEVEDO COUTINHO,2,6.0,2018,São Gonçalo,33090165,CIEP 440 MAJOR JOAQUIM DE AZEVEDO COUTINHO,Estadual,71.4,0.0,28.6
2018,SÃO GONÇALO,33090173,CIEP 410 PATRICIA GALVAO PAGU,2,212.0,2018,São Gonçalo,33090173,CIEP 410 PATRICIA GALVAO PAGU,Estadual,80.8,17.3,1.9
2018,SÃO GONÇALO,33090246,CE DORVAL FERREIRA DA CUNHA,2,241.0,2018,São Gonçalo,33090246,CE DORVAL FERREIRA DA CUNHA,Estadual,78.1,21.0,0.9
2018,SÃO GONÇALO,33090270,CE AMANDA VELASCO,2,390.0,2018,São Gonçalo,33090270,CE AMANDA VELASCO,Estadual,76.5,20.2,3.3
2018,SÃO GONÇALO,33090300,CE AUGUSTO CEZARIO DIAZ ANDRE,2,507.0,2018,São Gonçalo,33090300,CE AUGUSTO CEZARIO DIAZ ANDRE,Estadual,92.0,7.2,0.8
2018,SÃO GONÇALO,33090327,CE DESEMBARGADOR FERREIRA PINTO,2,245.0,2018,São Gonçalo,33090327,CE DESEMBARGADOR FERREIRA PINTO,Estadual,80.7,18.5,0.8
2018,SÃO GONÇALO,33090343,CE DOUTOR HUMBERTO SOEIRO DE CARVALHO,2,129.0,2018,São Gonçalo,33090343,CE DOUTOR HUMBERTO SOEIRO DE CARVALHO,Estadual,82.0,10.2,7.8
2018,SÃO GONÇALO,33090351,CE DOUTOR RODOLPHO SIQUEIRA,2,288.0,2018,São Gonçalo,33090351,CE DOUTOR RODOLPHO SIQUEIRA,Estadual,84.4,11.7,3.9
2018,SÃO GONÇALO,33090378,CE ELIZA MARIA DUTRA,2,280.0,2018,São Gonçalo,33090378,CE ELIZA MARIA DUTRA,Estadual,78.2,18.6,3.2
2018,SÃO GONÇALO,33104182,CIEP 409 ALAIDE DE FIGUEREDO SANTOS,2,296.0,2018,São Gonçalo,33104182,CIEP 409 ALAIDE DE FIGUEREDO SANTOS,Estadual,69.4,28.9,1.7
2018,SÃO GONÇALO,33114366,CE MARIO TAMBORINDEGUY,2,90.0,2018,São Gonçalo,33114366,CE MARIO TAMBORINDEGUY,Estadual,84.3,15.7,0.0
2018,SÃO GONÇALO,33507210,CE COMENDADOR VALENTIM DOS SANTOS DINIZ,2,368.0,2018,São Gonçalo,33507210,CE COMENDADOR VALENTIM DOS SANTOS DINIZ,Estadual,89.5,10.5,0.0
2018,SÃO GONÇALO,33518238,CIEP 513 GEORGE SAVALLA GOMES - PALHACO CAREQUINHA,2,119.0,2018,São Gonçalo,33518238,CIEP 513 GEORGE SAVALLA GOMES - PALHACO CAREQUINHA,Estadual,66.4,16.4,17.2
2018,SÃO GONÇALO,33090475,CE VITAL BRASIL,2,190.0,2018,São Gonçalo,33090475,CE VITAL BRASIL,Estadual,83.9,10.9,5.2
2018,SÃO GONÇALO,33090653,CIEP 121 PROFESSOR JOADELIO CODECO,2,169.0,2018,São Gonçalo,33090653,CIEP 121 PROFESSOR JOADELIO CODECO,Estadual,81.0,10.5,8.5
2018,SÃO GONÇALO,33090670,CIEP 050 PABLO NERUDA,2,477.0,2018,São Gonçalo,33090670,CIEP 050 PABLO NERUDA,Estadual,68.3,21.8,9.9
2018,SÃO GONÇALO,33090688,CIEP 239 PROFESSORA ELZA VIANNA FIALHO,2,248.0,2018,São Gonçalo,33090688,CIEP 239 PROFESSORA ELZA VIANNA FIALHO,Estadual,72.4,27.1,0.5
2018,SÃO GONÇALO,33090726,COLEGIO ESTADUAL TRASILBO FILGUEIRAS,2,454.0,2018,São Gonçalo,33090726,COLEGIO ESTADUAL TRASILBO FILGUEIRAS,Estadual,78.4,12.4,9.2
2018,SÃO GONÇALO,33090815,CE ALECRIM,2,110.0,2018,São Gonçalo,33090815,CE ALECRIM,Estadual,89.2,10.8,0.0
2018,SÃO GONÇALO,33090823,CE CORONEL SERRADO,2,200.0,2018,São Gonçalo,33090823,CE CORONEL SERRADO,Estadual,79.9,12.9,7.2
2018,SÃO GONÇALO,33090831,CE DOM ANTONIO DE ALMEIDA MORAES JUNIOR,2,203.0,2018,São Gonçalo,33090831,CE DOM ANTONIO DE ALMEIDA MORAES JUNIOR,Estadual,82.9,15.5,1.6
2018,SÃO GONÇALO,33090840,CE DOUTOR ARMANDO SA COUTO,2,108.0,2018,São Gonçalo,33090840,CE DOUTOR ARMANDO SA COUTO,Estadual,77.8,22.2,0.0
2018,SÃO GONÇALO,33090882,CE MAUA,2,110.0,2018,São Gonçalo,33090882,CE MAUA,Estadual,86.7,13.3,0.0
2018,SÃO GONÇALO,33090904,CE VILA GUARANI,2,132.0,2018,São Gonçalo,33090904,CE VILA GUARANI,Estadual,73.1,13.1,13.8
2018,SÃO GONÇALO,33091196,CE SANTOS DIAS,2,351.0,2018,São Gonçalo,33091196,CE SANTOS DIAS,Estadual,84.3,14.5,1.2
2018,NITERÓI,33055653,CE CONSELHEIRO MACEDO SOARES,2,415.0,2018,Niterói,33055653,CE CONSELHEIRO MACEDO SOARES,Estadual,68.3,21.4,10.3
2018,NITERÓI,33055661,CE DOUTOR LUCIANO PESTRE,2,97.0,2018,Niterói,33055661,CE DOUTOR LUCIANO PESTRE,Estadual,80.9,15.7,3.4
2018,NITERÓI,33055670,CE FERNANDO MAGALHAES,2,125.0,2018,Niterói,33055670,CE FERNANDO MAGALHAES,Estadual,80.6,19.4,0.0
2018,NITERÓI,33055696,CE GUILHERME BRIGGS,2,232.0,2018,Niterói,33055696,CE GUILHERME BRIGGS,Estadual,79.2,15.4,5.4
2018,SÃO GONÇALO,33091447,CE MELCHIADES PICANCO,2,279.0,2018,São Gonçalo,33091447,CE MELCHIADES PICANCO,Estadual,74.5,16.8,8.7
2018,SÃO GONÇALO,33091757,CIEP 246 PROFESSORA ADALGISA CABRAL DE FARIA,2,159.0,2018,São Gonçalo,33091757,CIEP 246 PROFESSORA ADALGISA CABRAL DE FARIA,Estadual,77.5,21.0,1.5
2018,SÃO GONÇALO,33091765,CE PAULINO PINHEIRO BAPTISTA,2,247.0,2018,São Gonçalo,33091765,CE PAULINO PINHEIRO BAPTISTA,Estadual,80.4,19.6,0.0
2018,SÃO GONÇALO,33096970,CIEP 309 ZUZU ANGEL,2,142.0,2018,São Gonçalo,33096970,CIEP 309 ZUZU ANGEL,Estadual,59.7,17.9,22.4
2018,SÃO GONÇALO,33096988,CIEP 412 DOUTOR ZERBINI,2,314.0,2018,São Gonçalo,33096988,CIEP 412 DOUTOR ZERBINI,Estadual,85.2,14.8,0.0
2018,SÃO GONÇALO,33103879,CIEP 413 ADAO PEREIRA NUNES,2,94.0,2018,São Gonçalo,33103879,CIEP 413 ADAO PEREIRA NUNES,Estadual,89.7,6.9,3.4
2018,SÃO GONÇALO,33103887,CIEP 408 SERGIO CARDOSO,2,50.0,2018,São Gonçalo,33103887,CIEP 408 SERGIO CARDOSO,Estadual,83.7,12.2,4.1
2018,SÃO GONÇALO,33103909,CIEP 238 DOUTOR ILTON FARIA DA COSTA,2,308.0,2018,São Gonçalo,33103909,CIEP 238 DOUTOR ILTON FARIA DA COSTA,Estadual,70.7,21.7,7.6
2018,SÃO GONÇALO,33103917,CIEP 423 MORA GUIMARAES,2,38.0,2018,São Gonçalo,33103917,CIEP 423 MORA GUIMARAES,Estadual,52.8,16.7,30.5
2018,SÃO GONÇALO,33103925,CIEP 421 DEPUTADA CRISTINA TAVARES,2,47.0,2018,São Gonçalo,33103925,CIEP 421 DEPUTADA CRISTINA TAVARES,Estadual,88.0,4.0,8.0
2018,SÃO GONÇALO,33103941,CIEP BRIZOLAO 422 NICANOR FERREIRA NUNES,2,39.0,2018,São Gonçalo,33103941,CIEP BRIZOLAO 422 NICANOR FERREIRA NUNES,Estadual,75.0,22.5,2.5
2018,SÃO GONÇALO,33103968,CIEP BRIZOLAO 439 LUIZ GONZAGA JUNIOR - GONZAGUINHA,2,237.0,2018,São Gonçalo,33103968,CIEP BRIZOLAO 439 LUIZ GONZAGA JUNIOR - GONZAGUINHA,Estadual,87.9,7.6,4.5
2018,MARICÁ,33053910,CE ELISIARIO MATTA,2,870.0,2018,Maricá,33053910,CE ELISIARIO MATTA,Estadual,86.4,11.1,2.5
2018,MARICÁ,33053952,CE DOMICIO DA GAMA,2,314.0,2018,Maricá,33053952,CE DOMICIO DA GAMA,Estadual,87.7,9.9,2.4
2019,MARICÁ,33102414,CIEP 259 PROFESSORA MARIA DO AMPARO RANGEL DE SOUZA,2,910.0,2019,Maricá,33102414,CIEP 259 PROFESSORA MARIA DO AMPARO RANGEL DE SOUZA,Estadual,62.9,30.4,6.7
2019,NITERÓI,33057010,E T E HENRIQUE LAGE,2,592.0,2019,Niterói,33057010,E T E HENRIQUE LAGE,Estadual,83.9,10.7,5.4
2019,NITERÓI,33057117,IE PROFESSOR ISMAEL COUTINHO,2,272.0,2019,Niterói,33057117,IE PROFESSOR ISMAEL COUTINHO,Estadual,80.2,13.7,6.1
2019,NITERÓI,33057508,LICEU NILO PECANHA,2,2234.0,2019,Niterói,33057508,LICEU NILO PECANHA,Estadual,72.7,23.5,3.8
2019,NITERÓI,33057702,CE PROFESSORA ALCINA RODRIGUES DE LIMA,2,514.0,2019,Niterói,33057702,CE PROFESSORA ALCINA RODRIGUES DE LIMA,Estadual,75.4,11.2,13.4
2019,NITERÓI,33057737,CE ALMIRANTE TAMANDARE,2,348.0,2019,Niterói,33057737,CE ALMIRANTE TAMANDARE,Estadual,82.9,17.1,0.0
2019,NITERÓI,33096805,CIEP 449 GOVERNADOR LEONEL DE MOURA BRIZOLA BRASIL FRANCA,2,267.0,2019,Niterói,33096805,CIEP 449 GOVERNADOR LEONEL DE MOURA BRIZOLA BRASIL FRANCA,Estadual,86.2,13.8,0.0
2019,NITERÓI,33102503,CE DAVID CAPISTRANO,2,688.0,2019,Niterói,33102503,CE DAVID CAPISTRANO,Estadual,76.8,19.4,3.8
2019,RIO DE JANEIRO,33063877,CE DEODORO,2,79.0,2019,Rio de Janeiro,33063877,CE DEODORO,Estadual,73.9,17.4,8.7
2019,RIO DE JANEIRO,33063907,CE PROFESSOR JOAO BORGES DE MORAES,2,236.0,2019,Rio de Janeiro,33063907,CE PROFESSOR JOAO BORGES DE MORAES,Estadual,58.1,31.3,10.6
2019,RIO DE JANEIRO,33064644,CE INFANTE DOM HENRIQUE,2,1119.0,2019,Rio de Janeiro,33064644,CE INFANTE DOM HENRIQUE,Estadual,88.8,3.0,8.2
2019,NITERÓI,33056358,CE CONSELHEIRO JOSINO,2,87.0,2019,Niterói,33056358,CE CONSELHEIRO JOSINO,Estadual,49.4,27.8,22.8
2019,NITERÓI,33056439,CE EMBAIXADOR RAUL FERNANDES,2,51.0,2019,Niterói,33056439,CE EMBAIXADOR RAUL FERNANDES,Estadual,61.5,23.1,15.4
2019,NITERÓI,33056471,CE JOSE BONIFACIO,2,79.0,2019,Niterói,33056471,CE JOSE BONIFACIO,Estadual,71.0,15.9,13.1
2019,NITERÓI,33056480,CE LEOPOLDO FROES,2,172.0,2019,Niterói,33056480,CE LEOPOLDO FROES,Estadual,69.8,23.3,6.9
2019,NITERÓI,33056498,CE MANUEL DE ABREU,2,535.0,2019,Niterói,33056498,CE MANUEL DE ABREU,Estadual,69.3,23.4,7.3
2019,NITERÓI,33153795,COL DA POLICIA MILITAR DO EST DO RIO DE JANEIRO,2,132.0,2019,Niterói,33153795,COL DA POLICIA MILITAR DO EST DO RIO DE JANEIRO,Estadual,84.1,15.9,0.0
2019,NITERÓI,33172919,CE MATEMATICO JOAQUIM GOMES DE SOUSA INTERCULTURAL BRASIL- CHINA,2,217.0,2019,Niterói,33172919,CE MATEMATICO JOAQUIM GOMES DE SOUSA INTERCULTURAL BRASIL- CHINA,Estadual,90.0,10.0,0.0
2019,RIO DE JANEIRO,33062250,CE ALDEBARA,2,286.0,2019,Rio de Janeiro,33062250,CE ALDEBARA,Estadual,63.0,32.6,4.4
2019,RIO DE JANEIRO,33062277,CE CUBA,2,247.0,2019,Rio de Janeiro,33062277,CE CUBA,Estadual,52.0,2.8,45.2
2019,RIO DE JANEIRO,33062340,CAIC JOAQUIM JOSE DA SILVA XAVIER O TIRADENTES,2,278.0,2019,Rio de Janeiro,33062340,CAIC JOAQUIM JOSE DA SILVA XAVIER O TIRADENTES,Estadual,67.6,20.8,11.6
2019,RIO DE JANEIRO,33062374,CE REVERENDO HUGH CLARENCE TUCKER,2,247.0,2019,Rio de Janeiro,33062374,CE REVERENDO HUGH CLARENCE TUCKER,Estadual,73.4,7.1,19.5
2019,RIO DE JANEIRO,33062668,CE JULIA KUBITSCHEK,2,877.0,2019,Rio de Janeiro,33062668,CE JULIA KUBITSCHEK,Estadual,82.1,12.3,5.6
2019,RIO DE JANEIRO,33062676,CE SOUZA AGUIAR,2,879.0,2019,Rio de Janeiro,33062676,CE SOUZA AGUIAR,Estadual,45.9,42.7,11.4
2019,RIO DE JANEIRO,33062919,CE PAULO DE FRONTIN,2,1153.0,2019,Rio de Janeiro,33062919,CE PAULO DE FRONTIN,Estadual,60.8,22.3,16.9
2019,RIO DE JANEIRO,33062927,CE TOMAS ANTONIO GONZAGA,2,157.0,2019,Rio de Janeiro,33062927,CE TOMAS ANTONIO GONZAGA,Estadual,58.3,23.1,18.6
2019,RIO DE JANEIRO,33063052,CE MEM DE SA,2,66.0,2019,Rio de Janeiro,33063052,CE MEM DE SA,Estadual,72.3,10.8,16.9
2019,RIO DE JANEIRO,33063389,CE CHICO ANYSIO,2,341.0,2019,Rio de Janeiro,33063389,CE CHICO ANYSIO,Estadual,83.5,16.5,0.0
2019,RIO DE JANEIRO,33063397,CE AMARO CAVALCANTI,2,1640.0,2019,Rio de Janeiro,33063397,CE AMARO CAVALCANTI,Estadual,72.3,21.8,5.9
2019,NITERÓI,33055750,CE PAULO ASSIS RIBEIRO,2,679.0,2019,Niterói,33055750,CE PAULO ASSIS RIBEIRO,Estadual,57.9,20.8,21.3
2019,NITERÓI,33055769,CE RAUL VIDAL,2,601.0,2019,Niterói,33055769,CE RAUL VIDAL,Estadual,66.2,22.0,11.8
2019,MARICÁ,33096929,CIEP 391 PROFESSOR ROBSON MENDONCA LOU,2,331.0,2019,Maricá,33096929,CIEP 391 PROFESSOR ROBSON MENDONCA LOU,Estadual,62.3,24.6,13.1
2019,RIO DE JANEIRO,33067791,CE JOAO ALFREDO,2,1188.0,2019,Rio de Janeiro,33067791,CE JOAO ALFREDO,Estadual,60.1,30.8,9.1
2019,RIO DE JANEIRO,33068011,CE AFONSO PENA,2,190.0,2019,Rio de Janeiro,33068011,CE AFONSO PENA,Estadual,81.9,9.7,8.4
2019,RIO DE JANEIRO,33068844,CE BAHIA,2,642.0,2019,Rio de Janeiro,33068844,CE BAHIA,Estadual,80.5,9.2,10.3
2019,RIO DE JANEIRO,33068852,CE PROFESSOR CLOVIS MONTEIRO,2,1205.0,2019,Rio de Janeiro,33068852,CE PROFESSOR CLOVIS MONTEIRO,Estadual,51.0,39.6,9.4
2019,RIO DE JANEIRO,33069026,CE RUY BARBOSA,2,269.0,2019,Rio de Janeiro,33069026,CE RUY BARBOSA,Estadual,55.6,21.6,22.8
2019,RIO DE JANEIRO,33069034,CE TENENTE GENERAL NAPION,2,424.0,2019,Rio de Janeiro,33069034,CE TENENTE GENERAL NAPION,Estadual,64.5,19.6,15.9
2019,RIO DE JANEIRO,33069921,CE GOMES FREIRE DE ANDRADE,2,1801.0,2019,Rio de Janeiro,33069921,CE GOMES FREIRE DE ANDRADE,Estadual,67.1,22.7,10.2
2019,RIO DE JANEIRO,33069930,CE HEITOR LIRA,2,965.0,2019,Rio de Janeiro,33069930,CE HEITOR LIRA,Estadual,80.8,15.2,4.0
2019,RIO DE JANEIRO,33069948,CE JOSE MARTI,2,401.0,2019,Rio de Janeiro,33069948,CE JOSE MARTI,Estadual,74.9,25.1,0.0
2019,RIO DE JANEIRO,33069956,CE REPUBLICA DE ANGOLA,2,203.0,2019,Rio de Janeiro,33069956,CE REPUBLICA DE ANGOLA,Estadual,65.0,11.0,24.0
2019,RIO DE JANEIRO,33069964,CE REPUBLICA DE GUINE BISSAU,2,219.0,2019,Rio de Janeiro,33069964,CE REPUBLICA DE GUINE BISSAU,Estadual,61.0,17.1,21.9
2019,RIO DE JANEIRO,33070148,CE BRANT HORTA,2,176.0,2019,Rio de Janeiro,33070148,CE BRANT HORTA,Estadual,64.0,20.9,15.1
2019,RIO DE JANEIRO,33070156,CE CHILE,2,344.0,2019,Rio de Janeiro,33070156,CE CHILE,Estadual,81.0,4.1,14.9
2019,RIO DE JANEIRO,33070164,CE CONDE DE AGROLONGO,2,134.0,2019,Rio de Janeiro,33070164,CE CONDE DE AGROLONGO,Estadual,53.1,25.8,21.1
2019,RIO DE JANEIRO,33070199,CE JOAO MARQUES DOS REIS,2,179.0,2019,Rio de Janeiro,33070199,CE JOAO MARQUES DOS REIS,Estadual,62.6,28.7,8.7
2019,RIO DE JANEIRO,33070326,CE TERESA CRISTINA,2,115.0,2019,Rio de Janeiro,33070326,CE TERESA CRISTINA,Estadual,64.4,18.3,17.3
2019,RIO DE JANEIRO,33070946,E T E JUSCELINO KUBITSCHEK,2,469.0,2019,Rio de Janeiro,33070946,E T E JUSCELINO KUBITSCHEK,Estadual,93.5,6.3,0.2
2019,RIO DE JANEIRO,33071535,CE AGRIPINO GRIECO,2,263.0,2019,Rio de Janeiro,33071535,CE AGRIPINO GRIECO,Estadual,75.1,13.4,11.5
2019,RIO DE JANEIRO,33071543,CE BOLIVAR,2,100.0,2019,Rio de Janeiro,33071543,CE BOLIVAR,Estadual,76.9,9.9,13.2
2019,RIO DE JANEIRO,33071551,CE CENTRAL DO BRASIL,2,1302.0,2019,Rio de Janeiro,33071551,CE CENTRAL DO BRASIL,Estadual,68.6,24.7,6.7
2019,RIO DE JANEIRO,33071560,CE DELFIM MOREIRA,2,337.0,2019,Rio de Janeiro,33071560,CE DELFIM MOREIRA,Estadual,68.8,14.9,16.3
2019,RIO DE JANEIRO,33071578,CE FRANCISCO JOBIM,2,120.0,2019,Rio de Janeiro,33071578,CE FRANCISCO JOBIM,Estadual,37.9,34.5,27.6
2019,RIO DE JANEIRO,33071586,CE MARANHAO,2,289.0,2019,Rio de Janeiro,33071586,CE MARANHAO,Estadual,59.4,12.1,28.5
2019,RIO DE JANEIRO,33071594,CE OLINTO DA GAMA BOTELHO,2,702.0,2019,Rio de Janeiro,33071594,CE OLINTO DA GAMA BOTELHO,Estadual,68.2,29.7,2.1
2019,RIO DE JANEIRO,33071969,CE VISCONDE DE CAIRU,2,1594.0,2019,Rio de Janeiro,33071969,CE VISCONDE DE CAIRU,Estadual,51.1,17.7,31.2
2019,RIO DE JANEIRO,33072078,CE BARAO DE MACAUBAS,2,302.0,2019,Rio de Janeiro,33072078,CE BARAO DE MACAUBAS,Estadual,66.9,5.6,27.5
2019,RIO DE JANEIRO,33072094,CE JOAO KOPKE,2,67.0,2019,Rio de Janeiro,33072094,CE JOAO KOPKE,Estadual,59.4,20.3,20.3
2019,RIO DE JANEIRO,33072183,CE JOSE EDUARDO DE MACEDO SOARES,2,226.0,2019,Rio de Janeiro,33072183,CE JOSE EDUARDO DE MACEDO SOARES,Estadual,71.2,14.6,14.2
2019,RIO DE JANEIRO,33072205,CE LAURO SODRE,2,75.0,2019,Rio de Janeiro,33072205,CE LAURO SODRE,Estadual,58.9,16.4,24.7
2019,RIO DE JANEIRO,33072248,CE HISPANO BRASILEIRO JOAO CABRAL DE MELO NETO,2,266.0,2019,Rio de Janeiro,33072248,CE HISPANO BRASILEIRO JOAO CABRAL DE MELO NETO,Estadual,87.8,11.4,0.8
2019,RIO DE JANEIRO,33072280,CE PERNAMBUCO,2,103.0,2019,Rio de Janeiro,33072280,CE PERNAMBUCO,Estadual,62.7,23.5,13.8
2019,RIO DE JANEIRO,33072337,CE SARMIENTO,2,52.0,2019,Rio de Janeiro,33072337,CE SARMIENTO,Estadual,61.5,19.2,19.3
2019,RIO DE JANEIRO,33072370,CE VIRGILIO DE MELO FRANCO,2,186.0,2019,Rio de Janeiro,33072370,CE VIRGILIO DE MELO FRANCO,Estadual,76.6,9.1,14.3
2019,RIO DE JANEIRO,33073368,CE PASTOR MIRANDA PINTO,2,138.0,2019,Rio de Janeiro,33073368,CE PASTOR MIRANDA PINTO,Estadual,52.1,27.1,20.8
2019,RIO DE JANEIRO,33074038,CE ITALIA,2,405.0,2019,Rio de Janeiro,33074038,CE ITALIA,Estadual,55.5,24.1,20.4
2019,RIO DE JANEIRO,33074046,CE JOSUE DE CASTRO,2,293.0,2019,Rio de Janeiro,33074046,CE JOSUE DE CASTRO,Estadual,65.9,14.6,19.5
2019,RIO DE JANEIRO,33074054,CE NUNO ALVARES PEREIRA,2,199.0,2019,Rio de Janeiro,33074054,CE NUNO ALVARES PEREIRA,Estadual,66.1,14.5,19.4
2019,RIO DE JANEIRO,33074151,CE MATO GROSSO,2,276.0,2019,Rio de Janeiro,33074151,CE MATO GROSSO,Estadual,72.0,20.0,8.0
2019,RIO DE JANEIRO,33074160,CE ADLAI STEVENSON,2,170.0,2019,Rio de Janeiro,33074160,CE ADLAI STEVENSON,Estadual,65.5,11.9,22.6
2019,RIO DE JANEIRO,33074232,CE OLIMPIA DO COUTO,2,289.0,2019,Rio de Janeiro,33074232,CE OLIMPIA DO COUTO,Estadual,76.9,6.5,16.6
2019,RIO DE JANEIRO,33074267,CE RODRIGO OTAVIO FILHO,2,268.0,2019,Rio de Janeiro,33074267,CE RODRIGO OTAVIO FILHO,Estadual,64.4,14.0,21.6
2019,RIO DE JANEIRO,33074798,CE AMAPA,2,93.0,2019,Rio de Janeiro,33074798,CE AMAPA,Estadual,93.8,0.0,6.2
2019,RIO DE JANEIRO,33075034,ESCOLA TECNICA ESTADUAL OSCAR TENORIO,2,545.0,2019,Rio de Janeiro,33075034,ESCOLA TECNICA ESTADUAL OSCAR TENORIO,Estadual,86.6,11.6,1.8
2019,RIO DE JANEIRO,33075166,IE CARMELA DUTRA,2,1102.0,2019,Rio de Janeiro,33075166,IE CARMELA DUTRA,Estadual,77.9,14.6,7.5
2019,RIO DE JANEIRO,33075174,CE CHARLES CHAPLIN,2,155.0,2019,Rio de Janeiro,33075174,CE CHARLES CHAPLIN,Estadual,58.0,36.7,5.3
2019,RIO DE JANEIRO,33075182,CE CIDADE DE LISBOA,2,170.0,2019,Rio de Janeiro,33075182,CE CIDADE DE LISBOA,Estadual,60.4,10.1,29.5
2019,RIO DE JANEIRO,33075190,CE LUIZ DE CAMOES,2,261.0,2019,Rio de Janeiro,33075190,CE LUIZ DE CAMOES,Estadual,72.8,15.9,11.3
2019,RIO DE JANEIRO,33075204,CE MARQUES REBELO,2,165.0,2019,Rio de Janeiro,33075204,CE MARQUES REBELO,Estadual,66.9,12.3,20.8
2019,RIO DE JANEIRO,33075212,CE PROFESSOR JOSE ACCIOLI,2,467.0,2019,Rio de Janeiro,33075212,CE PROFESSOR JOSE ACCIOLI,Estadual,89.8,8.6,1.6
2019,RIO DE JANEIRO,33075220,CE PROFESSOR SOUSA DA SILVEIRA,2,214.0,2019,Rio de Janeiro,33075220,CE PROFESSOR SOUSA DA SILVEIRA,Estadual,70.2,11.5,18.3
2019,RIO DE JANEIRO,33075689,CE CARDEAL ARCOVERDE,2,230.0,2019,Rio de Janeiro,33075689,CE CARDEAL ARCOVERDE,Estadual,73.9,13.3,12.8
2019,RIO DE JANEIRO,33075719,CE CONDE AFONSO CELSO,2,261.0,2019,Rio de Janeiro,33075719,CE CONDE AFONSO CELSO,Estadual,62.3,22.0,15.7
2019,RIO DE JANEIRO,33075760,CE FRANCISCO PALHETA,2,132.0,2019,Rio de Janeiro,33075760,CE FRANCISCO PALHETA,Estadual,68.9,19.3,11.8
2019,RIO DE JANEIRO,33075816,CE OLEGARIO MARIANO,2,259.0,2019,Rio de Janeiro,33075816,CE OLEGARIO MARIANO,Estadual,66.1,14.4,19.5
2019,RIO DE JANEIRO,33075832,CE PARANA,2,165.0,2019,Rio de Janeiro,33075832,CE PARANA,Estadual,72.8,14.6,12.6
2019,RIO DE JANEIRO,33075867,CE SANTOS DUMONT,2,231.0,2019,Rio de Janeiro,33075867,CE SANTOS DUMONT,Estadual,48.2,25.7,26.1
2019,RIO DE JANEIRO,33075883,CE VIRIATO CORREA,2,111.0,2019,Rio de Janeiro,33075883,CE VIRIATO CORREA,Estadual,64.2,23.6,12.2
2019,RIO DE JANEIRO,33075891,CE WALDEMIRO POTSCH,2,159.0,2019,Rio de Janeiro,33075891,CE WALDEMIRO POTSCH,Estadual,66.0,15.7,18.3
2019,RIO DE JANEIRO,33076480,E T E REPUBLICA,2,1200.0,2019,Rio de Janeiro,33076480,E T E REPUBLICA,Estadual,64.3,27.1,8.6
2019,RIO DE JANEIRO,33076502,ESCOLA TECNICA ESTADUAL VISCONDE DE MAUA,2,468.0,2019,Rio de Janeiro,33076502,ESCOLA TECNICA ESTADUAL VISCONDE DE MAUA,Estadual,68.3,27.1,4.6
2019,RIO DE JANEIRO,33077088,CE ADALGISA MONTEIRO,2,426.0,2019,Rio de Janeiro,33077088,CE ADALGISA MONTEIRO,Estadual,81.1,3.1,15.8
2019,RIO DE JANEIRO,33077100,CE BRIGADEIRO SCHORCHT,2,1473.0,2019,Rio de Janeiro,33077100,CE BRIGADEIRO SCHORCHT,Estadual,83.9,12.9,3.2
2019,RIO DE JANEIRO,33077118,CE CARLOS LACERDA,2,310.0,2019,Rio de Janeiro,33077118,CE CARLOS LACERDA,Estadual,79.9,15.1,5.0
2019,RIO DE JANEIRO,33077126,CE EDUARDO MONDLANE,2,551.0,2019,Rio de Janeiro,33077126,CE EDUARDO MONDLANE,Estadual,74.5,7.1,18.4
2019,RIO DE JANEIRO,33077134,CE ENGENHEIRO BERNARDO SAYAO,2,292.0,2019,Rio de Janeiro,33077134,CE ENGENHEIRO BERNARDO SAYAO,Estadual,73.6,7.0,19.4
2019,RIO DE JANEIRO,33077142,CE MAHATMA GANDHI,2,240.0,2019,Rio de Janeiro,33077142,CE MAHATMA GANDHI,Estadual,65.0,11.0,24.0
2019,RIO DE JANEIRO,33077150,CE CARDEAL DOM EUGENIO DE ARAUJO SALES,2,340.0,2019,Rio de Janeiro,33077150,CE CARDEAL DOM EUGENIO DE ARAUJO SALES,Estadual,81.4,16.6,2.0
2019,RIO DE JANEIRO,33077169,CE EUNICE WEAVER,2,405.0,2019,Rio de Janeiro,33077169,CE EUNICE WEAVER,Estadual,80.2,12.3,7.5
2019,RIO DE JANEIRO,33077177,CE PRESIDENTE JOAO GOULART,2,392.0,2019,Rio de Janeiro,33077177,CE PRESIDENTE JOAO GOULART,Estadual,68.3,15.1,16.6
2019,RIO DE JANEIRO,33077185,CE SENADOR TEOTONIO VILELA,2,311.0,2019,Rio de Janeiro,33077185,CE SENADOR TEOTONIO VILELA,Estadual,57.8,26.9,15.3
2019,RIO DE JANEIRO,33077371,CE ALINA DE BRITO,2,450.0,2019,Rio de Janeiro,33077371,CE ALINA DE BRITO,Estadual,65.3,17.6,17.1
2019,RIO DE JANEIRO,33077452,CE EMBAIXADOR DIAS CARNEIRO,2,262.0,2019,Rio de Janeiro,33077452,CE EMBAIXADOR DIAS CARNEIRO,Estadual,95.6,2.8,1.6
2019,RIO DE JANEIRO,33077525,CE MARECHAL CANROBERT PEREIRA DA COSTA,2,105.0,2019,Rio de Janeiro,33077525,CE MARECHAL CANROBERT PEREIRA DA COSTA,Estadual,62.6,9.1,28.3
2019,RIO DE JANEIRO,33077568,CE ROSA DO POVO,2,419.0,2019,Rio de Janeiro,33077568,CE ROSA DO POVO,Estadual,85.1,6.3,8.6
2019,RIO DE JANEIRO,33077576,CE VICTOR HUGO,2,283.0,2019,Rio de Janeiro,33077576,CE VICTOR HUGO,Estadual,75.4,13.8,10.8
2019,RIO DE JANEIRO,33079323,CE STUART EDGAR ANGEL JONES,2,1238.0,2019,Rio de Janeiro,33079323,CE STUART EDGAR ANGEL JONES,Estadual,71.9,21.8,6.3
2019,RIO DE JANEIRO,33079331,CE AGOSTINHO NETO,2,249.0,2019,Rio de Janeiro,33079331,CE AGOSTINHO NETO,Estadual,82.5,6.3,11.2
2019,RIO DE JANEIRO,33079340,CE BANGU,2,1629.0,2019,Rio de Janeiro,33079340,CE BANGU,Estadual,65.4,29.8,4.8
2019,RIO DE JANEIRO,33079358,CE COLLECCHIO,2,1590.0,2019,Rio de Janeiro,33079358,CE COLLECCHIO,Estadual,74.8,18.3,6.9
2019,RIO DE JANEIRO,33079366,CE JORGE ZARUR,2,377.0,2019,Rio de Janeiro,33079366,CE JORGE ZARUR,Estadual,83.5,15.3,1.2
2019,RIO DE JANEIRO,33079374,CE LEOPOLDINA DA SILVEIRA,2,1502.0,2019,Rio de Janeiro,33079374,CE LEOPOLDINA DA SILVEIRA,Estadual,78.4,21.6,0.0
2019,RIO DE JANEIRO,33079382,CE NICARAGUA,2,446.0,2019,Rio de Janeiro,33079382,CE NICARAGUA,Estadual,63.1,10.9,26.0
2019,RIO DE JANEIRO,33079390,CE PROFESSOR DALTRO SANTOS,2,673.0,2019,Rio de Janeiro,33079390,CE PROFESSOR DALTRO SANTOS,Estadual,63.4,21.8,14.8
2019,RIO DE JANEIRO,33079404,CE REPUBLICA DE MOCAMBIQUE,2,147.0,2019,Rio de Janeiro,33079404,CE REPUBLICA DE MOCAMBIQUE,Estadual,64.7,15.4,19.9
2019,RIO DE JANEIRO,33079706,CE DALVA DE OLIVEIRA,2,214.0,2019,Rio de Janeiro,33079706,CE DALVA DE OLIVEIRA,Estadual,75.9,13.2,10.9
2019,RIO DE JANEIRO,33079714,CE ENGENHEIRO JOAO THOME,2,302.0,2019,Rio de Janeiro,33079714,CE ENGENHEIRO JOAO THOME,Estadual,79.0,6.1,14.9
2019,RIO DE JANEIRO,33079803,CE MARIETA CUNHA DA SILVA,2,544.0,2019,Rio de Janeiro,33079803,CE MARIETA CUNHA DA SILVA,Estadual,68.8,22.7,8.5
2019,RIO DE JANEIRO,33079811,CE MILTON CAMPOS,2,145.0,2019,Rio de Janeiro,33079811,CE MILTON CAMPOS,Estadual,88.8,11.2,0.0
2019,RIO DE JANEIRO,33079820,CE MOACYR PADILHA,2,301.0,2019,Rio de Janeiro,33079820,CE MOACYR PADILHA,Estadual,73.9,7.2,18.9
2019,RIO DE JANEIRO,33079900,CE RAMIZ GALVAO,2,201.0,2019,Rio de Janeiro,33079900,CE RAMIZ GALVAO,Estadual,71.4,14.1,14.5
2019,RIO DE JANEIRO,33079943,CE JOAO SALIM MIGUEL,2,627.0,2019,Rio de Janeiro,33079943,CE JOAO SALIM MIGUEL,Estadual,80.2,18.3,1.5
2019,RIO DE JANEIRO,33081743,CIE MIECIMO DA SILVA,2,476.0,2019,Rio de Janeiro,33081743,CIE MIECIMO DA SILVA,Estadual,95.0,5.0,0.0
2019,RIO DE JANEIRO,33082022,CE FRANCISCO CALDEIRA DE ALVARENGA,2,887.0,2019,Rio de Janeiro,33082022,CE FRANCISCO CALDEIRA DE ALVARENGA,Estadual,57.4,16.4,26.2
2019,RIO DE JANEIRO,33082030,CE FREIRE ALLEMAO,2,106.0,2019,Rio de Janeiro,33082030,CE FREIRE ALLEMAO,Estadual,72.6,12.3,15.1
2019,RIO DE JANEIRO,33082049,CE PROFESSOR FERNANDO ANTONIO RAJA GABAGLIA,2,1781.0,2019,Rio de Janeiro,33082049,CE PROFESSOR FERNANDO ANTONIO RAJA GABAGLIA,Estadual,76.3,17.9,5.8
2019,RIO DE JANEIRO,33082146,CE DOUTOR ALBERT SABIN,2,1986.0,2019,Rio de Janeiro,33082146,CE DOUTOR ALBERT SABIN,Estadual,71.0,22.6,6.4
2019,RIO DE JANEIRO,33082227,CE ALMIRANTE FRONTIN,2,104.0,2019,Rio de Janeiro,33082227,CE ALMIRANTE FRONTIN,Estadual,78.0,3.0,19.0
2019,RIO DE JANEIRO,33082235,CE AMAZONAS,2,639.0,2019,Rio de Janeiro,33082235,CE AMAZONAS,Estadual,72.5,20.5,7.0
2019,RIO DE JANEIRO,33082286,CE GEORGE WASHINGTON,2,195.0,2019,Rio de Janeiro,33082286,CE GEORGE WASHINGTON,Estadual,83.2,4.2,12.6
2019,RIO DE JANEIRO,33082316,CE JOAO PROENCA,2,414.0,2019,Rio de Janeiro,33082316,CE JOAO PROENCA,Estadual,65.3,20.9,13.8
2019,RIO DE JANEIRO,33082332,CE PRESIDENTE ANTONIO CARLOS,2,315.0,2019,Rio de Janeiro,33082332,CE PRESIDENTE ANTONIO CARLOS,Estadual,64.1,12.8,23.1
2019,RIO DE JANEIRO,33082359,CE PROFESSORA JUREMA PECANHA GIRAUD,2,326.0,2019,Rio de Janeiro,33082359,CE PROFESSORA JUREMA PECANHA GIRAUD,Estadual,65.6,23.2,11.2
2019,RIO DE JANEIRO,33082375,CE RAINHA VITORIA,2,194.0,2019,Rio de Janeiro,33082375,CE RAINHA VITORIA,Estadual,51.9,44.8,3.3
2019,RIO DE JANEIRO,33082430,CE PROFESSOR VIEIRA FAZENDA,2,223.0,2019,Rio de Janeiro,33082430,CE PROFESSOR VIEIRA FAZENDA,Estadual,64.1,12.1,23.8
2019,RIO DE JANEIRO,33083592,IE SARAH KUBITSCHEK,2,2397.0,2019,Rio de Janeiro,33083592,IE SARAH KUBITSCHEK,Estadual,86.2,9.9,3.9
2019,RIO DE JANEIRO,33084238,CE BARAO DO RIO BRANCO,2,2041.0,2019,Rio de Janeiro,33084238,CE BARAO DO RIO BRANCO,Estadual,77.6,12.2,10.2
2019,RIO DE JANEIRO,33084459,CE PESTALOZZI,2,525.0,2019,Rio de Janeiro,33084459,CE PESTALOZZI,Estadual,71.4,19.3,9.3
2019,RIO DE JANEIRO,33085463,CE ANITA GARIBALDI,2,345.0,2019,Rio de Janeiro,33085463,CE ANITA GARIBALDI,Estadual,72.2,11.2,16.6
2019,RIO DE JANEIRO,33085480,CE LEONEL AZEVEDO,2,158.0,2019,Rio de Janeiro,33085480,CE LEONEL AZEVEDO,Estadual,61.4,20.9,17.7
2019,RIO DE JANEIRO,33085498,CE PREFEITO MENDES DE MORAES,2,1960.0,2019,Rio de Janeiro,33085498,CE PREFEITO MENDES DE MORAES,Estadual,63.1,27.1,9.8
2019,RIO DE JANEIRO,33085765,CE DUNSHEE DE ABRANCHES,2,262.0,2019,Rio de Janeiro,33085765,CE DUNSHEE DE ABRANCHES,Estadual,71.7,10.2,18.1
2019,RIO DE JANEIRO,33085838,CE ROTARY,2,120.0,2019,Rio de Janeiro,33085838,CE ROTARY,Estadual,43.3,25.8,30.9
2019,RIO DE JANEIRO,33086427,CE AUGUSTO RUSCHI,2,59.0,2019,Rio de Janeiro,33086427,CE AUGUSTO RUSCHI,Estadual,77.6,17.2,5.2
2019,RIO DE JANEIRO,33086540,CE ACARI,2,109.0,2019,Rio de Janeiro,33086540,CE ACARI,Estadual,49.1,33.3,17.6
2019,RIO DE JANEIRO,33086567,CE GRACILIANO RAMOS,2,93.0,2019,Rio de Janeiro,33086567,CE GRACILIANO RAMOS,Estadual,38.7,26.9,34.4
2019,RIO DE JANEIRO,33086575,CE GUADALUPE,2,92.0,2019,Rio de Janeiro,33086575,CE GUADALUPE,Estadual,53.8,31.9,14.3
2019,RIO DE JANEIRO,33086583,CE MARECHAL JOAO BAPTISTA DE MATTOS,2,1682.0,2019,Rio de Janeiro,33086583,CE MARECHAL JOAO BAPTISTA DE MATTOS,Estadual,62.4,32.7,4.9
2019,RIO DE JANEIRO,33086591,CE PROFESSOR JOEL DE OLIVEIRA,2,564.0,2019,Rio de Janeiro,33086591,CE PROFESSOR JOEL DE OLIVEIRA,Estadual,67.6,31.8,0.6
2019,RIO DE JANEIRO,33086605,CE PROFESSOR MANOEL MAURICIO DE ALBUQUERQUE,2,548.0,2019,Rio de Janeiro,33086605,CE PROFESSOR MANOEL MAURICIO DE ALBUQUERQUE,Estadual,63.9,25.1,11.0
2019,RIO DE JANEIRO,33086613,CE REPUBLICA DE CABO VERDE,2,216.0,2019,Rio de Janeiro,33086613,CE REPUBLICA DE CABO VERDE,Estadual,57.3,16.4,26.3
2019,RIO DE JANEIRO,33086729,CE BELGICA,2,307.0,2019,Rio de Janeiro,33086729,CE BELGICA,Estadual,70.5,14.1,15.4
2019,RIO DE JANEIRO,33086737,CE COELHO NETO,2,162.0,2019,Rio de Janeiro,33086737,CE COELHO NETO,Estadual,72.1,14.5,13.4
2019,RIO DE JANEIRO,33086796,CE PARAIBA,2,117.0,2019,Rio de Janeiro,33086796,CE PARAIBA,Estadual,58.4,16.8,24.8
2019,RIO DE JANEIRO,33087644,CE VICENTE JANNUZZI,2,2303.0,2019,Rio de Janeiro,33087644,CE VICENTE JANNUZZI,Estadual,87.4,7.8,4.8
2019,RIO DE JANEIRO,33087725,CE GILSON AMADO,2,482.0,2019,Rio de Janeiro,33087725,CE GILSON AMADO,Estadual,74.7,10.5,14.8
2019,RIO DE JANEIRO,33087733,CE GOLDA MEIR,2,154.0,2019,Rio de Janeiro,33087733,CE GOLDA MEIR,Estadual,55.6,27.5,16.9
2019,RIO DE JANEIRO,33087750,CE ALMIRANTE TAMANDARE,2,233.0,2019,Rio de Janeiro,33087750,CE ALMIRANTE TAMANDARE,Estadual,54.0,14.6,31.4
2019,RIO DE JANEIRO,33088152,CE JORNALISTA RODOLFO FERNANDES,2,945.0,2019,Rio de Janeiro,33088152,CE JORNALISTA RODOLFO FERNANDES,Estadual,63.9,10.3,25.8
2019,RIO DE JANEIRO,33088179,CE MAX FLEIUSS,2,172.0,2019,Rio de Janeiro,33088179,CE MAX FLEIUSS,Estadual,68.8,15.3,15.9
2019,RIO DE JANEIRO,33095078,CE BERNARDO DE VASCONCELOS,2,302.0,2019,Rio de Janeiro,33095078,CE BERNARDO DE VASCONCELOS,Estadual,78.5,6.1,15.4
2019,RIO DE JANEIRO,33096759,CIEP 173 RAINHA NZINGA ANGOLA,2,644.0,2019,Rio de Janeiro,33096759,CIEP 173 RAINHA NZINGA ANGOLA,Estadual,60.6,18.7,20.7
2019,RIO DE JANEIRO,33097038,CIEP 326 PROFESSOR CESAR PERNETTA,2,759.0,2019,Rio de Janeiro,33097038,CIEP 326 PROFESSOR CESAR PERNETTA,Estadual,54.4,18.5,27.1
2019,RIO DE JANEIRO,33097283,CIEP 321 DOUTOR ULISSES GUIMARAES,2,2264.0,2019,Rio de Janeiro,33097283,CIEP 321 DOUTOR ULISSES GUIMARAES,Estadual,74.5,18.4,7.1
2019,RIO DE JANEIRO,33100659,CAIC NACOES UNIDAS,2,894.0,2019,Rio de Janeiro,33100659,CAIC NACOES UNIDAS,Estadual,64.3,29.8,5.9
2019,RIO DE JANEIRO,33102210,CIEP 241 NACAO MANGUEIRENSE GOVERNADOR LEONEL DE MOURA BRIZOLA,2,1228.0,2019,Rio de Janeiro,33102210,CIEP 241 NACAO MANGUEIRENSE GOVERNADOR LEONEL DE MOURA BRIZOLA,Estadual,67.7,26.7,5.6
2019,RIO DE JANEIRO,33104638,CIEP 195 ANIBAL MACHADO,2,80.0,2019,Rio de Janeiro,33104638,CIEP 195 ANIBAL MACHADO,Estadual,51.9,3.8,44.3
2019,RIO DE JANEIRO,33105065,CAIC EUCLYDES DA CUNHA,2,2377.0,2019,Rio de Janeiro,33105065,CAIC EUCLYDES DA CUNHA,Estadual,77.4,13.1,9.5
2019,RIO DE JANEIRO,33105103,CIEP 303 AYRTON SENNA DA SILVA,2,1138.0,2019,Rio de Janeiro,33105103,CIEP 303 AYRTON SENNA DA SILVA,Estadual,58.6,38.0,3.4
2019,RIO DE JANEIRO,33105219,CIEP 379 RAUL SEIXAS,2,327.0,2019,Rio de Janeiro,33105219,CIEP 379 RAUL SEIXAS,Estadual,69.4,23.9,6.7
2019,RIO DE JANEIRO,33105294,CIEP 311 DEPUTADO BOCAYUVA CUNHA,2,1781.0,2019,Rio de Janeiro,33105294,CIEP 311 DEPUTADO BOCAYUVA CUNHA,Estadual,72.8,18.8,8.4
2019,RIO DE JANEIRO,33106550,CIEP 223 OLYMPIO MARQUES DOS SANTOS,2,1101.0,2019,Rio de Janeiro,33106550,CIEP 223 OLYMPIO MARQUES DOS SANTOS,Estadual,65.4,29.7,4.9
2019,RIO DE JANEIRO,33106584,CIEP 336 OCTAVIO MALTA,2,1494.0,2019,Rio de Janeiro,33106584,CIEP 336 OCTAVIO MALTA,Estadual,67.3,20.4,12.3
2019,RIO DE JANEIRO,33106592,CIEP 435 HELIO PELLEGRINO,2,1309.0,2019,Rio de Janeiro,33106592,CIEP 435 HELIO PELLEGRINO,Estadual,77.6,14.9,7.5
2019,RIO DE JANEIRO,33106606,CIEP 224 TARSO DE CASTRO,2,979.0,2019,Rio de Janeiro,33106606,CIEP 224 TARSO DE CASTRO,Estadual,71.4,9.9,18.7
2019,RIO DE JANEIRO,33106614,CIEP 386 GUILHERME DA SILVEIRA FILHO,2,1791.0,2019,Rio de Janeiro,33106614,CIEP 386 GUILHERME DA SILVEIRA FILHO,Estadual,74.3,20.9,4.8
2019,RIO DE JANEIRO,33106630,CIEP 382 ASPIRANTE FRANCISCO MEGA,2,1693.0,2019,Rio de Janeiro,33106630,CIEP 382 ASPIRANTE FRANCISCO MEGA,Estadual,63.6,28.9,7.5
2019,RIO DE JANEIRO,33106649,CIEP BRIZOLAO 312 RAUL RYFF,2,709.0,2019,Rio de Janeiro,33106649,CIEP BRIZOLAO 312 RAUL RYFF,Estadual,77.4,14.9,7.7
2019,RIO DE JANEIRO,33106657,CIEP 183 JOAO VITTA,2,1031.0,2019,Rio de Janeiro,33106657,CIEP 183 JOAO VITTA,Estadual,66.9,32.9,0.2
2019,RIO DE JANEIRO,33106665,CIEP 432 ALBERTO CAVALCANTI,2,570.0,2019,Rio de Janeiro,33106665,CIEP 432 ALBERTO CAVALCANTI,Estadual,73.3,19.8,6.9
2019,RIO DE JANEIRO,33106673,CIEP 392 MARIO DE ANDRADE,2,1419.0,2019,Rio de Janeiro,33106673,CIEP 392 MARIO DE ANDRADE,Estadual,71.2,22.0,6.8
2019,RIO DE JANEIRO,33106681,CIEP 305 HEITOR DOS PRAZERES,2,2056.0,2019,Rio de Janeiro,33106681,CIEP 305 HEITOR DOS PRAZERES,Estadual,67.8,20.4,11.8
2019,RIO DE JANEIRO,33106690,CIEP 225 MARIO QUINTANA,2,1505.0,2019,Rio de Janeiro,33106690,CIEP 225 MARIO QUINTANA,Estadual,70.2,22.9,6.9
2019,RIO DE JANEIRO,33106703,CIEP 244 OSWALDO ARANHA,2,695.0,2019,Rio de Janeiro,33106703,CIEP 244 OSWALDO ARANHA,Estadual,73.6,15.1,11.3
2019,RIO DE JANEIRO,33106711,CIEP 362 ROBERTO BURLE MARX,2,1119.0,2019,Rio de Janeiro,33106711,CIEP 362 ROBERTO BURLE MARX,Estadual,57.7,32.2,10.1
2019,RIO DE JANEIRO,33106720,CIEP 313 RUBEM BRAGA,2,899.0,2019,Rio de Janeiro,33106720,CIEP 313 RUBEM BRAGA,Estadual,64.2,19.5,16.3
2019,RIO DE JANEIRO,33106738,CIEP 433 TOGO RENAN SOARES KANELA,2,1590.0,2019,Rio de Janeiro,33106738,CIEP 433 TOGO RENAN SOARES KANELA,Estadual,68.7,22.7,8.6
2019,RIO DE JANEIRO,33106746,CIEP 165 BRIGADEIRO SERGIO CARVALHO,2,1173.0,2019,Rio de Janeiro,33106746,CIEP 165 BRIGADEIRO SERGIO CARVALHO,Estadual,66.3,20.5,13.2
2019,RIO DE JANEIRO,33110476,CIEP 418 ANTONIO CARLOS BERNARDES MUSSUM,2,151.0,2019,Rio de Janeiro,33110476,CIEP 418 ANTONIO CARLOS BERNARDES MUSSUM,Estadual,74.1,10.8,15.1
2019,RIO DE JANEIRO,33110638,CIEP 205 FREI AGOSTINHO FINCIAS,2,479.0,2019,Rio de Janeiro,33110638,CIEP 205 FREI AGOSTINHO FINCIAS,Estadual,61.0,26.9,12.1
2019,RIO DE JANEIRO,33110646,CIEP 323 MARIA WERNECK DE CASTRO,2,998.0,2019,Rio de Janeiro,33110646,CIEP 323 MARIA WERNECK DE CASTRO,Estadual,72.7,16.8,10.5
2019,RIO DE JANEIRO,33110654,CIEP 092 FREDERICO FELLINI,2,642.0,2019,Rio de Janeiro,33110654,CIEP 092 FREDERICO FELLINI,Estadual,62.1,15.3,22.6
2019,RIO DE JANEIRO,33111626,CE LUIZA MAHIN,2,6.0,2019,Rio de Janeiro,33111626,CE LUIZA MAHIN,Estadual,75.0,25.0,0.0
2019,RIO DE JANEIRO,33111707,CE CANDEIA,2,13.0,2019,Rio de Janeiro,33111707,CE CANDEIA,Estadual,90.0,10.0,0.0
2019,RIO DE JANEIRO,33117950,CE PROFESSOR AUGUSTO MOTTA,2,270.0,2019,Rio de Janeiro,33117950,CE PROFESSOR AUGUSTO MOTTA,Estadual,42.7,12.7,44.6
2019,RIO DE JANEIRO,33117969,ESCOLA TECNICA ESTADUAL ADOLPHO BLOCH,2,533.0,2019,Rio de Janeiro,33117969,ESCOLA TECNICA ESTADUAL ADOLPHO BLOCH,Estadual,80.7,14.3,5.0
2019,RIO DE JANEIRO,33117977,ESCOLA TECNICA ESTADUAL SANTA CRUZ,2,627.0,2019,Rio de Janeiro,33117977,ESCOLA TECNICA ESTADUAL SANTA CRUZ,Estadual,87.1,11.5,1.4
2019,RIO DE JANEIRO,33120692,CAIC THEOPHILO DE SOUZA PINTO,2,738.0,2019,Rio de Janeiro,33120692,CAIC THEOPHILO DE SOUZA PINTO,Estadual,48.5,26.0,25.5
2019,RIO DE JANEIRO,33124620,CE PADRE CARLOS LEONCIO DA SILVA,2,39.0,2019,Rio de Janeiro,33124620,CE PADRE CARLOS LEONCIO DA SILVA,Estadual,82.4,17.6,0.0
2019,RIO DE JANEIRO,33124922,CE OLAVO JOSINO DE SALLES,2,382.0,2019,Rio de Janeiro,33124922,CE OLAVO JOSINO DE SALLES,Estadual,63.2,12.5,24.3
2019,RIO DE JANEIRO,33125304,CE MISSIONARIO MARIO WAY,2,1502.0,2019,Rio de Janeiro,33125304,CE MISSIONARIO MARIO WAY,Estadual,76.1,20.9,3.0
2019,RIO DE JANEIRO,33125317,CE PROFESSORA LUIZA MARINHO,2,1494.0,2019,Rio de Janeiro,33125317,CE PROFESSORA LUIZA MARINHO,Estadual,68.8,24.1,7.1
2019,RIO DE JANEIRO,33125333,CE IRINEU JOSE FERREIRA,2,1201.0,2019,Rio de Janeiro,33125333,CE IRINEU JOSE FERREIRA,Estadual,80.5,10.7,8.8
2019,RIO DE JANEIRO,33125341,CE CORA CORALINA,2,315.0,2019,Rio de Janeiro,33125341,CE CORA CORALINA,Estadual,64.8,21.5,13.7
2019,RIO DE JANEIRO,33125627,CE MINISTRO MARCOS FREIRE,2,475.0,2019,Rio de Janeiro,33125627,CE MINISTRO MARCOS FREIRE,Estadual,57.4,7.1,35.5
2019,RIO DE JANEIRO,33125740,CE PAULO FREIRE,2,608.0,2019,Rio de Janeiro,33125740,CE PAULO FREIRE,Estadual,70.4,20.6,9.0
2019,RIO DE JANEIRO,33125805,CE PROFESSOR TEOFILO MOREIRA DA COSTA,2,406.0,2019,Rio de Janeiro,33125805,CE PROFESSOR TEOFILO MOREIRA DA COSTA,Estadual,85.3,6.6,8.1
2019,RIO DE JANEIRO,33126105,CE FINLANDIA,2,334.0,2019,Rio de Janeiro,33126105,CE FINLANDIA,Estadual,80.8,8.7,10.5
2019,RIO DE JANEIRO,33126160,CE OLGA BENARIO PRESTES,2,2369.0,2019,Rio de Janeiro,33126160,CE OLGA BENARIO PRESTES,Estadual,83.3,15.5,1.2
2019,RIO DE JANEIRO,33126216,CE PROFESSORA DIUMA MADEIRA SALLES DE SOUZA,2,512.0,2019,Rio de Janeiro,33126216,CE PROFESSORA DIUMA MADEIRA SALLES DE SOUZA,Estadual,62.6,30.8,6.6
2019,RIO DE JANEIRO,33126224,CE HERBERT DE SOUZA,2,806.0,2019,Rio de Janeiro,33126224,CE HERBERT DE SOUZA,Estadual,71.2,9.9,18.9
2019,RIO DE JANEIRO,33126232,CE COMPOSITOR LUIZ GONZAGA,2,243.0,2019,Rio de Janeiro,33126232,CE COMPOSITOR LUIZ GONZAGA,Estadual,79.4,11.5,9.1
2019,RIO DE JANEIRO,33126259,CE ROSA LUXEMBURGO,2,253.0,2019,Rio de Janeiro,33126259,CE ROSA LUXEMBURGO,Estadual,70.8,19.9,9.3
2019,RIO DE JANEIRO,33126267,CE PROFESSOR HORACIO MACEDO,2,258.0,2019,Rio de Janeiro,33126267,CE PROFESSOR HORACIO MACEDO,Estadual,72.2,26.3,1.5
2019,RIO DE JANEIRO,33126747,CE MADRE TERESA DE CALCUTA,2,1290.0,2019,Rio de Janeiro,33126747,CE MADRE TERESA DE CALCUTA,Estadual,84.8,15.2,0.0
2019,RIO DE JANEIRO,33126755,CE MONTEIRO DE CARVALHO,2,523.0,2019,Rio de Janeiro,33126755,CE MONTEIRO DE CARVALHO,Estadual,68.5,23.7,7.8
2019,RIO DE JANEIRO,33126852,CE PROFESSORA MARIA NAZARETH CAVALCANTI SILVA,2,1326.0,2019,Rio de Janeiro,33126852,CE PROFESSORA MARIA NAZARETH CAVALCANTI SILVA,Estadual,87.9,12.0,0.1
2019,RIO DE JANEIRO,33126941,CE CHIQUINHA GONZAGA,2,311.0,2019,Rio de Janeiro,33126941,CE CHIQUINHA GONZAGA,Estadual,68.4,7.2,24.4
2019,RIO DE JANEIRO,33127395,CE MINISTRO OROZIMBO NONATO,2,115.0,2019,Rio de Janeiro,33127395,CE MINISTRO OROZIMBO NONATO,Estadual,67.8,11.1,21.1
2019,RIO DE JANEIRO,33127514,CE MARECHAL RONDON,2,282.0,2019,Rio de Janeiro,33127514,CE MARECHAL RONDON,Estadual,62.6,24.1,13.3
2019,RIO DE JANEIRO,33128235,CIEP 339 MARIO TAMBORINDEGUY,2,1424.0,2019,Rio de Janeiro,33128235,CIEP 339 MARIO TAMBORINDEGUY,Estadual,76.0,11.9,12.1
2019,RIO DE JANEIRO,33128618,CE CARLOS MAGNO NAZARETH CERQUEIRA,2,565.0,2019,Rio de Janeiro,33128618,CE CARLOS MAGNO NAZARETH CERQUEIRA,Estadual,67.9,20.7,11.4
2019,RIO DE JANEIRO,33132879,CE DOM HELDER CAMARA,2,1132.0,2019,Rio de Janeiro,33132879,CE DOM HELDER CAMARA,Estadual,80.6,18.2,1.2
2019,RIO DE JANEIRO,33132887,CE COMPOSITOR MANACEIA JOSE DE ANDRADE,2,890.0,2019,Rio de Janeiro,33132887,CE COMPOSITOR MANACEIA JOSE DE ANDRADE,Estadual,61.7,25.4,12.9
2019,RIO DE JANEIRO,33134049,CE PROFESSORA MARIA TEREZINHA DE CARVALHO MACHADO,2,1940.0,2019,Rio de Janeiro,33134049,CE PROFESSORA MARIA TEREZINHA DE CARVALHO MACHADO,Estadual,74.9,16.6,8.5
2019,RIO DE JANEIRO,33135193,CE PROFESSOR JOSE DE SOUZA MARQUES,2,960.0,2019,Rio de Janeiro,33135193,CE PROFESSOR JOSE DE SOUZA MARQUES,Estadual,77.2,16.7,6.1
2019,RIO DE JANEIRO,33136424,CE PROFESSORA VILMA ATANAZIO,2,1138.0,2019,Rio de Janeiro,33136424,CE PROFESSORA VILMA ATANAZIO,Estadual,81.3,14.2,4.5
2019,RIO DE JANEIRO,33136432,CE PROFESSORA VANIA DO AMARAL MATIAS EDDE,2,1104.0,2019,Rio de Janeiro,33136432,CE PROFESSORA VANIA DO AMARAL MATIAS EDDE,Estadual,73.3,22.0,4.7
2019,RIO DE JANEIRO,33136459,CE PROFESSORA ALBA CANIZARES DO NASCIMENTO,2,387.0,2019,Rio de Janeiro,33136459,CE PROFESSORA ALBA CANIZARES DO NASCIMENTO,Estadual,70.4,4.2,25.4
2019,RIO DE JANEIRO,33136475,CE MONSENHOR MIGUEL DE SANTA MARIA MOCHON,2,324.0,2019,Rio de Janeiro,33136475,CE MONSENHOR MIGUEL DE SANTA MARIA MOCHON,Estadual,86.6,10.9,2.5
2019,RIO DE JANEIRO,33136483,CE GANDHI,2,254.0,2019,Rio de Janeiro,33136483,CE GANDHI,Estadual,73.2,13.4,13.4
2019,RIO DE JANEIRO,33136505,CE PROFESSORA JEANNETTE DE SOUZA COELHO MANNARINO,2,2353.0,2019,Rio de Janeiro,33136505,CE PROFESSORA JEANNETTE DE SOUZA COELHO MANNARINO,Estadual,83.2,13.4,3.4
2019,RIO DE JANEIRO,33136513,CE ROSARIA TROTTA,2,331.0,2019,Rio de Janeiro,33136513,CE ROSARIA TROTTA,Estadual,78.8,11.3,9.9
2019,RIO DE JANEIRO,33136696,CE LIBERDADE,2,539.0,2019,Rio de Janeiro,33136696,CE LIBERDADE,Estadual,71.8,16.2,12.0
2019,RIO DE JANEIRO,33138354,CE PROFESSOR OZEAS GOMES LARANGEIRAS,2,490.0,2019,Rio de Janeiro,33138354,CE PROFESSOR OZEAS GOMES LARANGEIRAS,Estadual,82.8,10.8,6.4
2019,RIO DE JANEIRO,33138648,CE STELLA MATUTINA,2,1179.0,2019,Rio de Janeiro,33138648,CE STELLA MATUTINA,Estadual,84.6,15.0,0.4
2019,RIO DE JANEIRO,33139156,CE PROFESSORA SONIA REGINA SCUDESE DESSIMONI PINTO,2,931.0,2019,Rio de Janeiro,33139156,CE PROFESSORA SONIA REGINA SCUDESE DESSIMONI PINTO,Estadual,75.0,19.1,5.9
2019,RIO DE JANEIRO,33140030,CE CONDE PEREIRA CARNEIRO,2,334.0,2019,Rio de Janeiro,33140030,CE CONDE PEREIRA CARNEIRO,Estadual,78.6,7.0,14.4
2019,RIO DE JANEIRO,33140049,CE OSWALDO TEIXEIRA,2,74.0,2019,Rio de Janeiro,33140049,CE OSWALDO TEIXEIRA,Estadual,79.7,2.7,17.6
2019,RIO DE JANEIRO,33140669,CE JORNALISTA TIM LOPES,2,1312.0,2019,Rio de Janeiro,33140669,CE JORNALISTA TIM LOPES,Estadual,70.1,23.2,6.7
2019,RIO DE JANEIRO,33140715,CE ANTONIO HOUAISS,2,1370.0,2019,Rio de Janeiro,33140715,CE ANTONIO HOUAISS,Estadual,71.8,26.5,1.7
2019,RIO DE JANEIRO,33146950,CE PROFESSORA MARIA DE LOURDES DE OLIVEIRA LAVOR TIA LAVOR,2,1578.0,2019,Rio de Janeiro,33146950,CE PROFESSORA MARIA DE LOURDES DE OLIVEIRA LAVOR TIA LAVOR,Estadual,61.2,21.7,17.1
2019,RIO DE JANEIRO,33149119,CE CARLOS ARNOLDO ABRUZZINI DA FONSECA,2,1521.0,2019,Rio de Janeiro,33149119,CE CARLOS ARNOLDO ABRUZZINI DA FONSECA,Estadual,77.3,9.3,13.4
2019,RIO DE JANEIRO,33157065,CE ERICH WALTER HEINE,2,577.0,2019,Rio de Janeiro,33157065,CE ERICH WALTER HEINE,Estadual,96.3,3.7,0.0
2019,RIO DE JANEIRO,33170150,CE HEBE CAMARGO,2,415.0,2019,Rio de Janeiro,33170150,CE HEBE CAMARGO,Estadual,95.0,5.0,0.0
2019,RIO DE JANEIRO,33173010,CE JORNALISTA MAURICIO AZEDO,2,243.0,2019,Rio de Janeiro,33173010,CE JORNALISTA MAURICIO AZEDO,Estadual,95.7,2.6,1.7
2019,RIO DE JANEIRO,33183724,CE ARTHUR ANTONIO SENDAS,2,58.0,2019,Rio de Janeiro,33183724,CE ARTHUR ANTONIO SENDAS,Estadual,63.0,5.6,31.4
2019,RIO DE JANEIRO,33271208,CE JOSE LEITE LOPES,2,444.0,2019,Rio de Janeiro,33271208,CE JOSE LEITE LOPES,Estadual,83.8,16.0,0.2
2019,RIO DE JANEIRO,33439222,CE COMPOSITOR LUIZ CARLOS DA VILA,2,603.0,2019,Rio de Janeiro,33439222,CE COMPOSITOR LUIZ CARLOS DA VILA,Estadual,60.3,26.7,13.0
2019,RIO DE JANEIRO,33508232,CE JORNALISTA ARTUR DA TAVOLA,2,405.0,2019,Rio de Janeiro,33508232,CE JORNALISTA ARTUR DA TAVOLA,Estadual,80.9,14.2,4.9
2019,RIO DE JANEIRO,33558230,CE DEPUTADO PEDRO FERNANDES,2,1589.0,2019,Rio de Janeiro,33558230,CE DEPUTADO PEDRO FERNANDES,Estadual,66.4,19.4,14.2
2019,SÃO GONÇALO,33051879,CE DOUTOR MOACYR MEIRELLES PADILHA,2,435.0,2019,São Gonçalo,33051879,CE DOUTOR MOACYR MEIRELLES PADILHA,Estadual,70.4,16.7,12.9
2019,SÃO GONÇALO,33088870,CIEP 430 CARLOS MARIGHELLA,2,112.0,2019,São Gonçalo,33088870,CIEP 430 CARLOS MARIGHELLA,Estadual,74.8,4.5,20.7
2019,SÃO GONÇALO,33088896,CIEP 306 DEPUTADO DAVID QUINDERE,2,203.0,2019,São Gonçalo,33088896,CIEP 306 DEPUTADO DAVID QUINDERE,Estadual,88.3,6.9,4.8
2019,SÃO GONÇALO,33088900,CIEP 249 PASTOR WALDEMAR ZARRO,2,277.0,2019,São Gonçalo,33088900,CIEP 249 PASTOR WALDEMAR ZARRO,Estadual,71.8,19.9,8.3
2019,SÃO GONÇALO,33088926,CIEP 240 PROFESSOR HAROLDO TEIXEIRA VALLADAO,2,98.0,2019,São Gonçalo,33088926,CIEP 240 PROFESSOR HAROLDO TEIXEIRA VALLADAO,Estadual,79.2,14.6,6.2
2019,SÃO GONÇALO,33088942,CIEP 248 PROFESSOR TULIO RODRIGUES PERLINGEIRO,2,77.0,2019,São Gonçalo,33088942,CIEP 248 PROFESSOR TULIO RODRIGUES PERLINGEIRO,Estadual,70.7,18.7,10.6
2019,SÃO GONÇALO,33088950,CIEP 052 PROFESSORA ROMANDA GOUVEIA GONCALVES,2,94.0,2019,São Gonçalo,33088950,CIEP 052 PROFESSORA ROMANDA GOUVEIA GONCALVES,Estadual,79.1,9.9,11.0
2019,SÃO GONÇALO,33089043,CE ARMANDO GONCALVES,2,319.0,2019,São Gonçalo,33089043,CE ARMANDO GONCALVES,Estadual,69.6,14.4,16.0
2019,SÃO GONÇALO,33089051,CE DOUTOR ADINO XAVIER,2,1381.0,2019,São Gonçalo,33089051,CE DOUTOR ADINO XAVIER,Estadual,81.0,13.7,5.3
2019,SÃO GONÇALO,33089060,CE ISMAEL BRANCO,2,218.0,2019,São Gonçalo,33089060,CE ISMAEL BRANCO,Estadual,65.1,17.7,17.2
2019,SÃO GONÇALO,33089086,CE MINISTRO JOSE DE MOURA E SILVA,2,286.0,2019,São Gonçalo,33089086,CE MINISTRO JOSE DE MOURA E SILVA,Estadual,91.0,5.8,3.2
2019,SÃO GONÇALO,33089094,CE NILO PECANHA,2,1077.0,2019,São Gonçalo,33089094,CE NILO PECANHA,Estadual,86.0,12.7,1.3
2019,SÃO GONÇALO,33089108,CE PANDIA CALOGERAS,2,1024.0,2019,São Gonçalo,33089108,CE PANDIA CALOGERAS,Estadual,80.5,19.3,0.2
2019,SÃO GONÇALO,33089124,CE PADRE MANUEL DA NOBREGA,2,230.0,2019,São Gonçalo,33089124,CE PADRE MANUEL DA NOBREGA,Estadual,84.1,6.8,9.1
2019,SÃO GONÇALO,33089388,CE FREDERICO AZEVEDO,2,345.0,2019,São Gonçalo,33089388,CE FREDERICO AZEVEDO,Estadual,68.7,13.6,17.7
2019,SÃO GONÇALO,33089396,CE LAURO CORREA,2,242.0,2019,São Gonçalo,33089396,CE LAURO CORREA,Estadual,68.6,23.6,7.8
2019,SÃO GONÇALO,33089426,CE MONSENHOR BARENCO COELHO,2,226.0,2019,São Gonçalo,33089426,CE MONSENHOR BARENCO COELHO,Estadual,61.4,28.3,10.3
2019,SÃO GONÇALO,33089469,CE PROFESSORA ANTONIETA PALMEIRA,2,258.0,2019,São Gonçalo,33089469,CE PROFESSORA ANTONIETA PALMEIRA,Estadual,81.2,11.8,7.0
2019,SÃO GONÇALO,33089841,IE CLELIA NANCI,2,1072.0,2019,São Gonçalo,33089841,IE CLELIA NANCI,Estadual,77.2,21.5,1.3
2019,SÃO GONÇALO,33090149,CIEP 122 ERMEZINDA DIONIZIO NECCO,2,322.0,2019,São Gonçalo,33090149,CIEP 122 ERMEZINDA DIONIZIO NECCO,Estadual,69.5,21.9,8.6
2019,SÃO GONÇALO,33090157,CIEP 126 ALMEDORINA AZEREDO,2,82.0,2019,São Gonçalo,33090157,CIEP 126 ALMEDORINA AZEREDO,Estadual,80.5,3.9,15.6
2019,SÃO GONÇALO,33090165,CIEP 440 MAJOR JOAQUIM DE AZEVEDO COUTINHO,2,21.0,2019,São Gonçalo,33090165,CIEP 440 MAJOR JOAQUIM DE AZEVEDO COUTINHO,Estadual,71.4,9.5,19.1
2019,SÃO GONÇALO,33090173,CIEP 410 PATRICIA GALVAO PAGU,2,180.0,2019,São Gonçalo,33090173,CIEP 410 PATRICIA GALVAO PAGU,Estadual,87.3,8.3,4.4
2019,SÃO GONÇALO,33090246,CE DORVAL FERREIRA DA CUNHA,2,259.0,2019,São Gonçalo,33090246,CE DORVAL FERREIRA DA CUNHA,Estadual,72.0,26.4,1.6
2019,SÃO GONÇALO,33090270,CE AMANDA VELASCO,2,378.0,2019,São Gonçalo,33090270,CE AMANDA VELASCO,Estadual,78.9,19.5,1.6
2019,SÃO GONÇALO,33090300,CE AUGUSTO CEZARIO DIAZ ANDRE,2,516.0,2019,São Gonçalo,33090300,CE AUGUSTO CEZARIO DIAZ ANDRE,Estadual,87.6,8.9,3.5
2019,SÃO GONÇALO,33090327,CE DESEMBARGADOR FERREIRA PINTO,2,232.0,2019,São Gonçalo,33090327,CE DESEMBARGADOR FERREIRA PINTO,Estadual,67.9,29.7,2.4
2019,SÃO GONÇALO,33090343,CE DOUTOR HUMBERTO SOEIRO DE CARVALHO,2,123.0,2019,São Gonçalo,33090343,CE DOUTOR HUMBERTO SOEIRO DE CARVALHO,Estadual,86.7,7.5,5.8
2019,SÃO GONÇALO,33090351,CE DOUTOR RODOLPHO SIQUEIRA,2,270.0,2019,São Gonçalo,33090351,CE DOUTOR RODOLPHO SIQUEIRA,Estadual,92.1,5.3,2.6
2019,SÃO GONÇALO,33090378,CE ELIZA MARIA DUTRA,2,236.0,2019,São Gonçalo,33090378,CE ELIZA MARIA DUTRA,Estadual,80.3,6.6,13.1
2019,SÃO GONÇALO,33090424,CE PROFESSORA ADELIA MARTINS,2,115.0,2019,São Gonçalo,33090424,CE PROFESSORA ADELIA MARTINS,Estadual,70.3,22.5,7.2
2019,SÃO GONÇALO,33090432,CE PROFESSORA DALILA DE OLIVEIRA COSTA,2,209.0,2019,São Gonçalo,33090432,CE PROFESSORA DALILA DE OLIVEIRA COSTA,Estadual,74.4,17.4,8.2
2019,SÃO GONÇALO,33090440,CE PROFESSOR FRANCISCO DE PAULA ACHILLES,2,43.0,2019,São Gonçalo,33090440,CE PROFESSOR FRANCISCO DE PAULA ACHILLES,Estadual,95.5,4.5,0.0
2019,SÃO GONÇALO,33090459,CE PROFESSORA ODYSSEA SILVEIRA DE SIQUEIRA,2,158.0,2019,São Gonçalo,33090459,CE PROFESSORA ODYSSEA SILVEIRA DE SIQUEIRA,Estadual,89.0,10.3,0.7
2019,SÃO GONÇALO,33090475,CE VITAL BRASIL,2,207.0,2019,São Gonçalo,33090475,CE VITAL BRASIL,Estadual,74.2,20.5,5.3
2019,SÃO GONÇALO,33090653,CIEP 121 PROFESSOR JOADELIO CODECO,2,151.0,2019,São Gonçalo,33090653,CIEP 121 PROFESSOR JOADELIO CODECO,Estadual,81.3,10.8,7.9
2019,SÃO GONÇALO,33090670,CIEP 050 PABLO NERUDA,2,405.0,2019,São Gonçalo,33090670,CIEP 050 PABLO NERUDA,Estadual,67.2,23.1,9.7
2019,SÃO GONÇALO,33090688,CIEP 239 PROFESSORA ELZA VIANNA FIALHO,2,241.0,2019,São Gonçalo,33090688,CIEP 239 PROFESSORA ELZA VIANNA FIALHO,Estadual,80.8,17.9,1.3
2019,SÃO GONÇALO,33090726,CE TRASILBO FILGUEIRAS,2,457.0,2019,São Gonçalo,33090726,CE TRASILBO FILGUEIRAS,Estadual,71.7,18.3,10.0
2019,SÃO GONÇALO,33090815,CE ALECRIM,2,120.0,2019,São Gonçalo,33090815,CE ALECRIM,Estadual,93.3,6.7,0.0
2019,SÃO GONÇALO,33090823,CE CORONEL SERRADO,2,138.0,2019,São Gonçalo,33090823,CE CORONEL SERRADO,Estadual,89.9,7.9,2.2
2019,SÃO GONÇALO,33090831,CE DOM ANTONIO DE ALMEIDA MORAES JUNIOR,2,141.0,2019,São Gonçalo,33090831,CE DOM ANTONIO DE ALMEIDA MORAES JUNIOR,Estadual,92.9,3.5,3.6
2019,SÃO GONÇALO,33090840,CE DOUTOR ARMANDO SA COUTO,2,96.0,2019,São Gonçalo,33090840,CE DOUTOR ARMANDO SA COUTO,Estadual,88.0,10.9,1.1
2019,SÃO GONÇALO,33090882,CE MAUA,2,112.0,2019,São Gonçalo,33090882,CE MAUA,Estadual,85.2,10.2,4.6
2019,SÃO GONÇALO,33090904,CE VILA GUARANI,2,112.0,2019,São Gonçalo,33090904,CE VILA GUARANI,Estadual,78.7,13.9,7.4
2019,SÃO GONÇALO,33091196,CE SANTOS DIAS,2,299.0,2019,São Gonçalo,33091196,CE SANTOS DIAS,Estadual,84.6,14.4,1.0
2019,SÃO GONÇALO,33091200,CE WALTER ORLANDINE,2,1381.0,2019,São Gonçalo,33091200,CE WALTER ORLANDINE,Estadual,87.0,9.3,3.7
2019,SÃO GONÇALO,33091340,CE CAPITAO OSWALDO ORNELLAS,2,297.0,2019,São Gonçalo,33091340,CE CAPITAO OSWALDO ORNELLAS,Estadual,85.2,10.0,4.8
2019,SÃO GONÇALO,33091382,CE CORONEL FRANCISCO LIMA,2,186.0,2019,São Gonçalo,33091382,CE CORONEL FRANCISCO LIMA,Estadual,87.4,8.6,4.0
2019,SÃO GONÇALO,33091390,CE CORONEL JOAO TARCISIO BUENO,2,115.0,2019,São Gonçalo,33091390,CE CORONEL JOAO TARCISIO BUENO,Estadual,65.1,22.9,12.0
2019,SÃO GONÇALO,33091447,CE MELCHIADES PICANCO,2,278.0,2019,São Gonçalo,33091447,CE MELCHIADES PICANCO,Estadual,79.1,12.8,8.1
2019,SÃO GONÇALO,33103925,CIEP 421 DEPUTADA CRISTINA TAVARES,2,65.0,2019,São Gonçalo,33103925,CIEP 421 DEPUTADA CRISTINA TAVARES,Estadual,71.9,10.9,17.2
2019,SÃO GONÇALO,33103941,CIEP 422 NICANOR FERREIRA NUNES,2,40.0,2019,São Gonçalo,33103941,CIEP 422 NICANOR FERREIRA NUNES,Estadual,84.6,10.3,5.1
2019,SÃO GONÇALO,33103968,CIEP 439 LUIZ GONZAGA JUNIOR GONZAGUINHA,2,165.0,2019,São Gonçalo,33103968,CIEP 439 LUIZ GONZAGA JUNIOR GONZAGUINHA,Estadual,88.2,11.8,0.0
2019,SÃO GONÇALO,33104182,CIEP 409 ALAIDE DE FIGUEREDO SANTOS,2,272.0,2019,São Gonçalo,33104182,CIEP 409 ALAIDE DE FIGUEREDO SANTOS,Estadual,74.2,17.6,8.2
2019,SÃO GONÇALO,33114366,CE MARIO TAMBORINDEGUY,2,85.0,2019,São Gonçalo,33114366,CE MARIO TAMBORINDEGUY,Estadual,80.8,16.7,2.5
2019,NITERÓI,33102520,CIEP 307 DJANIRA,2,130.0,2019,Niterói,33102520,CIEP 307 DJANIRA,Estadual,77.2,9.8,13.0
2019,NITERÓI,33108579,CIEP 448 RUY FRAZAO SOARES,2,186.0,2019,Niterói,33108579,CIEP 448 RUY FRAZAO SOARES,Estadual,77.8,16.8,5.4
2019,NITERÓI,33055467,CIEP BRIZOLAO 251 DONA MARIA PORTUGAL,2,81.0,2019,Niterói,33055467,CIEP BRIZOLAO 251 DONA MARIA PORTUGAL,Estadual,66.7,20.5,12.8
2019,NITERÓI,33055610,CE AURELINO LEAL,2,991.0,2019,Niterói,33055610,CE AURELINO LEAL,Estadual,80.8,9.9,9.3
2019,NITERÓI,33055629,CE BALTAZAR BERNARDINO,2,207.0,2019,Niterói,33055629,CE BALTAZAR BERNARDINO,Estadual,67.3,20.9,11.8
2019,NITERÓI,33055637,CE BRIGADEIRO CASTRIOTO,2,184.0,2019,Niterói,33055637,CE BRIGADEIRO CASTRIOTO,Estadual,91.2,8.8,0.0
2019,NITERÓI,33055645,CE CIZINIO SOARES PINTO,2,248.0,2019,Niterói,33055645,CE CIZINIO SOARES PINTO,Estadual,74.0,16.4,9.6
2019,NITERÓI,33055653,CE CONSELHEIRO MACEDO SOARES,2,395.0,2019,Niterói,33055653,CE CONSELHEIRO MACEDO SOARES,Estadual,64.4,12.3,23.3
2019,NITERÓI,33055661,CE DOUTOR LUCIANO PESTRE,2,97.0,2019,Niterói,33055661,CE DOUTOR LUCIANO PESTRE,Estadual,64.1,32.6,3.3
2019,SÃO GONÇALO,33507210,CE COMENDADOR VALENTIM DOS SANTOS DINIZ,2,353.0,2019,São Gonçalo,33507210,CE COMENDADOR VALENTIM DOS SANTOS DINIZ,Estadual,94.7,5.0,0.3
2019,SÃO GONÇALO,33518238,CIEP 513 GEORGE SAVALLA GOMES PALHACO CAREQUINHA,2,98.0,2019,São Gonçalo,33518238,CIEP 513 GEORGE SAVALLA GOMES PALHACO CAREQUINHA,Estadual,70.1,15.5,14.4
2019,NITERÓI,33056501,CE MARIA PEREIRA DAS NEVES,2,74.0,2019,Niterói,33056501,CE MARIA PEREIRA DAS NEVES,Estadual,69.6,18.8,11.6
2019,NITERÓI,33056560,CE PINTO LIMA,2,132.0,2019,Niterói,33056560,CE PINTO LIMA,Estadual,83.5,10.7,5.8
2019,NITERÓI,33055670,CE FERNANDO MAGALHAES,2,143.0,2019,Niterói,33055670,CE FERNANDO MAGALHAES,Estadual,79.3,17.8,2.9
2019,NITERÓI,33055696,CE GUILHERME BRIGGS,2,166.0,2019,Niterói,33055696,CE GUILHERME BRIGGS,Estadual,91.9,5.4,2.7
2019,NITERÓI,33055700,CE HILARIO RIBEIRO,2,265.0,2019,Niterói,33055700,CE HILARIO RIBEIRO,Estadual,64.5,18.3,17.2
2019,NITERÓI,33055726,CE JOAQUIM TAVORA,2,409.0,2019,Niterói,33055726,CE JOAQUIM TAVORA,Estadual,82.2,15.9,1.9
2019,NITERÓI,33055734,CE MACHADO DE ASSIS,2,203.0,2019,Niterói,33055734,CE MACHADO DE ASSIS,Estadual,79.3,18.2,2.5
2019,NITERÓI,33055742,CE MULLULO DA VEIGA,2,114.0,2019,Niterói,33055742,CE MULLULO DA VEIGA,Estadual,58.9,20.5,20.6
2019,SÃO GONÇALO,33091757,CIEP 246 PROFESSORA ADALGISA CABRAL DE FARIA,2,151.0,2019,São Gonçalo,33091757,CIEP 246 PROFESSORA ADALGISA CABRAL DE FARIA,Estadual,81.0,19.0,0.0
2019,SÃO GONÇALO,33091765,CE PAULINO PINHEIRO BAPTISTA,2,243.0,2019,São Gonçalo,33091765,CE PAULINO PINHEIRO BAPTISTA,Estadual,72.6,24.8,2.6
2019,SÃO GONÇALO,33096970,CIEP 309 ZUZU ANGEL,2,159.0,2019,São Gonçalo,33096970,CIEP 309 ZUZU ANGEL,Estadual,75.7,19.6,4.7
2019,SÃO GONÇALO,33096988,CIEP 412 DOUTOR ZERBINI,2,297.0,2019,São Gonçalo,33096988,CIEP 412 DOUTOR ZERBINI,Estadual,72.0,20.6,7.4
2019,SÃO GONÇALO,33103879,CIEP 413 ADAO PEREIRA NUNES,2,114.0,2019,São Gonçalo,33103879,CIEP 413 ADAO PEREIRA NUNES,Estadual,83.3,10.5,6.2
2019,SÃO GONÇALO,33103887,CIEP 408 SERGIO CARDOSO,2,52.0,2019,São Gonçalo,33103887,CIEP 408 SERGIO CARDOSO,Estadual,93.3,6.7,0.0
2019,SÃO GONÇALO,33103909,CIEP 238 DOUTOR ILTON FARIA DA COSTA,2,318.0,2019,São Gonçalo,33103909,CIEP 238 DOUTOR ILTON FARIA DA COSTA,Estadual,68.4,24.7,6.9
2019,SÃO GONÇALO,33103917,CIEP 423 MORA GUIMARAES,2,43.0,2019,São Gonçalo,33103917,CIEP 423 MORA GUIMARAES,Estadual,58.1,18.6,23.3
2019,RIO DE JANEIRO,33064652,CE PEDRO ALVARES CABRAL,2,926.0,2019,Rio de Janeiro,33064652,CE PEDRO ALVARES CABRAL,Estadual,73.3,13.6,13.1
2019,RIO DE JANEIRO,33064792,CE CASTELNUOVO,2,71.0,2019,Rio de Janeiro,33064792,CE CASTELNUOVO,Estadual,52.5,18.0,29.5
2019,RIO DE JANEIRO,33065217,CE PROFESSOR ANTONIO MARIA TEIXEIRA FILHO,2,529.0,2019,Rio de Janeiro,33065217,CE PROFESSOR ANTONIO MARIA TEIXEIRA FILHO,Estadual,84.5,6.1,9.4
2019,RIO DE JANEIRO,33065276,CE ANDRE MAUROIS,2,2062.0,2019,Rio de Janeiro,33065276,CE ANDRE MAUROIS,Estadual,63.9,32.9,3.2
2019,RIO DE JANEIRO,33065284,CE IGNACIO AZEVEDO DO AMARAL,2,742.0,2019,Rio de Janeiro,33065284,CE IGNACIO AZEVEDO DO AMARAL,Estadual,72.8,16.2,11.0
2019,RIO DE JANEIRO,33066027,CE NILO PECANHA,2,161.0,2019,Rio de Janeiro,33066027,CE NILO PECANHA,Estadual,64.8,15.9,19.3
2019,RIO DE JANEIRO,33066035,CE OLAVO BILAC,2,1235.0,2019,Rio de Janeiro,33066035,CE OLAVO BILAC,Estadual,66.2,17.7,16.1
2019,RIO DE JANEIRO,33066043,CE PROFESSOR ERNESTO FARIA,2,510.0,2019,Rio de Janeiro,33066043,CE PROFESSOR ERNESTO FARIA,Estadual,75.8,23.0,1.2
2019,RIO DE JANEIRO,33066140,CE GONCALVES DIAS,2,287.0,2019,Rio de Janeiro,33066140,CE GONCALVES DIAS,Estadual,67.0,17.7,15.3
2019,RIO DE JANEIRO,33066523,INSTITUTO DE APLICACAO FERNANDO RODRIGUES DA SILVEIRA CAP-UERJ,2,260.0,2019,Rio de Janeiro,33066523,INSTITUTO DE APLICACAO FERNANDO RODRIGUES DA SILVEIRA CAP-UERJ,Estadual,86.9,12.4,0.7
2019,RIO DE JANEIRO,33066590,CE ANTONIO PRADO JUNIOR,2,1559.0,2019,Rio de Janeiro,33066590,CE ANTONIO PRADO JUNIOR,Estadual,81.7,15.6,2.7
2019,RIO DE JANEIRO,33066612,CE PROFESSOR CLOVIS SALGADO,2,334.0,2019,Rio de Janeiro,33066612,CE PROFESSOR CLOVIS SALGADO,Estadual,72.0,10.6,17.4
2019,RIO DE JANEIRO,33066620,CE SOARES PEREIRA,2,123.0,2019,Rio de Janeiro,33066620,CE SOARES PEREIRA,Estadual,65.3,14.0,20.7
2019,RIO DE JANEIRO,33067228,ESCOLA TECNICA ESTADUAL FERREIRA VIANA,2,708.0,2019,Rio de Janeiro,33067228,ESCOLA TECNICA ESTADUAL FERREIRA VIANA,Estadual,75.4,19.2,5.4
2019,RIO DE JANEIRO,33067252,INSTITUTO SUPERIOR DE EDUCACAO DO RIO DE JANEIRO,2,706.0,2019,Rio de Janeiro,33067252,INSTITUTO SUPERIOR DE EDUCACAO DO RIO DE JANEIRO,Estadual,71.2,27.1,1.7
2019,RIO DE JANEIRO,33067783,CE FRANCISCO CAMPOS,2,215.0,2019,Rio de Janeiro,33067783,CE FRANCISCO CAMPOS,Estadual,37.4,50.9,11.7
2019,MARICÁ,33054339,CE FRANCISCO JOSE DO NASCIMENTO,2,228.0,2019,Maricá,33054339,CE FRANCISCO JOSE DO NASCIMENTO,Estadual,64.9,25.1,10.0
2019,MARICÁ,33054215,CE EUCLYDES PAULO DA SILVA,2,368.0,2019,Maricá,33054215,CE EUCLYDES PAULO DA SILVA,Estadual,72.9,19.3,7.8
2019,MARICÁ,33054185,CE CAIO FRANCISCO DE FIGUEIREDO,2,388.0,2019,Maricá,33054185,CE CAIO FRANCISCO DE FIGUEIREDO,Estadual,84.4,14.6,1.0
2019,MARICÁ,33054177,CE DOUTOR JOAO GOMES DE MATTOS SOBRINHO,2,611.0,2019,Maricá,33054177,CE DOUTOR JOAO GOMES DE MATTOS SOBRINHO,Estadual,66.3,25.2,8.5
2019,MARICÁ,33053995,CE PROFESSORA CACILDA SILVA,2,161.0,2019,Maricá,33053995,CE PROFESSORA CACILDA SILVA,Estadual,85.0,8.6,6.4
2019,MARICÁ,33053952,CE DOMICIO DA GAMA,2,382.0,2019,Maricá,33053952,CE DOMICIO DA GAMA,Estadual,83.6,15.6,0.8
2019,MARICÁ,33053910,CE ELISIARIO MATTA,2,1047.0,2019,Maricá,33053910,CE ELISIARIO MATTA,Estadual,82.4,10.7,6.9
2019,NITERÓI,33055785,CE ZULEIKA RAPOSO VALLADARES,2,172.0,2019,Niterói,33055785,CE ZULEIKA RAPOSO VALLADARES,Estadual,89.2,10.2,0.6
2020,RIO DE JANEIRO,33062277,CE CUBA,2,193.0,2020,Rio de Janeiro,33062277,CE CUBA,Estadual,92.7,7.3,0.0
2020,RIO DE JANEIRO,33062374,CE REVERENDO HUGH CLARENCE TUCKER,2,557.0,2020,Rio de Janeiro,33062374,CE REVERENDO HUGH CLARENCE TUCKER,Estadual,78.3,21.7,0.0
2020,RIO DE JANEIRO,33062668,CE JULIA KUBITSCHEK,2,811.0,2020,Rio de Janeiro,33062668,CE JULIA KUBITSCHEK,Estadual,83.8,16.2,0.0
2020,NITERÓI,33055670,CE FERNANDO MAGALHAES,2,163.0,2020,Niterói,33055670,CE FERNANDO MAGALHAES,Estadual,99.4,0.6,0.0
2020,NITERÓI,33055696,CE GUILHERME BRIGGS,2,180.0,2020,Niterói,33055696,CE GUILHERME BRIGGS,Estadual,98.9,1.1,0.0
2020,NITERÓI,33055700,CE HILARIO RIBEIRO,2,257.0,2020,Niterói,33055700,CE HILARIO RIBEIRO,Estadual,96.4,3.6,0.0
2020,NITERÓI,33055726,CE JOAQUIM TAVORA,2,473.0,2020,Niterói,33055726,CE JOAQUIM TAVORA,Estadual,97.6,2.4,0.0
2020,NITERÓI,33055734,CE MACHADO DE ASSIS,2,231.0,2020,Niterói,33055734,CE MACHADO DE ASSIS,Estadual,98.2,1.8,0.0
2020,NITERÓI,33055742,CE MULLULO DA VEIGA,2,128.0,2020,Niterói,33055742,CE MULLULO DA VEIGA,Estadual,93.7,1.6,4.7
2020,NITERÓI,33055750,CE PAULO ASSIS RIBEIRO,2,728.0,2020,Niterói,33055750,CE PAULO ASSIS RIBEIRO,Estadual,90.6,9.4,0.0
2020,NITERÓI,33055769,CE RAUL VIDAL,2,726.0,2020,Niterói,33055769,CE RAUL VIDAL,Estadual,97.4,2.6,0.0
2020,NITERÓI,33055785,CE ZULEIKA RAPOSO VALLADARES,2,158.0,2020,Niterói,33055785,CE ZULEIKA RAPOSO VALLADARES,Estadual,98.1,1.9,0.0
2020,NITERÓI,33056358,CE CONSELHEIRO JOSINO,2,78.0,2020,Niterói,33056358,CE CONSELHEIRO JOSINO,Estadual,94.7,5.3,0.0
2020,NITERÓI,33056439,CE EMBAIXADOR RAUL FERNANDES,2,53.0,2020,Niterói,33056439,CE EMBAIXADOR RAUL FERNANDES,Estadual,73.6,20.8,5.6
2020,NITERÓI,33056471,CE JOSE BONIFACIO,2,89.0,2020,Niterói,33056471,CE JOSE BONIFACIO,Estadual,100.0,0.0,0.0
2020,NITERÓI,33056480,CE LEOPOLDO FROES,2,186.0,2020,Niterói,33056480,CE LEOPOLDO FROES,Estadual,98.3,1.7,0.0
2020,RIO DE JANEIRO,33065284,CE IGNACIO AZEVEDO DO AMARAL,2,707.0,2020,Rio de Janeiro,33065284,CE IGNACIO AZEVEDO DO AMARAL,Estadual,60.3,39.7,0.0
2020,RIO DE JANEIRO,33066027,CE NILO PECANHA,2,147.0,2020,Rio de Janeiro,33066027,CE NILO PECANHA,Estadual,73.5,26.5,0.0
2020,RIO DE JANEIRO,33066035,CE OLAVO BILAC,2,1468.0,2020,Rio de Janeiro,33066035,CE OLAVO BILAC,Estadual,76.7,23.3,0.0
2020,NITERÓI,33057010,E T E HENRIQUE LAGE,2,653.0,2020,Niterói,33057010,E T E HENRIQUE LAGE,Estadual,98.7,0.4,0.9
2020,NITERÓI,33057117,IE PROFESSOR ISMAEL COUTINHO,2,293.0,2020,Niterói,33057117,IE PROFESSOR ISMAEL COUTINHO,Estadual,98.3,1.4,0.3
2020,NITERÓI,33057508,LICEU NILO PECANHA,2,2491.0,2020,Niterói,33057508,LICEU NILO PECANHA,Estadual,98.5,1.5,0.0
2020,NITERÓI,33057702,CE PROFESSORA ALCINA RODRIGUES DE LIMA,2,436.0,2020,Niterói,33057702,CE PROFESSORA ALCINA RODRIGUES DE LIMA,Estadual,95.9,4.1,0.0
2020,NITERÓI,33057737,CE ALMIRANTE TAMANDARE,2,362.0,2020,Niterói,33057737,CE ALMIRANTE TAMANDARE,Estadual,96.6,3.4,0.0
2020,NITERÓI,33057745,CE DOUTOR SOUZA SOARES,2,26.0,2020,Niterói,33057745,CE DOUTOR SOUZA SOARES,Estadual,100.0,0.0,0.0
2020,NITERÓI,33096805,CIEP 449 GOVERNADOR LEONEL DE MOURA BRIZOLA BRASIL FRANCA,2,269.0,2020,Niterói,33096805,CIEP 449 GOVERNADOR LEONEL DE MOURA BRIZOLA BRASIL FRANCA,Estadual,100.0,0.0,0.0
2020,NITERÓI,33102503,CE DAVID CAPISTRANO,2,678.0,2020,Niterói,33102503,CE DAVID CAPISTRANO,Estadual,97.6,2.4,0.0
2020,NITERÓI,33102520,CIEP 307 DJANIRA,2,172.0,2020,Niterói,33102520,CIEP 307 DJANIRA,Estadual,96.5,2.4,1.1
2020,NITERÓI,33108579,CIEP 448 RUY FRAZAO SOARES,2,175.0,2020,Niterói,33108579,CIEP 448 RUY FRAZAO SOARES,Estadual,97.7,1.8,0.5
2020,NITERÓI,33153795,COL DA POLICIA MILITAR DO EST DO RIO DE JANEIRO,2,125.0,2020,Niterói,33153795,COL DA POLICIA MILITAR DO EST DO RIO DE JANEIRO,Estadual,100.0,0.0,0.0
2020,NITERÓI,33172919,CE MATEMATICO JOAQUIM GOMES DE SOUSA INTERCULTURAL BRASILCHINA,2,230.0,2020,Niterói,33172919,CE MATEMATICO JOAQUIM GOMES DE SOUSA INTERCULTURAL BRASILCHINA,Estadual,100.0,0.0,0.0
2020,RIO DE JANEIRO,33062250,CE ALDEBARA,2,278.0,2020,Rio de Janeiro,33062250,CE ALDEBARA,Estadual,78.0,22.0,0.0
2020,RIO DE JANEIRO,33069026,CE RUY BARBOSA,2,294.0,2020,Rio de Janeiro,33069026,CE RUY BARBOSA,Estadual,92.8,7.2,0.0
2020,RIO DE JANEIRO,33069034,CE TENENTE GENERAL NAPION,2,500.0,2020,Rio de Janeiro,33069034,CE TENENTE GENERAL NAPION,Estadual,69.0,31.0,0.0
2020,RIO DE JANEIRO,33069921,CE GOMES FREIRE DE ANDRADE,2,1924.0,2020,Rio de Janeiro,33069921,CE GOMES FREIRE DE ANDRADE,Estadual,91.2,8.8,0.0
2020,RIO DE JANEIRO,33062676,CE SOUZA AGUIAR,2,937.0,2020,Rio de Janeiro,33062676,CE SOUZA AGUIAR,Estadual,63.6,36.3,0.1
2020,RIO DE JANEIRO,33062919,CE PAULO DE FRONTIN,2,1646.0,2020,Rio de Janeiro,33062919,CE PAULO DE FRONTIN,Estadual,84.2,15.8,0.0
2020,RIO DE JANEIRO,33062927,CE TOMAS ANTONIO GONZAGA,2,156.0,2020,Rio de Janeiro,33062927,CE TOMAS ANTONIO GONZAGA,Estadual,60.9,39.1,0.0
2020,RIO DE JANEIRO,33063052,CE MEM DE SA,2,86.0,2020,Rio de Janeiro,33063052,CE MEM DE SA,Estadual,65.9,31.8,2.3
2020,RIO DE JANEIRO,33063389,CE CHICO ANYSIO,2,320.0,2020,Rio de Janeiro,33063389,CE CHICO ANYSIO,Estadual,98.7,1.3,0.0
2020,RIO DE JANEIRO,33063397,CE AMARO CAVALCANTI,2,1779.0,2020,Rio de Janeiro,33063397,CE AMARO CAVALCANTI,Estadual,84.7,15.3,0.0
2020,RIO DE JANEIRO,33063877,CE DEODORO,2,107.0,2020,Rio de Janeiro,33063877,CE DEODORO,Estadual,84.9,15.1,0.0
2020,RIO DE JANEIRO,33063907,CE PROFESSOR JOAO BORGES DE MORAES,2,247.0,2020,Rio de Janeiro,33063907,CE PROFESSOR JOAO BORGES DE MORAES,Estadual,93.5,6.5,0.0
2020,RIO DE JANEIRO,33064644,CE INFANTE DOM HENRIQUE,2,978.0,2020,Rio de Janeiro,33064644,CE INFANTE DOM HENRIQUE,Estadual,91.8,8.2,0.0
2020,RIO DE JANEIRO,33064652,CE PEDRO ALVARES CABRAL,2,1053.0,2020,Rio de Janeiro,33064652,CE PEDRO ALVARES CABRAL,Estadual,79.0,21.0,0.0
2020,RIO DE JANEIRO,33064792,CE CASTELNUOVO,2,123.0,2020,Rio de Janeiro,33064792,CE CASTELNUOVO,Estadual,19.4,80.6,0.0
2020,RIO DE JANEIRO,33065217,CE PROFESSOR ANTONIO MARIA TEIXEIRA FILHO,2,518.0,2020,Rio de Janeiro,33065217,CE PROFESSOR ANTONIO MARIA TEIXEIRA FILHO,Estadual,73.8,26.2,0.0
2020,RIO DE JANEIRO,33065276,CE ANDRE MAUROIS,2,1895.0,2020,Rio de Janeiro,33065276,CE ANDRE MAUROIS,Estadual,43.5,56.5,0.0
2020,RIO DE JANEIRO,33071560,CE DELFIM MOREIRA,2,363.0,2020,Rio de Janeiro,33071560,CE DELFIM MOREIRA,Estadual,52.4,47.6,0.0
2020,RIO DE JANEIRO,33071578,CE FRANCISCO JOBIM,2,76.0,2020,Rio de Janeiro,33071578,CE FRANCISCO JOBIM,Estadual,80.8,17.8,1.4
2020,RIO DE JANEIRO,33071586,CE MARANHAO,2,295.0,2020,Rio de Janeiro,33071586,CE MARANHAO,Estadual,67.8,20.2,12.0
2020,RIO DE JANEIRO,33066043,CE PROFESSOR ERNESTO FARIA,2,628.0,2020,Rio de Janeiro,33066043,CE PROFESSOR ERNESTO FARIA,Estadual,84.0,14.4,1.6
2020,RIO DE JANEIRO,33066140,CE GONCALVES DIAS,2,306.0,2020,Rio de Janeiro,33066140,CE GONCALVES DIAS,Estadual,76.4,23.6,0.0
2020,RIO DE JANEIRO,33066523,INSTITUTO DE APLICACAO FERNANDO RODRIGUES DA SILVEIRA CAP-UERJ,2,314.0,2020,Rio de Janeiro,33066523,INSTITUTO DE APLICACAO FERNANDO RODRIGUES DA SILVEIRA CAP-UERJ,Estadual,100.0,0.0,0.0
2020,RIO DE JANEIRO,33066590,CE ANTONIO PRADO JUNIOR,2,1618.0,2020,Rio de Janeiro,33066590,CE ANTONIO PRADO JUNIOR,Estadual,89.2,10.8,0.0
2020,RIO DE JANEIRO,33066612,CE PROFESSOR CLOVIS SALGADO,2,341.0,2020,Rio de Janeiro,33066612,CE PROFESSOR CLOVIS SALGADO,Estadual,78.6,21.1,0.3
2020,RIO DE JANEIRO,33066620,CE SOARES PEREIRA,2,127.0,2020,Rio de Janeiro,33066620,CE SOARES PEREIRA,Estadual,74.2,25.8,0.0
2020,RIO DE JANEIRO,33067228,ESCOLA TECNICA ESTADUAL FERREIRA VIANA,2,712.0,2020,Rio de Janeiro,33067228,ESCOLA TECNICA ESTADUAL FERREIRA VIANA,Estadual,99.2,0.0,0.8
2020,RIO DE JANEIRO,33067252,INSTITUTO SUPERIOR DE EDUCACAO DO RIO DE JANEIRO,2,749.0,2020,Rio de Janeiro,33067252,INSTITUTO SUPERIOR DE EDUCACAO DO RIO DE JANEIRO,Estadual,100.0,0.0,0.0
2020,RIO DE JANEIRO,33067783,CE FRANCISCO CAMPOS,2,191.0,2020,Rio de Janeiro,33067783,CE FRANCISCO CAMPOS,Estadual,56.0,44.0,0.0
2020,RIO DE JANEIRO,33067791,CE JOAO ALFREDO,2,1375.0,2020,Rio de Janeiro,33067791,CE JOAO ALFREDO,Estadual,82.3,17.5,0.2
2020,RIO DE JANEIRO,33068011,CE AFONSO PENA,2,518.0,2020,Rio de Janeiro,33068011,CE AFONSO PENA,Estadual,69.3,30.5,0.2
2020,RIO DE JANEIRO,33068844,CE BAHIA,2,647.0,2020,Rio de Janeiro,33068844,CE BAHIA,Estadual,97.1,2.9,0.0
2020,RIO DE JANEIRO,33068852,CE PROFESSOR CLOVIS MONTEIRO,2,1385.0,2020,Rio de Janeiro,33068852,CE PROFESSOR CLOVIS MONTEIRO,Estadual,54.3,45.3,0.4
2020,RIO DE JANEIRO,33074054,CE NUNO ALVARES PEREIRA,2,183.0,2020,Rio de Janeiro,33074054,CE NUNO ALVARES PEREIRA,Estadual,59.0,39.3,1.7
2020,RIO DE JANEIRO,33074151,CE MATO GROSSO,2,903.0,2020,Rio de Janeiro,33074151,CE MATO GROSSO,Estadual,98.8,1.0,0.2
2020,RIO DE JANEIRO,33074160,CE ADLAI STEVENSON,2,133.0,2020,Rio de Janeiro,33074160,CE ADLAI STEVENSON,Estadual,68.5,31.5,0.0
2020,RIO DE JANEIRO,33069930,CE HEITOR LIRA,2,1079.0,2020,Rio de Janeiro,33069930,CE HEITOR LIRA,Estadual,91.6,8.1,0.3
2020,RIO DE JANEIRO,33069948,CE JOSE MARTI,2,444.0,2020,Rio de Janeiro,33069948,CE JOSE MARTI,Estadual,100.0,0.0,0.0
2020,RIO DE JANEIRO,33069956,CE REPUBLICA DE ANGOLA,2,239.0,2020,Rio de Janeiro,33069956,CE REPUBLICA DE ANGOLA,Estadual,95.0,4.6,0.4
2020,RIO DE JANEIRO,33069964,CE REPUBLICA DE GUINE BISSAU,2,266.0,2020,Rio de Janeiro,33069964,CE REPUBLICA DE GUINE BISSAU,Estadual,73.8,26.2,0.0
2020,RIO DE JANEIRO,33070148,CE BRANT HORTA,2,204.0,2020,Rio de Janeiro,33070148,CE BRANT HORTA,Estadual,78.3,21.7,0.0
2020,RIO DE JANEIRO,33070156,CE CHILE,2,382.0,2020,Rio de Janeiro,33070156,CE CHILE,Estadual,94.5,5.5,0.0
2020,RIO DE JANEIRO,33070164,CE CONDE DE AGROLONGO,2,142.0,2020,Rio de Janeiro,33070164,CE CONDE DE AGROLONGO,Estadual,90.8,9.2,0.0
2020,RIO DE JANEIRO,33070199,CE JOAO MARQUES DOS REIS,2,181.0,2020,Rio de Janeiro,33070199,CE JOAO MARQUES DOS REIS,Estadual,85.0,15.0,0.0
2020,RIO DE JANEIRO,33070326,CE TERESA CRISTINA,2,107.0,2020,Rio de Janeiro,33070326,CE TERESA CRISTINA,Estadual,100.0,0.0,0.0
2020,RIO DE JANEIRO,33070946,E T E JUSCELINO KUBITSCHEK,2,477.0,2020,Rio de Janeiro,33070946,E T E JUSCELINO KUBITSCHEK,Estadual,100.0,0.0,0.0
2020,RIO DE JANEIRO,33071535,CE AGRIPINO GRIECO,2,276.0,2020,Rio de Janeiro,33071535,CE AGRIPINO GRIECO,Estadual,91.2,2.2,6.6
2020,RIO DE JANEIRO,33071543,CE BOLIVAR,2,99.0,2020,Rio de Janeiro,33071543,CE BOLIVAR,Estadual,78.8,20.2,1.0
2020,RIO DE JANEIRO,33071551,CE CENTRAL DO BRASIL,2,1377.0,2020,Rio de Janeiro,33071551,CE CENTRAL DO BRASIL,Estadual,97.0,3.0,0.0
2020,RIO DE JANEIRO,33075760,CE FRANCISCO PALHETA,2,138.0,2020,Rio de Janeiro,33075760,CE FRANCISCO PALHETA,Estadual,94.2,5.8,0.0
2020,RIO DE JANEIRO,33075816,CE OLEGARIO MARIANO,2,273.0,2020,Rio de Janeiro,33075816,CE OLEGARIO MARIANO,Estadual,84.6,15.4,0.0
2020,RIO DE JANEIRO,33075832,CE PARANA,2,169.0,2020,Rio de Janeiro,33075832,CE PARANA,Estadual,99.4,0.0,0.6
2020,RIO DE JANEIRO,33071594,CE OLINTO DA GAMA BOTELHO,2,796.0,2020,Rio de Janeiro,33071594,CE OLINTO DA GAMA BOTELHO,Estadual,93.8,6.1,0.1
2020,RIO DE JANEIRO,33071969,CE VISCONDE DE CAIRU,2,1568.0,2020,Rio de Janeiro,33071969,CE VISCONDE DE CAIRU,Estadual,95.4,4.6,0.0
2020,RIO DE JANEIRO,33072078,CE BARAO DE MACAUBAS,2,253.0,2020,Rio de Janeiro,33072078,CE BARAO DE MACAUBAS,Estadual,98.4,1.6,0.0
2020,RIO DE JANEIRO,33072094,CE JOAO KOPKE,2,59.0,2020,Rio de Janeiro,33072094,CE JOAO KOPKE,Estadual,78.0,22.0,0.0
2020,RIO DE JANEIRO,33072183,CE JOSE EDUARDO DE MACEDO SOARES,2,226.0,2020,Rio de Janeiro,33072183,CE JOSE EDUARDO DE MACEDO SOARES,Estadual,86.5,11.7,1.8
2020,RIO DE JANEIRO,33072205,CE LAURO SODRE,2,112.0,2020,Rio de Janeiro,33072205,CE LAURO SODRE,Estadual,98.2,1.8,0.0
2020,RIO DE JANEIRO,33072248,CE HISPANO BRASILEIRO JOAO CABRAL DE MELO NETO,2,250.0,2020,Rio de Janeiro,33072248,CE HISPANO BRASILEIRO JOAO CABRAL DE MELO NETO,Estadual,100.0,0.0,0.0
2020,RIO DE JANEIRO,33072280,CE PERNAMBUCO,2,113.0,2020,Rio de Janeiro,33072280,CE PERNAMBUCO,Estadual,85.0,15.0,0.0
2020,RIO DE JANEIRO,33072337,CE SARMIENTO,2,71.0,2020,Rio de Janeiro,33072337,CE SARMIENTO,Estadual,92.9,7.1,0.0
2020,RIO DE JANEIRO,33072370,CE VIRGILIO DE MELO FRANCO,2,196.0,2020,Rio de Janeiro,33072370,CE VIRGILIO DE MELO FRANCO,Estadual,96.9,3.1,0.0
2020,RIO DE JANEIRO,33073368,CE PASTOR MIRANDA PINTO,2,137.0,2020,Rio de Janeiro,33073368,CE PASTOR MIRANDA PINTO,Estadual,91.2,8.8,0.0
2020,RIO DE JANEIRO,33074038,CE ITALIA,2,414.0,2020,Rio de Janeiro,33074038,CE ITALIA,Estadual,99.0,0.7,0.3
2020,RIO DE JANEIRO,33074046,CE JOSUE DE CASTRO,2,287.0,2020,Rio de Janeiro,33074046,CE JOSUE DE CASTRO,Estadual,88.4,11.6,0.0
2020,RIO DE JANEIRO,33077177,CE PRESIDENTE JOAO GOULART,2,419.0,2020,Rio de Janeiro,33077177,CE PRESIDENTE JOAO GOULART,Estadual,72.7,27.3,0.0
2020,RIO DE JANEIRO,33077185,CE SENADOR TEOTONIO VILELA,2,294.0,2020,Rio de Janeiro,33077185,CE SENADOR TEOTONIO VILELA,Estadual,65.2,34.8,0.0
2020,RIO DE JANEIRO,33077371,CE ALINA DE BRITO,2,502.0,2020,Rio de Janeiro,33077371,CE ALINA DE BRITO,Estadual,78.8,21.2,0.0
2020,RIO DE JANEIRO,33074232,CE OLIMPIA DO COUTO,2,351.0,2020,Rio de Janeiro,33074232,CE OLIMPIA DO COUTO,Estadual,99.7,0.0,0.3
2020,RIO DE JANEIRO,33074267,CE RODRIGO OTAVIO FILHO,2,827.0,2020,Rio de Janeiro,33074267,CE RODRIGO OTAVIO FILHO,Estadual,95.1,4.9,0.0
2020,RIO DE JANEIRO,33074798,CE AMAPA,2,92.0,2020,Rio de Janeiro,33074798,CE AMAPA,Estadual,98.9,1.1,0.0
2020,RIO DE JANEIRO,33075034,ESCOLA TECNICA ESTADUAL OSCAR TENORIO,2,584.0,2020,Rio de Janeiro,33075034,ESCOLA TECNICA ESTADUAL OSCAR TENORIO,Estadual,100.0,0.0,0.0
2020,RIO DE JANEIRO,33075166,IE CARMELA DUTRA,2,1191.0,2020,Rio de Janeiro,33075166,IE CARMELA DUTRA,Estadual,99.4,0.3,0.3
2020,RIO DE JANEIRO,33075174,CE CHARLES CHAPLIN,2,154.0,2020,Rio de Janeiro,33075174,CE CHARLES CHAPLIN,Estadual,57.1,39.6,3.3
2020,RIO DE JANEIRO,33075182,CE CIDADE DE LISBOA,2,176.0,2020,Rio de Janeiro,33075182,CE CIDADE DE LISBOA,Estadual,71.6,28.4,0.0
2020,RIO DE JANEIRO,33075190,CE LUIZ DE CAMOES,2,265.0,2020,Rio de Janeiro,33075190,CE LUIZ DE CAMOES,Estadual,100.0,0.0,0.0
2020,RIO DE JANEIRO,33075204,CE MARQUES REBELO,2,176.0,2020,Rio de Janeiro,33075204,CE MARQUES REBELO,Estadual,71.9,25.8,2.3
2020,RIO DE JANEIRO,33075212,CE PROFESSOR JOSE ACCIOLI,2,490.0,2020,Rio de Janeiro,33075212,CE PROFESSOR JOSE ACCIOLI,Estadual,99.8,0.2,0.0
2020,RIO DE JANEIRO,33075220,CE PROFESSOR SOUSA DA SILVEIRA,2,211.0,2020,Rio de Janeiro,33075220,CE PROFESSOR SOUSA DA SILVEIRA,Estadual,86.7,13.3,0.0
2020,RIO DE JANEIRO,33075689,CE CARDEAL ARCOVERDE,2,235.0,2020,Rio de Janeiro,33075689,CE CARDEAL ARCOVERDE,Estadual,100.0,0.0,0.0
2020,RIO DE JANEIRO,33075719,CE CONDE AFONSO CELSO,2,273.0,2020,Rio de Janeiro,33075719,CE CONDE AFONSO CELSO,Estadual,78.5,21.5,0.0
2020,RIO DE JANEIRO,33079706,CE DALVA DE OLIVEIRA,2,259.0,2020,Rio de Janeiro,33079706,CE DALVA DE OLIVEIRA,Estadual,69.6,30.0,0.4
2020,RIO DE JANEIRO,33079714,CE ENGENHEIRO JOAO THOME,2,305.0,2020,Rio de Janeiro,33079714,CE ENGENHEIRO JOAO THOME,Estadual,65.7,33.7,0.6
2020,RIO DE JANEIRO,33079803,CE MARIETA CUNHA DA SILVA,2,581.0,2020,Rio de Janeiro,33079803,CE MARIETA CUNHA DA SILVA,Estadual,85.4,14.6,0.0
2020,RIO DE JANEIRO,33075867,CE SANTOS DUMONT,2,194.0,2020,Rio de Janeiro,33075867,CE SANTOS DUMONT,Estadual,82.7,17.3,0.0
2020,RIO DE JANEIRO,33075883,CE VIRIATO CORREA,2,140.0,2020,Rio de Janeiro,33075883,CE VIRIATO CORREA,Estadual,39.6,60.4,0.0
2020,RIO DE JANEIRO,33075891,CE WALDEMIRO POTSCH,2,155.0,2020,Rio de Janeiro,33075891,CE WALDEMIRO POTSCH,Estadual,92.9,7.1,0.0
2020,RIO DE JANEIRO,33076480,E T E REPUBLICA,2,1275.0,2020,Rio de Janeiro,33076480,E T E REPUBLICA,Estadual,100.0,0.0,0.0
2020,RIO DE JANEIRO,33076502,ESCOLA TECNICA ESTADUAL VISCONDE DE MAUA,2,448.0,2020,Rio de Janeiro,33076502,ESCOLA TECNICA ESTADUAL VISCONDE DE MAUA,Estadual,100.0,0.0,0.0
2020,RIO DE JANEIRO,33077088,CE ADALGISA MONTEIRO,2,468.0,2020,Rio de Janeiro,33077088,CE ADALGISA MONTEIRO,Estadual,89.7,10.1,0.2
2020,RIO DE JANEIRO,33077100,CE BRIGADEIRO SCHORCHT,2,1564.0,2020,Rio de Janeiro,33077100,CE BRIGADEIRO SCHORCHT,Estadual,88.4,11.6,0.0
2020,RIO DE JANEIRO,33077118,CE CARLOS LACERDA,2,374.0,2020,Rio de Janeiro,33077118,CE CARLOS LACERDA,Estadual,66.7,33.3,0.0
2020,RIO DE JANEIRO,33077126,CE EDUARDO MONDLANE,2,552.0,2020,Rio de Janeiro,33077126,CE EDUARDO MONDLANE,Estadual,80.8,19.2,0.0
2020,RIO DE JANEIRO,33077134,CE ENGENHEIRO BERNARDO SAYAO,2,306.0,2020,Rio de Janeiro,33077134,CE ENGENHEIRO BERNARDO SAYAO,Estadual,59.0,41.0,0.0
2020,RIO DE JANEIRO,33077142,CE MAHATMA GANDHI,2,214.0,2020,Rio de Janeiro,33077142,CE MAHATMA GANDHI,Estadual,88.3,11.7,0.0
2020,RIO DE JANEIRO,33077150,CE CARDEAL DOM EUGENIO DE ARAUJO SALES,2,454.0,2020,Rio de Janeiro,33077150,CE CARDEAL DOM EUGENIO DE ARAUJO SALES,Estadual,69.2,30.8,0.0
2020,RIO DE JANEIRO,33077169,CE EUNICE WEAVER,2,366.0,2020,Rio de Janeiro,33077169,CE EUNICE WEAVER,Estadual,71.3,28.7,0.0
2020,RIO DE JANEIRO,33082332,CE PRESIDENTE ANTONIO CARLOS,2,375.0,2020,Rio de Janeiro,33082332,CE PRESIDENTE ANTONIO CARLOS,Estadual,99.5,0.0,0.5
2020,RIO DE JANEIRO,33082359,CE PROFESSORA JUREMA PECANHA GIRAUD,2,318.0,2020,Rio de Janeiro,33082359,CE PROFESSORA JUREMA PECANHA GIRAUD,Estadual,96.8,2.9,0.3
2020,RIO DE JANEIRO,33082375,CE RAINHA VITORIA,2,201.0,2020,Rio de Janeiro,33082375,CE RAINHA VITORIA,Estadual,75.0,22.4,2.6
2020,RIO DE JANEIRO,33077452,CE EMBAIXADOR DIAS CARNEIRO,2,305.0,2020,Rio de Janeiro,33077452,CE EMBAIXADOR DIAS CARNEIRO,Estadual,83.6,16.4,0.0
2020,RIO DE JANEIRO,33077525,CE MARECHAL CANROBERT PEREIRA DA COSTA,2,89.0,2020,Rio de Janeiro,33077525,CE MARECHAL CANROBERT PEREIRA DA COSTA,Estadual,75.3,24.7,0.0
2020,RIO DE JANEIRO,33077568,CE ROSA DO POVO,2,443.0,2020,Rio de Janeiro,33077568,CE ROSA DO POVO,Estadual,72.9,27.1,0.0
2020,RIO DE JANEIRO,33077576,CE VICTOR HUGO,2,247.0,2020,Rio de Janeiro,33077576,CE VICTOR HUGO,Estadual,80.8,18.8,0.4
2020,RIO DE JANEIRO,33079323,CE STUART EDGAR ANGEL JONES,2,1451.0,2020,Rio de Janeiro,33079323,CE STUART EDGAR ANGEL JONES,Estadual,99.9,0.0,0.1
2020,RIO DE JANEIRO,33079331,CE AGOSTINHO NETO,2,303.0,2020,Rio de Janeiro,33079331,CE AGOSTINHO NETO,Estadual,87.2,7.4,5.4
2020,RIO DE JANEIRO,33079340,CE BANGU,2,2040.0,2020,Rio de Janeiro,33079340,CE BANGU,Estadual,96.7,3.3,0.0
2020,RIO DE JANEIRO,33079358,CE COLLECCHIO,2,1766.0,2020,Rio de Janeiro,33079358,CE COLLECCHIO,Estadual,61.5,38.1,0.4
2020,RIO DE JANEIRO,33079366,CE JORGE ZARUR,2,466.0,2020,Rio de Janeiro,33079366,CE JORGE ZARUR,Estadual,98.9,1.1,0.0
2020,RIO DE JANEIRO,33079374,CE LEOPOLDINA DA SILVEIRA,2,1666.0,2020,Rio de Janeiro,33079374,CE LEOPOLDINA DA SILVEIRA,Estadual,97.2,2.7,0.1
2020,RIO DE JANEIRO,33079382,CE NICARAGUA,2,369.0,2020,Rio de Janeiro,33079382,CE NICARAGUA,Estadual,100.0,0.0,0.0
2020,RIO DE JANEIRO,33079390,CE PROFESSOR DALTRO SANTOS,2,550.0,2020,Rio de Janeiro,33079390,CE PROFESSOR DALTRO SANTOS,Estadual,83.4,16.6,0.0
2020,RIO DE JANEIRO,33079404,CE REPUBLICA DE MOCAMBIQUE,2,175.0,2020,Rio de Janeiro,33079404,CE REPUBLICA DE MOCAMBIQUE,Estadual,91.4,7.5,1.1
2020,RIO DE JANEIRO,33086583,CE MARECHAL JOAO BAPTISTA DE MATTOS,2,1726.0,2020,Rio de Janeiro,33086583,CE MARECHAL JOAO BAPTISTA DE MATTOS,Estadual,92.6,7.4,0.0
2020,RIO DE JANEIRO,33086591,CE PROFESSOR JOEL DE OLIVEIRA,2,713.0,2020,Rio de Janeiro,33086591,CE PROFESSOR JOEL DE OLIVEIRA,Estadual,67.4,32.6,0.0
2020,RIO DE JANEIRO,33086605,CE PROFESSOR MANUEL MAURICIO DE ALBUQUERQUE,2,586.0,2020,Rio de Janeiro,33086605,CE PROFESSOR MANUEL MAURICIO DE ALBUQUERQUE,Estadual,92.0,8.0,0.0
2020,RIO DE JANEIRO,33079811,CE MILTON CAMPOS,2,144.0,2020,Rio de Janeiro,33079811,CE MILTON CAMPOS,Estadual,92.3,7.7,0.0
2020,RIO DE JANEIRO,33079820,CE MOACYR PADILHA,2,306.0,2020,Rio de Janeiro,33079820,CE MOACYR PADILHA,Estadual,94.4,5.6,0.0
2020,RIO DE JANEIRO,33079900,CE RAMIZ GALVAO,2,224.0,2020,Rio de Janeiro,33079900,CE RAMIZ GALVAO,Estadual,95.1,4.9,0.0
2020,RIO DE JANEIRO,33079943,CE JOAO SALIM MIGUEL,2,617.0,2020,Rio de Janeiro,33079943,CE JOAO SALIM MIGUEL,Estadual,99.3,0.7,0.0
2020,RIO DE JANEIRO,33081743,CIE MIECIMO DA SILVA,2,476.0,2020,Rio de Janeiro,33081743,CIE MIECIMO DA SILVA,Estadual,99.8,0.0,0.2
2020,RIO DE JANEIRO,33082022,CE FRANCISCO CALDEIRA DE ALVARENGA,2,1124.0,2020,Rio de Janeiro,33082022,CE FRANCISCO CALDEIRA DE ALVARENGA,Estadual,96.8,1.9,1.3
2020,RIO DE JANEIRO,33082030,CE FREIRE ALLEMAO,2,82.0,2020,Rio de Janeiro,33082030,CE FREIRE ALLEMAO,Estadual,90.2,8.5,1.3
2020,RIO DE JANEIRO,33082049,CE PROFESSOR FERNANDO ANTONIO RAJA GABAGLIA,2,1766.0,2020,Rio de Janeiro,33082049,CE PROFESSOR FERNANDO ANTONIO RAJA GABAGLIA,Estadual,92.5,7.2,0.3
2020,RIO DE JANEIRO,33082146,CE DOUTOR ALBERT SABIN,2,1992.0,2020,Rio de Janeiro,33082146,CE DOUTOR ALBERT SABIN,Estadual,89.9,10.1,0.0
2020,RIO DE JANEIRO,33082227,CE ALMIRANTE FRONTIN,2,109.0,2020,Rio de Janeiro,33082227,CE ALMIRANTE FRONTIN,Estadual,92.6,7.4,0.0
2020,RIO DE JANEIRO,33082235,CE AMAZONAS,2,710.0,2020,Rio de Janeiro,33082235,CE AMAZONAS,Estadual,96.0,3.9,0.1
2020,RIO DE JANEIRO,33082286,CE GEORGE WASHINGTON,2,160.0,2020,Rio de Janeiro,33082286,CE GEORGE WASHINGTON,Estadual,97.5,2.5,0.0
2020,RIO DE JANEIRO,33082316,CE JOAO PROENCA,2,405.0,2020,Rio de Janeiro,33082316,CE JOAO PROENCA,Estadual,80.0,20.0,0.0
2020,RIO DE JANEIRO,33097038,CIEP 326 PROFESSOR CESAR PERNETTA,2,852.0,2020,Rio de Janeiro,33097038,CIEP 326 PROFESSOR CESAR PERNETTA,Estadual,77.0,23.0,0.0
2020,RIO DE JANEIRO,33097283,CIEP 321 DOUTOR ULISSES GUIMARAES,2,2802.0,2020,Rio de Janeiro,33097283,CIEP 321 DOUTOR ULISSES GUIMARAES,Estadual,85.2,14.8,0.0
2020,RIO DE JANEIRO,33100659,CAIC NACOES UNIDAS,2,888.0,2020,Rio de Janeiro,33100659,CAIC NACOES UNIDAS,Estadual,89.9,1.7,8.4
2020,RIO DE JANEIRO,33082430,CE PROFESSOR VIEIRA FAZENDA,2,208.0,2020,Rio de Janeiro,33082430,CE PROFESSOR VIEIRA FAZENDA,Estadual,79.7,20.3,0.0
2020,RIO DE JANEIRO,33083592,IE SARAH KUBITSCHEK,2,2805.0,2020,Rio de Janeiro,33083592,IE SARAH KUBITSCHEK,Estadual,96.3,3.3,0.4
2020,RIO DE JANEIRO,33084238,CE BARAO DO RIO BRANCO,2,2142.0,2020,Rio de Janeiro,33084238,CE BARAO DO RIO BRANCO,Estadual,99.2,0.8,0.0
2020,RIO DE JANEIRO,33084459,CE PESTALOZZI,2,534.0,2020,Rio de Janeiro,33084459,CE PESTALOZZI,Estadual,59.1,40.5,0.4
2020,RIO DE JANEIRO,33085463,CE ANITA GARIBALDI,2,318.0,2020,Rio de Janeiro,33085463,CE ANITA GARIBALDI,Estadual,84.0,11.3,4.7
2020,RIO DE JANEIRO,33085480,CE LEONEL AZEVEDO,2,179.0,2020,Rio de Janeiro,33085480,CE LEONEL AZEVEDO,Estadual,99.4,0.0,0.6
2020,RIO DE JANEIRO,33085498,CE PREFEITO MENDES DE MORAES,2,2190.0,2020,Rio de Janeiro,33085498,CE PREFEITO MENDES DE MORAES,Estadual,91.8,8.0,0.2
2020,RIO DE JANEIRO,33085765,CE DUNSHEE DE ABRANCHES,2,282.0,2020,Rio de Janeiro,33085765,CE DUNSHEE DE ABRANCHES,Estadual,91.1,8.9,0.0
2020,RIO DE JANEIRO,33085838,CE ROTARY,2,83.0,2020,Rio de Janeiro,33085838,CE ROTARY,Estadual,100.0,0.0,0.0
2020,RIO DE JANEIRO,33086427,CE AUGUSTO RUSCHI,2,59.0,2020,Rio de Janeiro,33086427,CE AUGUSTO RUSCHI,Estadual,86.4,5.1,8.5
2020,RIO DE JANEIRO,33086540,CE ACARI,2,110.0,2020,Rio de Janeiro,33086540,CE ACARI,Estadual,68.2,30.9,0.9
2020,RIO DE JANEIRO,33086567,CE GRACILIANO RAMOS,2,85.0,2020,Rio de Janeiro,33086567,CE GRACILIANO RAMOS,Estadual,100.0,0.0,0.0
2020,RIO DE JANEIRO,33086575,CE GUADALUPE,2,111.0,2020,Rio de Janeiro,33086575,CE GUADALUPE,Estadual,70.3,29.7,0.0
2020,RIO DE JANEIRO,33106657,CIEP 183 JOAO VITTA,2,1321.0,2020,Rio de Janeiro,33106657,CIEP 183 JOAO VITTA,Estadual,87.5,11.3,1.2
2020,RIO DE JANEIRO,33106665,CIEP 432 ALBERTO CAVALCANTI,2,573.0,2020,Rio de Janeiro,33106665,CIEP 432 ALBERTO CAVALCANTI,Estadual,91.3,8.7,0.0
2020,RIO DE JANEIRO,33106673,CIEP 392 MARIO DE ANDRADE,2,1392.0,2020,Rio de Janeiro,33106673,CIEP 392 MARIO DE ANDRADE,Estadual,65.9,33.4,0.7
2020,RIO DE JANEIRO,33086613,CE REPUBLICA DE CABO VERDE,2,167.0,2020,Rio de Janeiro,33086613,CE REPUBLICA DE CABO VERDE,Estadual,79.5,19.9,0.6
2020,RIO DE JANEIRO,33086729,CE BELGICA,2,330.0,2020,Rio de Janeiro,33086729,CE BELGICA,Estadual,62.8,0.0,37.2
2020,RIO DE JANEIRO,33086737,CE COELHO NETO,2,215.0,2020,Rio de Janeiro,33086737,CE COELHO NETO,Estadual,92.0,7.5,0.5
2020,RIO DE JANEIRO,33086796,CE PARAIBA,2,145.0,2020,Rio de Janeiro,33086796,CE PARAIBA,Estadual,63.4,34.5,2.1
2020,RIO DE JANEIRO,33087644,CE VICENTE JANNUZZI,2,2588.0,2020,Rio de Janeiro,33087644,CE VICENTE JANNUZZI,Estadual,99.8,0.2,0.0
2020,RIO DE JANEIRO,33087725,CE GILSON AMADO,2,559.0,2020,Rio de Janeiro,33087725,CE GILSON AMADO,Estadual,63.1,35.9,1.0
2020,RIO DE JANEIRO,33087733,CE GOLDA MEIR,2,219.0,2020,Rio de Janeiro,33087733,CE GOLDA MEIR,Estadual,66.4,33.6,0.0
2020,RIO DE JANEIRO,33087750,CE ALMIRANTE TAMANDARE,2,241.0,2020,Rio de Janeiro,33087750,CE ALMIRANTE TAMANDARE,Estadual,59.3,40.7,0.0
2020,RIO DE JANEIRO,33088152,CE JORNALISTA RODOLFO FERNANDES,2,1001.0,2020,Rio de Janeiro,33088152,CE JORNALISTA RODOLFO FERNANDES,Estadual,99.6,0.0,0.4
2020,RIO DE JANEIRO,33088179,CE MAX FLEIUSS,2,170.0,2020,Rio de Janeiro,33088179,CE MAX FLEIUSS,Estadual,100.0,0.0,0.0
2020,RIO DE JANEIRO,33088420,CE DEBORAH MENDES DE MORAES,2,359.0,2020,Rio de Janeiro,33088420,CE DEBORAH MENDES DE MORAES,Estadual,85.3,14.2,0.5
2020,RIO DE JANEIRO,33095078,CE BERNARDO DE VASCONCELOS,2,286.0,2020,Rio de Janeiro,33095078,CE BERNARDO DE VASCONCELOS,Estadual,88.5,11.2,0.3
2020,RIO DE JANEIRO,33096759,CIEP 173 RAINHA NZINGA ANGOLA,2,786.0,2020,Rio de Janeiro,33096759,CIEP 173 RAINHA NZINGA ANGOLA,Estadual,91.6,8.4,0.0
2020,RIO DE JANEIRO,33117950,CE PROFESSOR AUGUSTO MOTTA,2,193.0,2020,Rio de Janeiro,33117950,CE PROFESSOR AUGUSTO MOTTA,Estadual,63.7,36.3,0.0
2020,RIO DE JANEIRO,33117969,ESCOLA TECNICA ESTADUAL ADOLPHO BLOCH,2,565.0,2020,Rio de Janeiro,33117969,ESCOLA TECNICA ESTADUAL ADOLPHO BLOCH,Estadual,100.0,0.0,0.0
2020,RIO DE JANEIRO,33117977,ESCOLA TECNICA ESTADUAL SANTA CRUZ,2,667.0,2020,Rio de Janeiro,33117977,ESCOLA TECNICA ESTADUAL SANTA CRUZ,Estadual,100.0,0.0,0.0
2020,RIO DE JANEIRO,33102210,CIEP 241 NACAO MANGUEIRENSE GOVERNADOR LEONEL DE MOURA BRIZOLA,2,1275.0,2020,Rio de Janeiro,33102210,CIEP 241 NACAO MANGUEIRENSE GOVERNADOR LEONEL DE MOURA BRIZOLA,Estadual,100.0,0.0,0.0
2020,RIO DE JANEIRO,33104638,CIEP 195 ANIBAL MACHADO,2,68.0,2020,Rio de Janeiro,33104638,CIEP 195 ANIBAL MACHADO,Estadual,97.1,2.9,0.0
2020,RIO DE JANEIRO,33105065,CAIC EUCLYDES DA CUNHA,2,2518.0,2020,Rio de Janeiro,33105065,CAIC EUCLYDES DA CUNHA,Estadual,86.1,13.9,0.0
2020,RIO DE JANEIRO,33105103,CIEP 303 AYRTON SENNA DA SILVA,2,1221.0,2020,Rio de Janeiro,33105103,CIEP 303 AYRTON SENNA DA SILVA,Estadual,53.4,46.6,0.0
2020,RIO DE JANEIRO,33105219,CIEP 379 RAUL SEIXAS,2,364.0,2020,Rio de Janeiro,33105219,CIEP 379 RAUL SEIXAS,Estadual,95.6,4.4,0.0
2020,RIO DE JANEIRO,33105294,CIEP 311 DEPUTADO BOCAYUVA CUNHA,2,1959.0,2020,Rio de Janeiro,33105294,CIEP 311 DEPUTADO BOCAYUVA CUNHA,Estadual,98.3,1.7,0.0
2020,RIO DE JANEIRO,33106550,CIEP 223 OLYMPIO MARQUES DOS SANTOS,2,1178.0,2020,Rio de Janeiro,33106550,CIEP 223 OLYMPIO MARQUES DOS SANTOS,Estadual,86.9,13.1,0.0
2020,RIO DE JANEIRO,33106584,CIEP 336 OCTAVIO MALTA,2,1671.0,2020,Rio de Janeiro,33106584,CIEP 336 OCTAVIO MALTA,Estadual,95.4,3.7,0.9
2020,RIO DE JANEIRO,33106592,CIEP 435 HELIO PELLEGRINO,2,1243.0,2020,Rio de Janeiro,33106592,CIEP 435 HELIO PELLEGRINO,Estadual,84.0,15.9,0.1
2020,RIO DE JANEIRO,33106606,CIEP 224 TARSO DE CASTRO,2,1049.0,2020,Rio de Janeiro,33106606,CIEP 224 TARSO DE CASTRO,Estadual,60.2,26.1,13.7
2020,RIO DE JANEIRO,33106614,CIEP 386 GUILHERME DA SILVEIRA FILHO,2,2138.0,2020,Rio de Janeiro,33106614,CIEP 386 GUILHERME DA SILVEIRA FILHO,Estadual,97.7,2.2,0.1
2020,RIO DE JANEIRO,33106630,CIEP 382 ASPIRANTE FRANCISCO MEGA,2,2020.0,2020,Rio de Janeiro,33106630,CIEP 382 ASPIRANTE FRANCISCO MEGA,Estadual,100.0,0.0,0.0
2020,RIO DE JANEIRO,33106649,CIEP 312 RAUL RYFF,2,866.0,2020,Rio de Janeiro,33106649,CIEP 312 RAUL RYFF,Estadual,94.4,5.3,0.3
2020,RIO DE JANEIRO,33126224,CE HERBERT DE SOUZA,2,832.0,2020,Rio de Janeiro,33126224,CE HERBERT DE SOUZA,Estadual,87.1,12.3,0.6
2020,RIO DE JANEIRO,33126232,CE COMPOSITOR LUIZ GONZAGA,2,266.0,2020,Rio de Janeiro,33126232,CE COMPOSITOR LUIZ GONZAGA,Estadual,90.9,9.1,0.0
2020,RIO DE JANEIRO,33126259,CE ROSA LUXEMBURGO,2,259.0,2020,Rio de Janeiro,33126259,CE ROSA LUXEMBURGO,Estadual,69.4,30.6,0.0
2020,RIO DE JANEIRO,33106681,CIEP 305 HEITOR DOS PRAZERES,2,2485.0,2020,Rio de Janeiro,33106681,CIEP 305 HEITOR DOS PRAZERES,Estadual,80.8,19.1,0.1
2020,RIO DE JANEIRO,33106690,CIEP 225 MARIO QUINTANA,2,1882.0,2020,Rio de Janeiro,33106690,CIEP 225 MARIO QUINTANA,Estadual,98.5,1.4,0.1
2020,RIO DE JANEIRO,33106703,CIEP 244 OSWALDO ARANHA,2,782.0,2020,Rio de Janeiro,33106703,CIEP 244 OSWALDO ARANHA,Estadual,99.5,0.5,0.0
2020,RIO DE JANEIRO,33106711,CIEP 362 ROBERTO BURLE MARX,2,1142.0,2020,Rio de Janeiro,33106711,CIEP 362 ROBERTO BURLE MARX,Estadual,69.6,30.3,0.1
2020,RIO DE JANEIRO,33106720,CIEP 313 RUBEM BRAGA,2,945.0,2020,Rio de Janeiro,33106720,CIEP 313 RUBEM BRAGA,Estadual,97.9,2.1,0.0
2020,RIO DE JANEIRO,33106738,CIEP 433 TOGO RENAN SOARES KANELA,2,1763.0,2020,Rio de Janeiro,33106738,CIEP 433 TOGO RENAN SOARES KANELA,Estadual,79.7,16.2,4.1
2020,RIO DE JANEIRO,33106746,CIEP 165 BRIGADEIRO SERGIO CARVALHO,2,1226.0,2020,Rio de Janeiro,33106746,CIEP 165 BRIGADEIRO SERGIO CARVALHO,Estadual,100.0,0.0,0.0
2020,RIO DE JANEIRO,33110476,CIEP 418 ANTONIO CARLOS BERNARDES MUSSUM,2,150.0,2020,Rio de Janeiro,33110476,CIEP 418 ANTONIO CARLOS BERNARDES MUSSUM,Estadual,58.8,40.5,0.7
2020,RIO DE JANEIRO,33110638,CIEP 205 FREI AGOSTINHO FINCIAS,2,547.0,2020,Rio de Janeiro,33110638,CIEP 205 FREI AGOSTINHO FINCIAS,Estadual,72.1,26.8,1.1
2020,RIO DE JANEIRO,33110646,CIEP 323 MARIA WERNECK DE CASTRO,2,944.0,2020,Rio de Janeiro,33110646,CIEP 323 MARIA WERNECK DE CASTRO,Estadual,99.6,0.4,0.0
2020,RIO DE JANEIRO,33110654,CIEP 092 FEDERICO FELLINI,2,826.0,2020,Rio de Janeiro,33110654,CIEP 092 FEDERICO FELLINI,Estadual,73.6,26.4,0.0
2020,RIO DE JANEIRO,33111626,CE LUIZA MAHIN,2,5.0,2020,Rio de Janeiro,33111626,CE LUIZA MAHIN,Estadual,100.0,0.0,0.0
2020,RIO DE JANEIRO,33111707,CE CANDEIA,2,9.0,2020,Rio de Janeiro,33111707,CE CANDEIA,Estadual,100.0,0.0,0.0
2020,RIO DE JANEIRO,33136424,CE PROFESSORA VILMA ATANAZIO,2,1142.0,2020,Rio de Janeiro,33136424,CE PROFESSORA VILMA ATANAZIO,Estadual,97.6,2.2,0.2
2020,RIO DE JANEIRO,33136432,CE PROFESSORA VANIA DO AMARAL MATIAS EDDE,2,1171.0,2020,Rio de Janeiro,33136432,CE PROFESSORA VANIA DO AMARAL MATIAS EDDE,Estadual,95.2,4.8,0.0
2020,RIO DE JANEIRO,33136459,CE PROFESSORA ALBA CANIZARES DO NASCIMENTO,2,358.0,2020,Rio de Janeiro,33136459,CE PROFESSORA ALBA CANIZARES DO NASCIMENTO,Estadual,88.8,11.0,0.2
2020,RIO DE JANEIRO,33120692,CAIC THEOPHILO DE SOUZA PINTO,2,792.0,2020,Rio de Janeiro,33120692,CAIC THEOPHILO DE SOUZA PINTO,Estadual,89.0,11.0,0.0
2020,RIO DE JANEIRO,33124620,CE PADRE CARLOS LEONCIO DA SILVA,2,34.0,2020,Rio de Janeiro,33124620,CE PADRE CARLOS LEONCIO DA SILVA,Estadual,89.5,10.5,0.0
2020,RIO DE JANEIRO,33124922,CE OLAVO JOSINO DE SALLES,2,411.0,2020,Rio de Janeiro,33124922,CE OLAVO JOSINO DE SALLES,Estadual,99.8,0.2,0.0
2020,RIO DE JANEIRO,33125304,CE MISSIONARIO MARIO WAY,2,1647.0,2020,Rio de Janeiro,33125304,CE MISSIONARIO MARIO WAY,Estadual,94.8,5.2,0.0
2020,RIO DE JANEIRO,33125317,CE PROFESSORA LUIZA MARINHO,2,1494.0,2020,Rio de Janeiro,33125317,CE PROFESSORA LUIZA MARINHO,Estadual,94.4,5.6,0.0
2020,RIO DE JANEIRO,33125333,CE IRINEU JOSE FERREIRA,2,1205.0,2020,Rio de Janeiro,33125333,CE IRINEU JOSE FERREIRA,Estadual,86.3,13.7,0.0
2020,RIO DE JANEIRO,33125341,CE CORA CORALINA,2,327.0,2020,Rio de Janeiro,33125341,CE CORA CORALINA,Estadual,56.3,43.7,0.0
2020,RIO DE JANEIRO,33125627,CE MINISTRO MARCOS FREIRE,2,497.0,2020,Rio de Janeiro,33125627,CE MINISTRO MARCOS FREIRE,Estadual,100.0,0.0,0.0
2020,RIO DE JANEIRO,33125740,CE PAULO FREIRE,2,718.0,2020,Rio de Janeiro,33125740,CE PAULO FREIRE,Estadual,98.9,0.8,0.3
2020,RIO DE JANEIRO,33125805,CE TEOFILO MOREIRA DA COSTA,2,347.0,2020,Rio de Janeiro,33125805,CE TEOFILO MOREIRA DA COSTA,Estadual,94.2,5.8,0.0
2020,RIO DE JANEIRO,33126105,CE FINLANDIA,2,409.0,2020,Rio de Janeiro,33126105,CE FINLANDIA,Estadual,79.6,20.4,0.0
2020,RIO DE JANEIRO,33126160,CE OLGA BENARIO PRESTES,2,2370.0,2020,Rio de Janeiro,33126160,CE OLGA BENARIO PRESTES,Estadual,88.3,7.6,4.1
2020,RIO DE JANEIRO,33126216,CE PROFESSORA DIUMA MADEIRA SALLES DE SOUZA,2,600.0,2020,Rio de Janeiro,33126216,CE PROFESSORA DIUMA MADEIRA SALLES DE SOUZA,Estadual,99.2,0.0,0.8
2020,RIO DE JANEIRO,33149119,CE CARLOS ARNOLDO ABRUZZINI DA FONSECA,2,1534.0,2020,Rio de Janeiro,33149119,CE CARLOS ARNOLDO ABRUZZINI DA FONSECA,Estadual,96.2,2.3,1.5
2020,RIO DE JANEIRO,33157065,CE ERICH WALTER HEINE,2,558.0,2020,Rio de Janeiro,33157065,CE ERICH WALTER HEINE,Estadual,98.4,1.6,0.0
2020,RIO DE JANEIRO,33170150,CE HEBE CAMARGO,2,423.0,2020,Rio de Janeiro,33170150,CE HEBE CAMARGO,Estadual,99.5,0.5,0.0
2020,RIO DE JANEIRO,33126267,CE PROFESSOR HORACIO MACEDO,2,241.0,2020,Rio de Janeiro,33126267,CE PROFESSOR HORACIO MACEDO,Estadual,94.7,5.3,0.0
2020,RIO DE JANEIRO,33126747,CE MADRE TERESA DE CALCUTA,2,1355.0,2020,Rio de Janeiro,33126747,CE MADRE TERESA DE CALCUTA,Estadual,99.5,0.5,0.0
2020,RIO DE JANEIRO,33126755,CE MONTEIRO DE CARVALHO,2,495.0,2020,Rio de Janeiro,33126755,CE MONTEIRO DE CARVALHO,Estadual,91.8,8.0,0.2
2020,RIO DE JANEIRO,33126852,CE PROFESSORA MARIA NAZARETH CAVALCANTI SILVA,2,1432.0,2020,Rio de Janeiro,33126852,CE PROFESSORA MARIA NAZARETH CAVALCANTI SILVA,Estadual,70.9,29.1,0.0
2020,RIO DE JANEIRO,33126941,CE CHIQUINHA GONZAGA,2,328.0,2020,Rio de Janeiro,33126941,CE CHIQUINHA GONZAGA,Estadual,84.6,15.1,0.3
2020,RIO DE JANEIRO,33127395,CE MINISTRO OROZIMBO NONATO,2,105.0,2020,Rio de Janeiro,33127395,CE MINISTRO OROZIMBO NONATO,Estadual,100.0,0.0,0.0
2020,RIO DE JANEIRO,33127514,CE MARECHAL RONDON,2,321.0,2020,Rio de Janeiro,33127514,CE MARECHAL RONDON,Estadual,97.2,0.9,1.9
2020,RIO DE JANEIRO,33128235,CIEP 339 MARIO TAMBORINDEGUY,2,1482.0,2020,Rio de Janeiro,33128235,CIEP 339 MARIO TAMBORINDEGUY,Estadual,88.5,11.5,0.0
2020,RIO DE JANEIRO,33128618,CE CARLOS MAGNO NAZARETH CERQUEIRA,2,577.0,2020,Rio de Janeiro,33128618,CE CARLOS MAGNO NAZARETH CERQUEIRA,Estadual,93.1,6.8,0.1
2020,RIO DE JANEIRO,33132879,CE DOM HELDER CAMARA,2,1239.0,2020,Rio de Janeiro,33132879,CE DOM HELDER CAMARA,Estadual,86.8,13.2,0.0
2020,RIO DE JANEIRO,33132887,CE COMPOSITOR MANACEIA JOSE DE ANDRADE,2,948.0,2020,Rio de Janeiro,33132887,CE COMPOSITOR MANACEIA JOSE DE ANDRADE,Estadual,90.0,9.9,0.1
2020,RIO DE JANEIRO,33134049,CE PROFESSORA MARIA TEREZINHA DE CARVALHO MACHADO,2,2486.0,2020,Rio de Janeiro,33134049,CE PROFESSORA MARIA TEREZINHA DE CARVALHO MACHADO,Estadual,72.7,27.3,0.0
2020,RIO DE JANEIRO,33135193,CE PROFESSOR JOSE DE SOUZA MARQUES,2,1023.0,2020,Rio de Janeiro,33135193,CE PROFESSOR JOSE DE SOUZA MARQUES,Estadual,88.7,11.3,0.0
2020,SÃO GONÇALO,33089043,CE ARMANDO GONCALVES,2,330.0,2020,São Gonçalo,33089043,CE ARMANDO GONCALVES,Estadual,99.4,0.3,0.3
2020,SÃO GONÇALO,33089051,CE DOUTOR ADINO XAVIER,2,1405.0,2020,São Gonçalo,33089051,CE DOUTOR ADINO XAVIER,Estadual,89.6,10.4,0.0
2020,SÃO GONÇALO,33089060,CE ISMAEL BRANCO,2,226.0,2020,São Gonçalo,33089060,CE ISMAEL BRANCO,Estadual,79.6,20.4,0.0
2020,RIO DE JANEIRO,33136475,CE MONSENHOR MIGUEL DE SANTA MARIA MOCHON,2,317.0,2020,Rio de Janeiro,33136475,CE MONSENHOR MIGUEL DE SANTA MARIA MOCHON,Estadual,99.7,0.3,0.0
2020,RIO DE JANEIRO,33136483,CE GANDHI,2,262.0,2020,Rio de Janeiro,33136483,CE GANDHI,Estadual,84.2,15.8,0.0
2020,RIO DE JANEIRO,33136505,CE PROFESSORA JEANNETTE DE SOUZA COELHO MANNARINO,2,2493.0,2020,Rio de Janeiro,33136505,CE PROFESSORA JEANNETTE DE SOUZA COELHO MANNARINO,Estadual,98.0,0.0,2.0
2020,RIO DE JANEIRO,33136513,CE ROSARIA TROTTA,2,303.0,2020,Rio de Janeiro,33136513,CE ROSARIA TROTTA,Estadual,93.4,6.0,0.6
2020,RIO DE JANEIRO,33136696,CE LIBERDADE,2,452.0,2020,Rio de Janeiro,33136696,CE LIBERDADE,Estadual,99.8,0.0,0.2
2020,RIO DE JANEIRO,33138354,CE PROFESSOR OZEAS GOMES LARANGEIRAS,2,543.0,2020,Rio de Janeiro,33138354,CE PROFESSOR OZEAS GOMES LARANGEIRAS,Estadual,89.3,10.7,0.0
2020,RIO DE JANEIRO,33138648,CE STELLA MATUTINA,2,1061.0,2020,Rio de Janeiro,33138648,CE STELLA MATUTINA,Estadual,87.3,12.7,0.0
2020,RIO DE JANEIRO,33139156,CE PROFESSORA SONIA REGINA SCUDESE DESSIMONI PINTO,2,938.0,2020,Rio de Janeiro,33139156,CE PROFESSORA SONIA REGINA SCUDESE DESSIMONI PINTO,Estadual,100.0,0.0,0.0
2020,RIO DE JANEIRO,33140030,CE CONDE PEREIRA CARNEIRO,2,335.0,2020,Rio de Janeiro,33140030,CE CONDE PEREIRA CARNEIRO,Estadual,100.0,0.0,0.0
2020,RIO DE JANEIRO,33140049,CE OSWALDO TEIXEIRA,2,72.0,2020,Rio de Janeiro,33140049,CE OSWALDO TEIXEIRA,Estadual,83.3,8.3,8.4
2020,RIO DE JANEIRO,33140669,CE JORNALISTA TIM LOPES,2,1500.0,2020,Rio de Janeiro,33140669,CE JORNALISTA TIM LOPES,Estadual,90.3,9.7,0.0
2020,RIO DE JANEIRO,33140715,CE ANTONIO HOUAISS,2,1563.0,2020,Rio de Janeiro,33140715,CE ANTONIO HOUAISS,Estadual,100.0,0.0,0.0
2020,RIO DE JANEIRO,33146950,CE PROFESSORA MARIA DE LOURDES DE OLIVEIRA LAVOR TIA LAVOR,2,1716.0,2020,Rio de Janeiro,33146950,CE PROFESSORA MARIA DE LOURDES DE OLIVEIRA LAVOR TIA LAVOR,Estadual,91.7,8.1,0.2
2020,SÃO GONÇALO,33090246,CE DORVAL FERREIRA DA CUNHA,2,215.0,2020,São Gonçalo,33090246,CE DORVAL FERREIRA DA CUNHA,Estadual,99.1,0.9,0.0
2020,SÃO GONÇALO,33090270,CE AMANDA VELASCO,2,414.0,2020,São Gonçalo,33090270,CE AMANDA VELASCO,Estadual,81.9,17.9,0.2
2020,SÃO GONÇALO,33090300,CE AUGUSTO CEZARIO DIAZ ANDRE,2,543.0,2020,São Gonçalo,33090300,CE AUGUSTO CEZARIO DIAZ ANDRE,Estadual,93.6,6.4,0.0
2020,RIO DE JANEIRO,33173010,CE JORNALISTA MAURICIO AZEDO,2,288.0,2020,Rio de Janeiro,33173010,CE JORNALISTA MAURICIO AZEDO,Estadual,100.0,0.0,0.0
2020,RIO DE JANEIRO,33183724,CE ARTHUR ANTONIO SENDAS,2,73.0,2020,Rio de Janeiro,33183724,CE ARTHUR ANTONIO SENDAS,Estadual,79.5,20.5,0.0
2020,RIO DE JANEIRO,33271208,CE JOSE LEITE LOPES,2,402.0,2020,Rio de Janeiro,33271208,CE JOSE LEITE LOPES,Estadual,98.3,1.7,0.0
2020,RIO DE JANEIRO,33439222,CE COMPOSITOR LUIZ CARLOS DA VILA,2,786.0,2020,Rio de Janeiro,33439222,CE COMPOSITOR LUIZ CARLOS DA VILA,Estadual,68.2,31.8,0.0
2020,RIO DE JANEIRO,33508232,CE JORNALISTA ARTUR DA TAVOLA,2,409.0,2020,Rio de Janeiro,33508232,CE JORNALISTA ARTUR DA TAVOLA,Estadual,99.5,0.5,0.0
2020,RIO DE JANEIRO,33558230,CE DEPUTADO PEDRO FERNANDES,2,1814.0,2020,Rio de Janeiro,33558230,CE DEPUTADO PEDRO FERNANDES,Estadual,92.8,7.0,0.2
2020,SÃO GONÇALO,33051879,CE DOUTOR MOACYR MEIRELLES PADILHA,2,379.0,2020,São Gonçalo,33051879,CE DOUTOR MOACYR MEIRELLES PADILHA,Estadual,97.6,0.0,2.4
2020,SÃO GONÇALO,33088870,CIEP 430 CARLOS MARIGHELLA,2,118.0,2020,São Gonçalo,33088870,CIEP 430 CARLOS MARIGHELLA,Estadual,94.9,5.1,0.0
2020,SÃO GONÇALO,33088896,CIEP 306 DEPUTADO DAVID QUINDERE,2,181.0,2020,São Gonçalo,33088896,CIEP 306 DEPUTADO DAVID QUINDERE,Estadual,91.6,8.4,0.0
2020,SÃO GONÇALO,33088900,CIEP 249 PASTOR WALDEMAR ZARRO,2,302.0,2020,São Gonçalo,33088900,CIEP 249 PASTOR WALDEMAR ZARRO,Estadual,88.6,11.4,0.0
2020,SÃO GONÇALO,33088926,CIEP 240 PROFESSOR HAROLDO TEIXEIRA VALLADAO,2,99.0,2020,São Gonçalo,33088926,CIEP 240 PROFESSOR HAROLDO TEIXEIRA VALLADAO,Estadual,95.9,4.1,0.0
2020,SÃO GONÇALO,33088942,CIEP 248 PROFESSOR TULIO RODRIGUES PERLINGEIRO,2,104.0,2020,São Gonçalo,33088942,CIEP 248 PROFESSOR TULIO RODRIGUES PERLINGEIRO,Estadual,96.9,2.0,1.1
2020,SÃO GONÇALO,33088950,CIEP 052 PROFESSORA ROMANDA GOUVEIA GONCALVES,2,97.0,2020,São Gonçalo,33088950,CIEP 052 PROFESSORA ROMANDA GOUVEIA GONCALVES,Estadual,84.5,15.5,0.0
2020,SÃO GONÇALO,33090815,CE ALECRIM,2,149.0,2020,São Gonçalo,33090815,CE ALECRIM,Estadual,85.1,14.9,0.0
2020,SÃO GONÇALO,33090823,CE CORONEL SERRADO,2,148.0,2020,São Gonçalo,33090823,CE CORONEL SERRADO,Estadual,93.2,6.8,0.0
2020,SÃO GONÇALO,33090831,CE DOM ANTONIO DE ALMEIDA MORAES JUNIOR,2,159.0,2020,São Gonçalo,33090831,CE DOM ANTONIO DE ALMEIDA MORAES JUNIOR,Estadual,99.4,0.6,0.0
2020,SÃO GONÇALO,33089086,CE MINISTRO JOSE DE MOURA E SILVA,2,203.0,2020,São Gonçalo,33089086,CE MINISTRO JOSE DE MOURA E SILVA,Estadual,90.0,10.0,0.0
2020,SÃO GONÇALO,33089094,CE NILO PECANHA,2,1057.0,2020,São Gonçalo,33089094,CE NILO PECANHA,Estadual,82.7,16.8,0.5
2020,SÃO GONÇALO,33089108,CE PANDIA CALOGERAS,2,1094.0,2020,São Gonçalo,33089108,CE PANDIA CALOGERAS,Estadual,79.3,17.4,3.3
2020,SÃO GONÇALO,33089124,CE PADRE MANUEL DA NOBREGA,2,243.0,2020,São Gonçalo,33089124,CE PADRE MANUEL DA NOBREGA,Estadual,95.9,3.3,0.8
2020,SÃO GONÇALO,33089388,CE FREDERICO AZEVEDO,2,350.0,2020,São Gonçalo,33089388,CE FREDERICO AZEVEDO,Estadual,93.4,6.3,0.3
2020,SÃO GONÇALO,33089396,CE LAURO CORREA,2,264.0,2020,São Gonçalo,33089396,CE LAURO CORREA,Estadual,85.4,14.6,0.0
2020,SÃO GONÇALO,33089426,CE MONSENHOR BARENCO COELHO,2,223.0,2020,São Gonçalo,33089426,CE MONSENHOR BARENCO COELHO,Estadual,83.7,10.4,5.9
2020,SÃO GONÇALO,33089469,CE PROFESSORA ANTONIETA PALMEIRA,2,298.0,2020,São Gonçalo,33089469,CE PROFESSORA ANTONIETA PALMEIRA,Estadual,86.8,13.2,0.0
2020,SÃO GONÇALO,33089841,IE CLELIA NANCI,2,1125.0,2020,São Gonçalo,33089841,IE CLELIA NANCI,Estadual,88.6,11.4,0.0
2020,SÃO GONÇALO,33090149,CIEP 122 ERMEZINDA DIONIZIO NECCO,2,317.0,2020,São Gonçalo,33090149,CIEP 122 ERMEZINDA DIONIZIO NECCO,Estadual,84.1,15.9,0.0
2020,SÃO GONÇALO,33090157,CIEP 126 ALMEDORINA AZEREDO,2,99.0,2020,São Gonçalo,33090157,CIEP 126 ALMEDORINA AZEREDO,Estadual,63.2,35.8,1.0
2020,SÃO GONÇALO,33090165,CIEP 440 MAJOR JOAQUIM DE AZEVEDO COUTINHO,2,29.0,2020,São Gonçalo,33090165,CIEP 440 MAJOR JOAQUIM DE AZEVEDO COUTINHO,Estadual,100.0,0.0,0.0
2020,SÃO GONÇALO,33090173,CIEP 410 PATRICIA GALVAO PAGU,2,183.0,2020,São Gonçalo,33090173,CIEP 410 PATRICIA GALVAO PAGU,Estadual,98.4,1.6,0.0
2020,SÃO GONÇALO,33096970,CIEP 309 ZUZU ANGEL,2,213.0,2020,São Gonçalo,33096970,CIEP 309 ZUZU ANGEL,Estadual,85.0,15.0,0.0
2020,SÃO GONÇALO,33096988,CIEP 412 DOUTOR ZERBINI,2,318.0,2020,São Gonçalo,33096988,CIEP 412 DOUTOR ZERBINI,Estadual,81.8,17.9,0.3
2020,SÃO GONÇALO,33103879,CIEP 413 ADAO PEREIRA NUNES BRASIL MEXICO,2,184.0,2020,São Gonçalo,33103879,CIEP 413 ADAO PEREIRA NUNES BRASIL MEXICO,Estadual,91.3,8.7,0.0
2020,SÃO GONÇALO,33090327,CE DESEMBARGADOR FERREIRA PINTO,2,236.0,2020,São Gonçalo,33090327,CE DESEMBARGADOR FERREIRA PINTO,Estadual,88.5,11.5,0.0
2020,SÃO GONÇALO,33090343,CE DOUTOR HUMBERTO SOEIRO DE CARVALHO,2,122.0,2020,São Gonçalo,33090343,CE DOUTOR HUMBERTO SOEIRO DE CARVALHO,Estadual,88.3,11.7,0.0
2020,SÃO GONÇALO,33090351,CE DOUTOR RODOLPHO SIQUEIRA,2,259.0,2020,São Gonçalo,33090351,CE DOUTOR RODOLPHO SIQUEIRA,Estadual,99.6,0.4,0.0
2020,SÃO GONÇALO,33090378,CE ELIZA MARIA DUTRA,2,251.0,2020,São Gonçalo,33090378,CE ELIZA MARIA DUTRA,Estadual,86.0,14.0,0.0
2020,SÃO GONÇALO,33090424,CE PROFESSORA ADELIA MARTINS,2,139.0,2020,São Gonçalo,33090424,CE PROFESSORA ADELIA MARTINS,Estadual,84.6,15.4,0.0
2020,SÃO GONÇALO,33090432,CE PROFESSORA DALILA DE OLIVEIRA COSTA,2,199.0,2020,São Gonçalo,33090432,CE PROFESSORA DALILA DE OLIVEIRA COSTA,Estadual,84.4,15.6,0.0
2020,SÃO GONÇALO,33090440,CE PROFESSOR FRANCISCO DE PAULA ACHILLES,2,54.0,2020,São Gonçalo,33090440,CE PROFESSOR FRANCISCO DE PAULA ACHILLES,Estadual,100.0,0.0,0.0
2020,SÃO GONÇALO,33090459,CE PROFESSORA ODYSSEA SILVEIRA DE SIQUEIRA,2,159.0,2020,São Gonçalo,33090459,CE PROFESSORA ODYSSEA SILVEIRA DE SIQUEIRA,Estadual,86.3,13.7,0.0
2020,SÃO GONÇALO,33090475,CE VITAL BRASIL,2,205.0,2020,São Gonçalo,33090475,CE VITAL BRASIL,Estadual,86.3,13.7,0.0
2020,SÃO GONÇALO,33090653,CIEP 121 PROFESSOR JOADELIO CODECO,2,188.0,2020,São Gonçalo,33090653,CIEP 121 PROFESSOR JOADELIO CODECO,Estadual,87.6,12.4,0.0
2020,SÃO GONÇALO,33090670,CIEP 050 PABLO NERUDA,2,370.0,2020,São Gonçalo,33090670,CIEP 050 PABLO NERUDA,Estadual,94.8,5.2,0.0
2020,SÃO GONÇALO,33090688,CIEP 239 PROFESSORA ELZA VIANNA FIALHO,2,241.0,2020,São Gonçalo,33090688,CIEP 239 PROFESSORA ELZA VIANNA FIALHO,Estadual,93.2,6.8,0.0
2020,SÃO GONÇALO,33090726,CE TRASILBO FILGUEIRAS,2,498.0,2020,São Gonçalo,33090726,CE TRASILBO FILGUEIRAS,Estadual,80.6,19.2,0.2
2020,SÃO GONÇALO,33114366,CE MARIO TAMBORINDEGUY,2,85.0,2020,São Gonçalo,33114366,CE MARIO TAMBORINDEGUY,Estadual,95.2,4.8,0.0
2020,SÃO GONÇALO,33507210,CE COMENDADOR VALENTIM DOS SANTOS DINIZ,2,343.0,2020,São Gonçalo,33507210,CE COMENDADOR VALENTIM DOS SANTOS DINIZ,Estadual,100.0,0.0,0.0
2020,SÃO GONÇALO,33518238,CIEP 513 GEORGE SAVALLA GOMES PALHACO CAREQUINHA,2,106.0,2020,São Gonçalo,33518238,CIEP 513 GEORGE SAVALLA GOMES PALHACO CAREQUINHA,Estadual,89.6,10.4,0.0
2020,SÃO GONÇALO,33090840,CE DOUTOR ARMANDO SA COUTO,2,102.0,2020,São Gonçalo,33090840,CE DOUTOR ARMANDO SA COUTO,Estadual,99.0,0.0,1.0
2020,SÃO GONÇALO,33090882,CE MAUA,2,136.0,2020,São Gonçalo,33090882,CE MAUA,Estadual,100.0,0.0,0.0
2020,SÃO GONÇALO,33090904,CE VILA GUARANI,2,112.0,2020,São Gonçalo,33090904,CE VILA GUARANI,Estadual,86.8,10.5,2.7
2020,SÃO GONÇALO,33091196,CE SANTOS DIAS,2,263.0,2020,São Gonçalo,33091196,CE SANTOS DIAS,Estadual,92.3,7.7,0.0
2020,SÃO GONÇALO,33091200,CE WALTER ORLANDINE,2,1302.0,2020,São Gonçalo,33091200,CE WALTER ORLANDINE,Estadual,99.4,0.3,0.3
2020,SÃO GONÇALO,33091323,CE SUBTENENTE PM MARCO ANTONIO GRIPP,2,72.0,2020,São Gonçalo,33091323,CE SUBTENENTE PM MARCO ANTONIO GRIPP,Estadual,100.0,0.0,0.0
2020,SÃO GONÇALO,33091340,CE CAPITAO OSWALDO ORNELLAS,2,291.0,2020,São Gonçalo,33091340,CE CAPITAO OSWALDO ORNELLAS,Estadual,94.4,5.2,0.4
2020,SÃO GONÇALO,33091382,CE CORONEL FRANCISCO LIMA,2,185.0,2020,São Gonçalo,33091382,CE CORONEL FRANCISCO LIMA,Estadual,87.4,11.5,1.1
2020,SÃO GONÇALO,33091390,CE CORONEL JOAO TARCISIO BUENO,2,129.0,2020,São Gonçalo,33091390,CE CORONEL JOAO TARCISIO BUENO,Estadual,78.3,21.7,0.0
2020,SÃO GONÇALO,33091447,CE MELCHIADES PICANCO,2,291.0,2020,São Gonçalo,33091447,CE MELCHIADES PICANCO,Estadual,87.5,12.5,0.0
2020,SÃO GONÇALO,33091757,CIEP 246 PROFESSORA ADALGISA CABRAL DE FARIA,2,192.0,2020,São Gonçalo,33091757,CIEP 246 PROFESSORA ADALGISA CABRAL DE FARIA,Estadual,98.9,1.1,0.0
2020,SÃO GONÇALO,33091765,CE PAULINO PINHEIRO BAPTISTA,2,271.0,2020,São Gonçalo,33091765,CE PAULINO PINHEIRO BAPTISTA,Estadual,81.4,18.6,0.0
2020,SÃO GONÇALO,33091897,CE CORONEL PM MARCUS JARDIM,2,104.0,2020,São Gonçalo,33091897,CE CORONEL PM MARCUS JARDIM,Estadual,100.0,0.0,0.0
2020,NITERÓI,33056498,CE MANUEL DE ABREU,2,548.0,2020,Niterói,33056498,CE MANUEL DE ABREU,Estadual,87.7,11.5,0.8
2020,NITERÓI,33056501,CE MARIA PEREIRA DAS NEVES,2,75.0,2020,Niterói,33056501,CE MARIA PEREIRA DAS NEVES,Estadual,94.7,5.3,0.0
2020,NITERÓI,33056560,CE PINTO LIMA,2,156.0,2020,Niterói,33056560,CE PINTO LIMA,Estadual,97.3,2.0,0.7
2020,MARICÁ,33053952,CE DOMICIO DA GAMA,2,406.0,2020,Maricá,33053952,CE DOMICIO DA GAMA,Estadual,97.8,2.2,0.0
2020,MARICÁ,33053995,CE PROFESSORA CACILDA SILVA,2,163.0,2020,Maricá,33053995,CE PROFESSORA CACILDA SILVA,Estadual,100.0,0.0,0.0
2020,MARICÁ,33054177,CE DOUTOR JOAO GOMES DE MATTOS SOBRINHO,2,640.0,2020,Maricá,33054177,CE DOUTOR JOAO GOMES DE MATTOS SOBRINHO,Estadual,97.3,2.7,0.0
2020,MARICÁ,33054185,CE CAIO FRANCISCO DE FIGUEIREDO,2,496.0,2020,Maricá,33054185,CE CAIO FRANCISCO DE FIGUEIREDO,Estadual,96.4,3.6,0.0
2020,MARICÁ,33054215,CE EUCLYDES PAULO DA SILVA,2,413.0,2020,Maricá,33054215,CE EUCLYDES PAULO DA SILVA,Estadual,97.5,2.5,0.0
2020,MARICÁ,33054339,CE FRANCISCO JOSE DO NASCIMENTO,2,280.0,2020,Maricá,33054339,CE FRANCISCO JOSE DO NASCIMENTO,Estadual,92.8,7.2,0.0
2020,MARICÁ,33096929,CIEP 391 PROFESSOR ROBSON MENDONCA LOU,2,386.0,2020,Maricá,33096929,CIEP 391 PROFESSOR ROBSON MENDONCA LOU,Estadual,90.8,8.6,0.6
2020,MARICÁ,33102414,CIEP 259 PROFESSORA MARIA DO AMPARO RANGEL DE SOUZA,2,1047.0,2020,Maricá,33102414,CIEP 259 PROFESSORA MARIA DO AMPARO RANGEL DE SOUZA,Estadual,98.7,0.2,1.1
2020,MARICÁ,33183562,CE PROFESSOR DARCY RIBEIRO,2,317.0,2020,Maricá,33183562,CE PROFESSOR DARCY RIBEIRO,Estadual,100.0,0.0,0.0
2020,NITERÓI,33055467,CIEP 251 DONA MARIA PORTUGAL,2,72.0,2020,Niterói,33055467,CIEP 251 DONA MARIA PORTUGAL,Estadual,95.8,4.2,0.0
2020,NITERÓI,33055610,CE AURELINO LEAL,2,896.0,2020,Niterói,33055610,CE AURELINO LEAL,Estadual,100.0,0.0,0.0
2020,NITERÓI,33055629,CE BALTAZAR BERNARDINO,2,233.0,2020,Niterói,33055629,CE BALTAZAR BERNARDINO,Estadual,80.4,19.6,0.0
2020,NITERÓI,33055637,CE BRIGADEIRO CASTRIOTO,2,192.0,2020,Niterói,33055637,CE BRIGADEIRO CASTRIOTO,Estadual,100.0,0.0,0.0
2020,NITERÓI,33055645,CE CIZINIO SOARES PINTO,2,264.0,2020,Niterói,33055645,CE CIZINIO SOARES PINTO,Estadual,100.0,0.0,0.0
2020,NITERÓI,33055653,CE CONSELHEIRO MACEDO SOARES,2,417.0,2020,Niterói,33055653,CE CONSELHEIRO MACEDO SOARES,Estadual,93.2,3.7,3.1
2020,NITERÓI,33055661,CE DOUTOR LUCIANO PESTRE,2,97.0,2020,Niterói,33055661,CE DOUTOR LUCIANO PESTRE,Estadual,97.9,2.1,0.0
2020,SÃO GONÇALO,33103887,CIEP 408 SERGIO CARDOSO,2,39.0,2020,São Gonçalo,33103887,CIEP 408 SERGIO CARDOSO,Estadual,100.0,0.0,0.0
2020,SÃO GONÇALO,33103909,CIEP 238 DOUTOR ILTON FARIA DA COSTA,2,303.0,2020,São Gonçalo,33103909,CIEP 238 DOUTOR ILTON FARIA DA COSTA,Estadual,99.7,0.3,0.0
2020,SÃO GONÇALO,33103917,CIEP 423 MORA GUIMARAES,2,59.0,2020,São Gonçalo,33103917,CIEP 423 MORA GUIMARAES,Estadual,71.2,16.9,11.9
2020,SÃO GONÇALO,33103925,CIEP 421 DEPUTADA CRISTINA TAVARES,2,61.0,2020,São Gonçalo,33103925,CIEP 421 DEPUTADA CRISTINA TAVARES,Estadual,90.2,9.8,0.0
2020,SÃO GONÇALO,33103941,CIEP 422 NICANOR FERREIRA NUNES,2,35.0,2020,São Gonçalo,33103941,CIEP 422 NICANOR FERREIRA NUNES,Estadual,100.0,0.0,0.0
2020,SÃO GONÇALO,33103968,CIEP 439 LUIZ GONZAGA JUNIOR GONZAGUINHA,2,133.0,2020,São Gonçalo,33103968,CIEP 439 LUIZ GONZAGA JUNIOR GONZAGUINHA,Estadual,100.0,0.0,0.0
2020,SÃO GONÇALO,33104182,CIEP BRIZOLAO 409 PROFESSORA ALAIDE DE FIGUEREDO SANTOS,2,235.0,2020,São Gonçalo,33104182,CIEP BRIZOLAO 409 PROFESSORA ALAIDE DE FIGUEREDO SANTOS,Estadual,65.3,34.7,0.0
2020,MARICÁ,33053910,CE ELISIARIO MATTA,2,1042.0,2020,Maricá,33053910,CE ELISIARIO MATTA,Estadual,95.2,4.8,0.0
2021,MARICÁ,33054339,CE FRANCISCO JOSE DO NASCIMENTO,2,308.0,2021,Maricá,33054339,CE FRANCISCO JOSE DO NASCIMENTO,Estadual,81.4,12.7,5.9
2021,MARICÁ,33096929,CIEP 391 PROFESSOR ROBSON MENDONCA LOU,2,369.0,2021,Maricá,33096929,CIEP 391 PROFESSOR ROBSON MENDONCA LOU,Estadual,87.9,12.1,0.0
2021,MARICÁ,33102414,CIEP 259 PROFESSORA MARIA DO AMPARO RANGEL DE SOUZA,2,1332.0,2021,Maricá,33102414,CIEP 259 PROFESSORA MARIA DO AMPARO RANGEL DE SOUZA,Estadual,95.9,3.9,0.2
2021,MARICÁ,33183562,CE PROFESSOR DARCY RIBEIRO,2,628.0,2021,Maricá,33183562,CE PROFESSOR DARCY RIBEIRO,Estadual,95.3,4.7,0.0
2021,NITERÓI,33055467,CIEP 251 DONA MARIA PORTUGAL,2,71.0,2021,Niterói,33055467,CIEP 251 DONA MARIA PORTUGAL,Estadual,66.7,20.8,12.5
2021,NITERÓI,33055726,CE JOAQUIM TAVORA,2,465.0,2021,Niterói,33055726,CE JOAQUIM TAVORA,Estadual,96.7,2.7,0.6
2021,NITERÓI,33055734,CE MACHADO DE ASSIS,2,257.0,2021,Niterói,33055734,CE MACHADO DE ASSIS,Estadual,96.4,3.6,0.0
2021,MARICÁ,33054177,CE DOUTOR JOAO GOMES DE MATTOS SOBRINHO,2,640.0,2021,Maricá,33054177,CE DOUTOR JOAO GOMES DE MATTOS SOBRINHO,Estadual,94.2,2.3,3.5
2021,SÃO GONÇALO,33091323,CE SUBTENENTE PM MARCO ANTONIO GRIPP,2,122.0,2021,São Gonçalo,33091323,CE SUBTENENTE PM MARCO ANTONIO GRIPP,Estadual,98.2,1.8,0.0
2021,SÃO GONÇALO,33091340,CE CAPITAO OSWALDO ORNELLAS,2,312.0,2021,São Gonçalo,33091340,CE CAPITAO OSWALDO ORNELLAS,Estadual,96.4,2.9,0.7
2021,SÃO GONÇALO,33091382,CE CORONEL FRANCISCO LIMA,2,180.0,2021,São Gonçalo,33091382,CE CORONEL FRANCISCO LIMA,Estadual,96.0,4.0,0.0
2021,SÃO GONÇALO,33091390,CE CORONEL JOAO TARCISIO BUENO,2,153.0,2021,São Gonçalo,33091390,CE CORONEL JOAO TARCISIO BUENO,Estadual,85.0,14.3,0.7
2021,SÃO GONÇALO,33091447,CE MELCHIADES PICANCO,2,217.0,2021,São Gonçalo,33091447,CE MELCHIADES PICANCO,Estadual,92.7,7.3,0.0
2021,SÃO GONÇALO,33091757,CIEP 246 PROFESSORA ADALGISA CABRAL DE FARIA,2,202.0,2021,São Gonçalo,33091757,CIEP 246 PROFESSORA ADALGISA CABRAL DE FARIA,Estadual,96.9,3.1,0.0
2021,SÃO GONÇALO,33091765,CE PAULINO PINHEIRO BAPTISTA,2,231.0,2021,São Gonçalo,33091765,CE PAULINO PINHEIRO BAPTISTA,Estadual,93.4,6.6,0.0
2021,SÃO GONÇALO,33091897,CE CORONEL PM MARCUS JARDIM,2,202.0,2021,São Gonçalo,33091897,CE CORONEL PM MARCUS JARDIM,Estadual,100.0,0.0,0.0
2021,SÃO GONÇALO,33507210,CE COMENDADOR VALENTIM DOS SANTOS DINIZ,2,324.0,2021,São Gonçalo,33507210,CE COMENDADOR VALENTIM DOS SANTOS DINIZ,Estadual,99.4,0.6,0.0
2021,SÃO GONÇALO,33518238,CIEP 513 GEORGE SAVALLA GOMES PALHACO CAREQUINHA,2,122.0,2021,São Gonçalo,33518238,CIEP 513 GEORGE SAVALLA GOMES PALHACO CAREQUINHA,Estadual,79.2,5.0,15.8
2021,NITERÓI,33055610,CE AURELINO LEAL,2,620.0,2021,Niterói,33055610,CE AURELINO LEAL,Estadual,97.7,2.3,0.0
2021,NITERÓI,33055629,CE BALTAZAR BERNARDINO,2,216.0,2021,Niterói,33055629,CE BALTAZAR BERNARDINO,Estadual,74.4,19.9,5.7
2021,NITERÓI,33056439,CE EMBAIXADOR RAUL FERNANDES,2,56.0,2021,Niterói,33056439,CE EMBAIXADOR RAUL FERNANDES,Estadual,80.4,17.9,1.7
2021,NITERÓI,33056471,CE JOSE BONIFACIO,2,83.0,2021,Niterói,33056471,CE JOSE BONIFACIO,Estadual,79.0,19.8,1.2
2021,MARICÁ,33053910,CE ELISIARIO MATTA,2,1003.0,2021,Maricá,33053910,CE ELISIARIO MATTA,Estadual,88.4,9.9,1.7
2021,NITERÓI,33055637,CE BRIGADEIRO CASTRIOTO,2,168.0,2021,Niterói,33055637,CE BRIGADEIRO CASTRIOTO,Estadual,99.4,0.0,0.6
2021,NITERÓI,33055645,CE CIZINIO SOARES PINTO,2,273.0,2021,Niterói,33055645,CE CIZINIO SOARES PINTO,Estadual,87.8,11.5,0.7
2021,NITERÓI,33055653,CE CONSELHEIRO MACEDO SOARES,2,442.0,2021,Niterói,33055653,CE CONSELHEIRO MACEDO SOARES,Estadual,96.7,0.2,3.1
2021,NITERÓI,33055661,CE DOUTOR LUCIANO PESTRE,2,115.0,2021,Niterói,33055661,CE DOUTOR LUCIANO PESTRE,Estadual,44.1,25.4,30.5
2021,NITERÓI,33055670,CE FERNANDO MAGALHAES,2,168.0,2021,Niterói,33055670,CE FERNANDO MAGALHAES,Estadual,87.5,9.9,2.6
2021,NITERÓI,33055696,CE GUILHERME BRIGGS,2,178.0,2021,Niterói,33055696,CE GUILHERME BRIGGS,Estadual,97.2,1.1,1.7
2021,NITERÓI,33055700,CE HILARIO RIBEIRO,2,285.0,2021,Niterói,33055700,CE HILARIO RIBEIRO,Estadual,93.3,3.5,3.2
2021,MARICÁ,33054185,CE CAIO FRANCISCO DE FIGUEIREDO,2,592.0,2021,Maricá,33054185,CE CAIO FRANCISCO DE FIGUEIREDO,Estadual,83.7,15.6,0.7
2021,NITERÓI,33057737,CE ALMIRANTE TAMANDARE,2,364.0,2021,Niterói,33057737,CE ALMIRANTE TAMANDARE,Estadual,89.0,11.0,0.0
2021,RIO DE JANEIRO,33065284,CE IGNACIO AZEVEDO DO AMARAL,2,668.0,2021,Rio de Janeiro,33065284,CE IGNACIO AZEVEDO DO AMARAL,Estadual,95.8,1.9,2.3
2021,RIO DE JANEIRO,33066027,CE NILO PECANHA,2,66.0,2021,Rio de Janeiro,33066027,CE NILO PECANHA,Estadual,71.2,0.0,28.8
2021,RIO DE JANEIRO,33066035,CE OLAVO BILAC,2,1362.0,2021,Rio de Janeiro,33066035,CE OLAVO BILAC,Estadual,83.1,15.7,1.2
2021,RIO DE JANEIRO,33066043,CE PROFESSOR ERNESTO FARIA,2,477.0,2021,Rio de Janeiro,33066043,CE PROFESSOR ERNESTO FARIA,Estadual,97.3,0.2,2.5
2021,RIO DE JANEIRO,33066140,CE GONCALVES DIAS,2,218.0,2021,Rio de Janeiro,33066140,CE GONCALVES DIAS,Estadual,98.6,0.0,1.4
2021,RIO DE JANEIRO,33066523,INSTITUTO DE APLICACAO FERNANDO RODRIGUES DA SILVEIRA CAP-UERJ,2,338.0,2021,Rio de Janeiro,33066523,INSTITUTO DE APLICACAO FERNANDO RODRIGUES DA SILVEIRA CAP-UERJ,Estadual,96.1,3.9,0.0
2021,RIO DE JANEIRO,33066590,CE ANTONIO PRADO JUNIOR,2,1473.0,2021,Rio de Janeiro,33066590,CE ANTONIO PRADO JUNIOR,Estadual,98.8,1.1,0.1
2021,RIO DE JANEIRO,33066612,CE PROFESSOR CLOVIS SALGADO,2,321.0,2021,Rio de Janeiro,33066612,CE PROFESSOR CLOVIS SALGADO,Estadual,97.9,0.9,1.2
2021,NITERÓI,33057745,CE DOUTOR SOUZA SOARES,2,32.0,2021,Niterói,33057745,CE DOUTOR SOUZA SOARES,Estadual,100.0,0.0,0.0
2021,NITERÓI,33096805,CIEP 449 GOVERNADOR LEONEL DE MOURA BRIZOLA BRASIL FRANCA,2,267.0,2021,Niterói,33096805,CIEP 449 GOVERNADOR LEONEL DE MOURA BRIZOLA BRASIL FRANCA,Estadual,99.2,0.8,0.0
2021,NITERÓI,33102503,CE DAVID CAPISTRANO,2,653.0,2021,Niterói,33102503,CE DAVID CAPISTRANO,Estadual,91.6,7.2,1.2
2021,NITERÓI,33102520,CIEP 307 DJANIRA,2,167.0,2021,Niterói,33102520,CIEP 307 DJANIRA,Estadual,91.3,7.5,1.2
2021,NITERÓI,33108579,CIEP 448 RUY FRAZAO SOARES,2,144.0,2021,Niterói,33108579,CIEP 448 RUY FRAZAO SOARES,Estadual,95.9,1.4,2.7
2021,NITERÓI,33153795,COL DA POLICIA MILITAR DO EST DO RIO DE JANEIRO,2,108.0,2021,Niterói,33153795,COL DA POLICIA MILITAR DO EST DO RIO DE JANEIRO,Estadual,100.0,0.0,0.0
2021,NITERÓI,33172919,CE MATEMATICO JOAQUIM GOMES DE SOUSA INTERCULTURAL BRASILCHINA,2,254.0,2021,Niterói,33172919,CE MATEMATICO JOAQUIM GOMES DE SOUSA INTERCULTURAL BRASILCHINA,Estadual,94.7,5.3,0.0
2021,RIO DE JANEIRO,33062250,CE ALDEBARA,2,243.0,2021,Rio de Janeiro,33062250,CE ALDEBARA,Estadual,98.8,0.8,0.4
2021,RIO DE JANEIRO,33069026,CE RUY BARBOSA,2,199.0,2021,Rio de Janeiro,33069026,CE RUY BARBOSA,Estadual,98.5,1.5,0.0
2021,RIO DE JANEIRO,33069034,CE TENENTE GENERAL NAPION,2,415.0,2021,Rio de Janeiro,33069034,CE TENENTE GENERAL NAPION,Estadual,78.8,15.4,5.8
2021,RIO DE JANEIRO,33069921,CE GOMES FREIRE DE ANDRADE,2,805.0,2021,Rio de Janeiro,33069921,CE GOMES FREIRE DE ANDRADE,Estadual,97.1,1.3,1.6
2021,RIO DE JANEIRO,33069930,CE HEITOR LIRA,2,845.0,2021,Rio de Janeiro,33069930,CE HEITOR LIRA,Estadual,94.8,4.8,0.4
2021,RIO DE JANEIRO,33069948,CE JOSE MARTI,2,407.0,2021,Rio de Janeiro,33069948,CE JOSE MARTI,Estadual,99.7,0.0,0.3
2021,RIO DE JANEIRO,33069956,CE REPUBLICA DE ANGOLA,2,249.0,2021,Rio de Janeiro,33069956,CE REPUBLICA DE ANGOLA,Estadual,94.8,4.4,0.8
2021,RIO DE JANEIRO,33069964,CE REPUBLICA DE GUINE BISSAU,2,239.0,2021,Rio de Janeiro,33069964,CE REPUBLICA DE GUINE BISSAU,Estadual,72.8,5.3,21.9
2021,RIO DE JANEIRO,33070148,CE BRANT HORTA,2,160.0,2021,Rio de Janeiro,33070148,CE BRANT HORTA,Estadual,94.2,0.0,5.8
2021,RIO DE JANEIRO,33063397,CE AMARO CAVALCANTI,2,1438.0,2021,Rio de Janeiro,33063397,CE AMARO CAVALCANTI,Estadual,93.7,4.2,2.1
2021,RIO DE JANEIRO,33063877,CE DEODORO,2,86.0,2021,Rio de Janeiro,33063877,CE DEODORO,Estadual,96.4,0.0,3.6
2021,RIO DE JANEIRO,33063907,CE PROFESSOR JOAO BORGES DE MORAES,2,259.0,2021,Rio de Janeiro,33063907,CE PROFESSOR JOAO BORGES DE MORAES,Estadual,100.0,0.0,0.0
2021,RIO DE JANEIRO,33064644,CE INFANTE DOM HENRIQUE,2,932.0,2021,Rio de Janeiro,33064644,CE INFANTE DOM HENRIQUE,Estadual,97.3,2.7,0.0
2021,RIO DE JANEIRO,33064652,CE PEDRO ALVARES CABRAL,2,985.0,2021,Rio de Janeiro,33064652,CE PEDRO ALVARES CABRAL,Estadual,89.4,10.2,0.4
2021,RIO DE JANEIRO,33064792,CE CASTELNUOVO,2,89.0,2021,Rio de Janeiro,33064792,CE CASTELNUOVO,Estadual,68.9,8.9,22.2
2021,RIO DE JANEIRO,33065217,CE PROFESSOR ANTONIO MARIA TEIXEIRA FILHO,2,436.0,2021,Rio de Janeiro,33065217,CE PROFESSOR ANTONIO MARIA TEIXEIRA FILHO,Estadual,81.0,11.3,7.7
2021,RIO DE JANEIRO,33065276,CE ANDRE MAUROIS,2,1543.0,2021,Rio de Janeiro,33065276,CE ANDRE MAUROIS,Estadual,96.3,3.2,0.5
2021,RIO DE JANEIRO,33071560,CE DELFIM MOREIRA,2,341.0,2021,Rio de Janeiro,33071560,CE DELFIM MOREIRA,Estadual,68.1,30.1,1.8
2021,RIO DE JANEIRO,33071578,CE FRANCISCO JOBIM,2,33.0,2021,Rio de Janeiro,33071578,CE FRANCISCO JOBIM,Estadual,90.9,0.0,9.1
2021,RIO DE JANEIRO,33071586,CE MARANHAO,2,280.0,2021,Rio de Janeiro,33071586,CE MARANHAO,Estadual,81.8,11.0,7.2
2021,RIO DE JANEIRO,33071594,CE OLINTO DA GAMA BOTELHO,2,759.0,2021,Rio de Janeiro,33071594,CE OLINTO DA GAMA BOTELHO,Estadual,90.4,7.5,2.1
2021,RIO DE JANEIRO,33071969,CE VISCONDE DE CAIRU,2,1239.0,2021,Rio de Janeiro,33071969,CE VISCONDE DE CAIRU,Estadual,92.1,0.7,7.2
2021,RIO DE JANEIRO,33072078,CE BARAO DE MACAUBAS,2,200.0,2021,Rio de Janeiro,33072078,CE BARAO DE MACAUBAS,Estadual,93.1,5.9,1.0
2021,RIO DE JANEIRO,33072094,CE JOAO KOPKE,2,58.0,2021,Rio de Janeiro,33072094,CE JOAO KOPKE,Estadual,74.3,21.4,4.3
2021,RIO DE JANEIRO,33072183,CE JOSE EDUARDO DE MACEDO SOARES,2,169.0,2021,Rio de Janeiro,33072183,CE JOSE EDUARDO DE MACEDO SOARES,Estadual,97.7,1.7,0.6
2021,RIO DE JANEIRO,33066620,CE SOARES PEREIRA,2,80.0,2021,Rio de Janeiro,33066620,CE SOARES PEREIRA,Estadual,96.3,0.0,3.7
2021,RIO DE JANEIRO,33067228,ESCOLA TECNICA ESTADUAL FERREIRA VIANA,2,837.0,2021,Rio de Janeiro,33067228,ESCOLA TECNICA ESTADUAL FERREIRA VIANA,Estadual,83.3,16.5,0.2
2021,RIO DE JANEIRO,33067252,INSTITUTO SUPERIOR DE EDUCACAO DO RIO DE JANEIRO,2,708.0,2021,Rio de Janeiro,33067252,INSTITUTO SUPERIOR DE EDUCACAO DO RIO DE JANEIRO,Estadual,91.3,8.7,0.0
2021,RIO DE JANEIRO,33067783,CE FRANCISCO CAMPOS,2,150.0,2021,Rio de Janeiro,33067783,CE FRANCISCO CAMPOS,Estadual,78.7,0.7,20.6
2021,RIO DE JANEIRO,33067791,CE JOAO ALFREDO,2,1326.0,2021,Rio de Janeiro,33067791,CE JOAO ALFREDO,Estadual,95.3,4.7,0.0
2021,RIO DE JANEIRO,33068011,CE AFONSO PENA,2,510.0,2021,Rio de Janeiro,33068011,CE AFONSO PENA,Estadual,95.3,3.6,1.1
2021,RIO DE JANEIRO,33068844,CE BAHIA,2,504.0,2021,Rio de Janeiro,33068844,CE BAHIA,Estadual,83.6,6.7,9.7
2021,RIO DE JANEIRO,33068852,CE PROFESSOR CLOVIS MONTEIRO,2,1094.0,2021,Rio de Janeiro,33068852,CE PROFESSOR CLOVIS MONTEIRO,Estadual,86.4,10.9,2.7
2021,RIO DE JANEIRO,33074054,CE NUNO ALVARES PEREIRA,2,133.0,2021,Rio de Janeiro,33074054,CE NUNO ALVARES PEREIRA,Estadual,78.2,9.8,12.0
2021,RIO DE JANEIRO,33074151,CE MATO GROSSO,2,1401.0,2021,Rio de Janeiro,33074151,CE MATO GROSSO,Estadual,94.0,1.3,4.7
2021,RIO DE JANEIRO,33074160,CE ADLAI STEVENSON,2,98.0,2021,Rio de Janeiro,33074160,CE ADLAI STEVENSON,Estadual,92.9,2.0,5.1
2021,RIO DE JANEIRO,33074232,CE OLIMPIA DO COUTO,2,360.0,2021,Rio de Janeiro,33074232,CE OLIMPIA DO COUTO,Estadual,87.7,1.9,10.4
2021,RIO DE JANEIRO,33074267,CE RODRIGO OTAVIO FILHO,2,975.0,2021,Rio de Janeiro,33074267,CE RODRIGO OTAVIO FILHO,Estadual,99.7,0.2,0.1
2021,RIO DE JANEIRO,33074798,CE AMAPA,2,83.0,2021,Rio de Janeiro,33074798,CE AMAPA,Estadual,100.0,0.0,0.0
2021,RIO DE JANEIRO,33075034,ESCOLA TECNICA ESTADUAL OSCAR TENORIO,2,476.0,2021,Rio de Janeiro,33075034,ESCOLA TECNICA ESTADUAL OSCAR TENORIO,Estadual,86.5,6.1,7.4
2021,RIO DE JANEIRO,33075166,IE CARMELA DUTRA,2,905.0,2021,Rio de Janeiro,33075166,IE CARMELA DUTRA,Estadual,96.6,0.0,3.4
2021,RIO DE JANEIRO,33070156,CE CHILE,2,285.0,2021,Rio de Janeiro,33070156,CE CHILE,Estadual,99.7,0.0,0.3
2021,RIO DE JANEIRO,33070164,CE CONDE DE AGROLONGO,2,134.0,2021,Rio de Janeiro,33070164,CE CONDE DE AGROLONGO,Estadual,96.4,0.9,2.7
2021,RIO DE JANEIRO,33070199,CE JOAO MARQUES DOS REIS,2,101.0,2021,Rio de Janeiro,33070199,CE JOAO MARQUES DOS REIS,Estadual,93.1,0.0,6.9
2021,RIO DE JANEIRO,33070326,CE TERESA CRISTINA,2,76.0,2021,Rio de Janeiro,33070326,CE TERESA CRISTINA,Estadual,100.0,0.0,0.0
2021,RIO DE JANEIRO,33070946,E T E JUSCELINO KUBITSCHEK,2,413.0,2021,Rio de Janeiro,33070946,E T E JUSCELINO KUBITSCHEK,Estadual,84.8,10.0,5.2
2021,RIO DE JANEIRO,33071535,CE AGRIPINO GRIECO,2,239.0,2021,Rio de Janeiro,33071535,CE AGRIPINO GRIECO,Estadual,84.9,13.9,1.2
2021,RIO DE JANEIRO,33071543,CE BOLIVAR,2,75.0,2021,Rio de Janeiro,33071543,CE BOLIVAR,Estadual,87.8,1.2,11.0
2021,RIO DE JANEIRO,33071551,CE CENTRAL DO BRASIL,2,1199.0,2021,Rio de Janeiro,33071551,CE CENTRAL DO BRASIL,Estadual,94.4,2.5,3.1
2021,RIO DE JANEIRO,33075760,CE FRANCISCO PALHETA,2,143.0,2021,Rio de Janeiro,33075760,CE FRANCISCO PALHETA,Estadual,86.3,13.7,0.0
2021,RIO DE JANEIRO,33075816,CE OLEGARIO MARIANO,2,189.0,2021,Rio de Janeiro,33075816,CE OLEGARIO MARIANO,Estadual,89.8,9.2,1.0
2021,RIO DE JANEIRO,33075832,CE PARANA,2,162.0,2021,Rio de Janeiro,33075832,CE PARANA,Estadual,87.2,3.0,9.8
2021,RIO DE JANEIRO,33075867,CE SANTOS DUMONT,2,195.0,2021,Rio de Janeiro,33075867,CE SANTOS DUMONT,Estadual,95.4,0.5,4.1
2021,RIO DE JANEIRO,33075883,CE VIRIATO CORREA,2,120.0,2021,Rio de Janeiro,33075883,CE VIRIATO CORREA,Estadual,97.6,0.0,2.4
2021,RIO DE JANEIRO,33075891,CE WALDEMIRO POTSCH,2,154.0,2021,Rio de Janeiro,33075891,CE WALDEMIRO POTSCH,Estadual,94.9,5.1,0.0
2021,RIO DE JANEIRO,33076480,E T E REPUBLICA,2,1430.0,2021,Rio de Janeiro,33076480,E T E REPUBLICA,Estadual,73.1,26.9,0.0
2021,RIO DE JANEIRO,33076502,ESCOLA TECNICA ESTADUAL VISCONDE DE MAUA,2,577.0,2021,Rio de Janeiro,33076502,ESCOLA TECNICA ESTADUAL VISCONDE DE MAUA,Estadual,82.9,16.1,1.0
2021,RIO DE JANEIRO,33072205,CE LAURO SODRE,2,112.0,2021,Rio de Janeiro,33072205,CE LAURO SODRE,Estadual,99.1,0.0,0.9
2021,RIO DE JANEIRO,33072248,CE HISPANO BRASILEIRO JOAO CABRAL DE MELO NETO,2,250.0,2021,Rio de Janeiro,33072248,CE HISPANO BRASILEIRO JOAO CABRAL DE MELO NETO,Estadual,100.0,0.0,0.0
2021,RIO DE JANEIRO,33072280,CE PERNAMBUCO,2,95.0,2021,Rio de Janeiro,33072280,CE PERNAMBUCO,Estadual,92.6,7.4,0.0
2021,RIO DE JANEIRO,33072337,CE SARMIENTO,2,83.0,2021,Rio de Janeiro,33072337,CE SARMIENTO,Estadual,100.0,0.0,0.0
2021,RIO DE JANEIRO,33072370,CE VIRGILIO DE MELO FRANCO,2,178.0,2021,Rio de Janeiro,33072370,CE VIRGILIO DE MELO FRANCO,Estadual,87.6,1.6,10.8
2021,RIO DE JANEIRO,33073368,CE PASTOR MIRANDA PINTO,2,76.0,2021,Rio de Janeiro,33073368,CE PASTOR MIRANDA PINTO,Estadual,92.4,5.1,2.5
2021,RIO DE JANEIRO,33074038,CE ITALIA,2,352.0,2021,Rio de Janeiro,33074038,CE ITALIA,Estadual,90.6,9.1,0.3
2021,RIO DE JANEIRO,33074046,CE JOSUE DE CASTRO,2,221.0,2021,Rio de Janeiro,33074046,CE JOSUE DE CASTRO,Estadual,93.8,6.2,0.0
2021,RIO DE JANEIRO,33077177,CE PRESIDENTE JOAO GOULART,2,319.0,2021,Rio de Janeiro,33077177,CE PRESIDENTE JOAO GOULART,Estadual,87.8,1.5,10.7
2021,RIO DE JANEIRO,33077185,CE SENADOR TEOTONIO VILELA,2,253.0,2021,Rio de Janeiro,33077185,CE SENADOR TEOTONIO VILELA,Estadual,94.4,5.6,0.0
2021,RIO DE JANEIRO,33077371,CE ALINA DE BRITO,2,448.0,2021,Rio de Janeiro,33077371,CE ALINA DE BRITO,Estadual,88.6,11.4,0.0
2021,RIO DE JANEIRO,33077452,CE EMBAIXADOR DIAS CARNEIRO,2,280.0,2021,Rio de Janeiro,33077452,CE EMBAIXADOR DIAS CARNEIRO,Estadual,98.6,0.0,1.4
2021,RIO DE JANEIRO,33077525,CE MARECHAL CANROBERT PEREIRA DA COSTA,2,68.0,2021,Rio de Janeiro,33077525,CE MARECHAL CANROBERT PEREIRA DA COSTA,Estadual,87.9,9.1,3.0
2021,RIO DE JANEIRO,33077568,CE ROSA DO POVO,2,300.0,2021,Rio de Janeiro,33077568,CE ROSA DO POVO,Estadual,89.8,9.2,1.0
2021,RIO DE JANEIRO,33077576,CE VICTOR HUGO,2,156.0,2021,Rio de Janeiro,33077576,CE VICTOR HUGO,Estadual,98.2,1.8,0.0
2021,RIO DE JANEIRO,33079323,CE STUART EDGAR ANGEL JONES,2,1326.0,2021,Rio de Janeiro,33079323,CE STUART EDGAR ANGEL JONES,Estadual,99.9,0.0,0.1
2021,RIO DE JANEIRO,33075174,CE CHARLES CHAPLIN,2,187.0,2021,Rio de Janeiro,33075174,CE CHARLES CHAPLIN,Estadual,91.9,0.0,8.1
2021,RIO DE JANEIRO,33075182,CE CIDADE DE LISBOA,2,175.0,2021,Rio de Janeiro,33075182,CE CIDADE DE LISBOA,Estadual,80.6,17.2,2.2
2021,RIO DE JANEIRO,33075190,CE LUIZ DE CAMOES,2,214.0,2021,Rio de Janeiro,33075190,CE LUIZ DE CAMOES,Estadual,87.7,11.8,0.5
2021,RIO DE JANEIRO,33075204,CE MARQUES REBELO,2,160.0,2021,Rio de Janeiro,33075204,CE MARQUES REBELO,Estadual,82.3,3.2,14.5
2021,RIO DE JANEIRO,33075212,CE PROFESSOR JOSE ACCIOLI,2,510.0,2021,Rio de Janeiro,33075212,CE PROFESSOR JOSE ACCIOLI,Estadual,100.0,0.0,0.0
2021,RIO DE JANEIRO,33075220,CE PROFESSOR SOUSA DA SILVEIRA,2,155.0,2021,Rio de Janeiro,33075220,CE PROFESSOR SOUSA DA SILVEIRA,Estadual,83.5,13.3,3.2
2021,RIO DE JANEIRO,33075689,CE CARDEAL ARCOVERDE,2,215.0,2021,Rio de Janeiro,33075689,CE CARDEAL ARCOVERDE,Estadual,99.5,0.0,0.5
2021,RIO DE JANEIRO,33075719,CE CONDE AFONSO CELSO,2,250.0,2021,Rio de Janeiro,33075719,CE CONDE AFONSO CELSO,Estadual,82.3,14.2,3.5
2021,RIO DE JANEIRO,33079706,CE DALVA DE OLIVEIRA,2,224.0,2021,Rio de Janeiro,33079706,CE DALVA DE OLIVEIRA,Estadual,94.8,4.8,0.4
2021,RIO DE JANEIRO,33079714,CE ENGENHEIRO JOAO THOME,2,256.0,2021,Rio de Janeiro,33079714,CE ENGENHEIRO JOAO THOME,Estadual,89.1,7.0,3.9
2021,RIO DE JANEIRO,33079803,CE MARIETA CUNHA DA SILVA,2,618.0,2021,Rio de Janeiro,33079803,CE MARIETA CUNHA DA SILVA,Estadual,100.0,0.0,0.0
2021,RIO DE JANEIRO,33079811,CE MILTON CAMPOS,2,116.0,2021,Rio de Janeiro,33079811,CE MILTON CAMPOS,Estadual,93.6,0.8,5.6
2021,RIO DE JANEIRO,33079820,CE MOACYR PADILHA,2,263.0,2021,Rio de Janeiro,33079820,CE MOACYR PADILHA,Estadual,95.8,4.2,0.0
2021,RIO DE JANEIRO,33079900,CE RAMIZ GALVAO,2,190.0,2021,Rio de Janeiro,33079900,CE RAMIZ GALVAO,Estadual,92.1,3.0,4.9
2021,RIO DE JANEIRO,33079943,CE JOAO SALIM MIGUEL,2,635.0,2021,Rio de Janeiro,33079943,CE JOAO SALIM MIGUEL,Estadual,98.6,1.0,0.4
2021,RIO DE JANEIRO,33081743,CIE MIECIMO DA SILVA,2,519.0,2021,Rio de Janeiro,33081743,CIE MIECIMO DA SILVA,Estadual,96.7,2.7,0.6
2021,RIO DE JANEIRO,33077088,CE ADALGISA MONTEIRO,2,372.0,2021,Rio de Janeiro,33077088,CE ADALGISA MONTEIRO,Estadual,96.0,1.1,2.9
2021,RIO DE JANEIRO,33077100,CE BRIGADEIRO SCHORCHT,2,1437.0,2021,Rio de Janeiro,33077100,CE BRIGADEIRO SCHORCHT,Estadual,95.1,4.9,0.0
2021,RIO DE JANEIRO,33077118,CE CARLOS LACERDA,2,271.0,2021,Rio de Janeiro,33077118,CE CARLOS LACERDA,Estadual,91.5,8.5,0.0
2021,RIO DE JANEIRO,33077126,CE EDUARDO MONDLANE,2,486.0,2021,Rio de Janeiro,33077126,CE EDUARDO MONDLANE,Estadual,91.2,8.2,0.6
2021,RIO DE JANEIRO,33077134,CE ENGENHEIRO BERNARDO SAYAO,2,266.0,2021,Rio de Janeiro,33077134,CE ENGENHEIRO BERNARDO SAYAO,Estadual,61.3,15.5,23.2
2021,RIO DE JANEIRO,33077142,CE MAHATMA GANDHI,2,227.0,2021,Rio de Janeiro,33077142,CE MAHATMA GANDHI,Estadual,72.2,27.8,0.0
2021,RIO DE JANEIRO,33077150,CE CARDEAL DOM EUGENIO DE ARAUJO SALES,2,386.0,2021,Rio de Janeiro,33077150,CE CARDEAL DOM EUGENIO DE ARAUJO SALES,Estadual,99.2,0.0,0.8
2021,RIO DE JANEIRO,33077169,CE EUNICE WEAVER,2,323.0,2021,Rio de Janeiro,33077169,CE EUNICE WEAVER,Estadual,86.4,9.8,3.8
2021,RIO DE JANEIRO,33082332,CE PRESIDENTE ANTONIO CARLOS,2,275.0,2021,Rio de Janeiro,33082332,CE PRESIDENTE ANTONIO CARLOS,Estadual,72.3,12.2,15.5
2021,RIO DE JANEIRO,33082359,CE PROFESSORA JUREMA PECANHA GIRAUD,2,255.0,2021,Rio de Janeiro,33082359,CE PROFESSORA JUREMA PECANHA GIRAUD,Estadual,99.3,0.0,0.7
2021,RIO DE JANEIRO,33082375,CE RAINHA VITORIA,2,154.0,2021,Rio de Janeiro,33082375,CE RAINHA VITORIA,Estadual,69.9,30.1,0.0
2021,RIO DE JANEIRO,33082430,CE PROFESSOR VIEIRA FAZENDA,2,206.0,2021,Rio de Janeiro,33082430,CE PROFESSOR VIEIRA FAZENDA,Estadual,84.8,12.3,2.9
2021,RIO DE JANEIRO,33083592,IE SARAH KUBITSCHEK,2,2640.0,2021,Rio de Janeiro,33083592,IE SARAH KUBITSCHEK,Estadual,96.8,3.0,0.2
2021,RIO DE JANEIRO,33084238,CE BARAO DO RIO BRANCO,2,2153.0,2021,Rio de Janeiro,33084238,CE BARAO DO RIO BRANCO,Estadual,97.8,1.2,1.0
2021,RIO DE JANEIRO,33084459,CE PESTALOZZI,2,441.0,2021,Rio de Janeiro,33084459,CE PESTALOZZI,Estadual,91.0,8.8,0.2
2021,RIO DE JANEIRO,33085463,CE ANITA GARIBALDI,2,258.0,2021,Rio de Janeiro,33085463,CE ANITA GARIBALDI,Estadual,89.9,1.1,9.0
2021,RIO DE JANEIRO,33079331,CE AGOSTINHO NETO,2,270.0,2021,Rio de Janeiro,33079331,CE AGOSTINHO NETO,Estadual,92.5,3.6,3.9
2021,RIO DE JANEIRO,33079340,CE BANGU,2,2013.0,2021,Rio de Janeiro,33079340,CE BANGU,Estadual,98.3,1.7,0.0
2021,RIO DE JANEIRO,33079358,CE COLLECCHIO,2,1541.0,2021,Rio de Janeiro,33079358,CE COLLECCHIO,Estadual,91.4,7.8,0.8
2021,RIO DE JANEIRO,33079366,CE JORGE ZARUR,2,607.0,2021,Rio de Janeiro,33079366,CE JORGE ZARUR,Estadual,95.9,0.0,4.1
2021,RIO DE JANEIRO,33079374,CE LEOPOLDINA DA SILVEIRA,2,1611.0,2021,Rio de Janeiro,33079374,CE LEOPOLDINA DA SILVEIRA,Estadual,89.6,9.8,0.6
2021,RIO DE JANEIRO,33079382,CE NICARAGUA,2,343.0,2021,Rio de Janeiro,33079382,CE NICARAGUA,Estadual,63.4,30.9,5.7
2021,RIO DE JANEIRO,33079390,CE PROFESSOR DALTRO SANTOS,2,536.0,2021,Rio de Janeiro,33079390,CE PROFESSOR DALTRO SANTOS,Estadual,81.6,6.3,12.1
2021,RIO DE JANEIRO,33079404,CE REPUBLICA DE MOCAMBIQUE,2,192.0,2021,Rio de Janeiro,33079404,CE REPUBLICA DE MOCAMBIQUE,Estadual,78.5,16.2,5.3
2021,RIO DE JANEIRO,33086583,CE MARECHAL JOAO BAPTISTA DE MATTOS,2,1758.0,2021,Rio de Janeiro,33086583,CE MARECHAL JOAO BAPTISTA DE MATTOS,Estadual,81.9,14.8,3.3
2021,RIO DE JANEIRO,33086591,CE PROFESSOR JOEL DE OLIVEIRA,2,608.0,2021,Rio de Janeiro,33086591,CE PROFESSOR JOEL DE OLIVEIRA,Estadual,95.0,4.9,0.1
2021,RIO DE JANEIRO,33086605,CE PROFESSOR MANUEL MAURICIO DE ALBUQUERQUE,2,513.0,2021,Rio de Janeiro,33086605,CE PROFESSOR MANUEL MAURICIO DE ALBUQUERQUE,Estadual,85.0,13.0,2.0
2021,RIO DE JANEIRO,33086613,CE PROFESSORA ELIANE MARTINS DANTAS BRASIL ALEMANHA,2,191.0,2021,Rio de Janeiro,33086613,CE PROFESSORA ELIANE MARTINS DANTAS BRASIL ALEMANHA,Estadual,89.1,0.0,10.9
2021,RIO DE JANEIRO,33086729,CE BELGICA,2,226.0,2021,Rio de Janeiro,33086729,CE BELGICA,Estadual,86.6,11.6,1.8
2021,RIO DE JANEIRO,33086737,CE COELHO NETO,2,155.0,2021,Rio de Janeiro,33086737,CE COELHO NETO,Estadual,74.8,13.2,12.0
2021,RIO DE JANEIRO,33086796,CE PARAIBA,2,105.0,2021,Rio de Janeiro,33086796,CE PARAIBA,Estadual,99.0,0.0,1.0
2021,RIO DE JANEIRO,33087644,CE VICENTE JANNUZZI,2,2391.0,2021,Rio de Janeiro,33087644,CE VICENTE JANNUZZI,Estadual,100.0,0.0,0.0
2021,RIO DE JANEIRO,33082022,CE FRANCISCO CALDEIRA DE ALVARENGA,2,1255.0,2021,Rio de Janeiro,33082022,CE FRANCISCO CALDEIRA DE ALVARENGA,Estadual,93.5,5.4,1.1
2021,RIO DE JANEIRO,33082030,CE FREIRE ALLEMAO,2,109.0,2021,Rio de Janeiro,33082030,CE FREIRE ALLEMAO,Estadual,87.2,12.8,0.0
2021,RIO DE JANEIRO,33082049,CE PROFESSOR FERNANDO ANTONIO RAJA GABAGLIA,2,1563.0,2021,Rio de Janeiro,33082049,CE PROFESSOR FERNANDO ANTONIO RAJA GABAGLIA,Estadual,97.8,0.1,2.1
2021,RIO DE JANEIRO,33082146,CE DOUTOR ALBERT SABIN,2,1741.0,2021,Rio de Janeiro,33082146,CE DOUTOR ALBERT SABIN,Estadual,94.9,2.5,2.6
2021,RIO DE JANEIRO,33082227,CE ALMIRANTE FRONTIN,2,79.0,2021,Rio de Janeiro,33082227,CE ALMIRANTE FRONTIN,Estadual,98.7,0.0,1.3
2021,RIO DE JANEIRO,33082235,CE AMAZONAS,2,662.0,2021,Rio de Janeiro,33082235,CE AMAZONAS,Estadual,92.2,5.0,2.8
2021,RIO DE JANEIRO,33082286,CE GEORGE WASHINGTON,2,143.0,2021,Rio de Janeiro,33082286,CE GEORGE WASHINGTON,Estadual,94.1,2.0,3.9
2021,RIO DE JANEIRO,33082316,CE JOAO PROENCA,2,388.0,2021,Rio de Janeiro,33082316,CE JOAO PROENCA,Estadual,67.3,24.3,8.4
2021,RIO DE JANEIRO,33097038,CIEP 326 PROFESSOR CESAR PERNETTA,2,763.0,2021,Rio de Janeiro,33097038,CIEP 326 PROFESSOR CESAR PERNETTA,Estadual,99.9,0.1,0.0
2021,RIO DE JANEIRO,33097283,CIEP 321 DOUTOR ULISSES GUIMARAES,2,2458.0,2021,Rio de Janeiro,33097283,CIEP 321 DOUTOR ULISSES GUIMARAES,Estadual,85.4,14.5,0.1
2021,RIO DE JANEIRO,33100659,CAIC NACOES UNIDAS,2,850.0,2021,Rio de Janeiro,33100659,CAIC NACOES UNIDAS,Estadual,86.7,13.3,0.0
2021,RIO DE JANEIRO,33102210,CIEP 241 NACAO MANGUEIRENSE GOVERNADOR LEONEL DE MOURA BRIZOLA,2,1298.0,2021,Rio de Janeiro,33102210,CIEP 241 NACAO MANGUEIRENSE GOVERNADOR LEONEL DE MOURA BRIZOLA,Estadual,93.4,6.6,0.0
2021,RIO DE JANEIRO,33104638,CIEP 195 ANIBAL MACHADO,2,98.0,2021,Rio de Janeiro,33104638,CIEP 195 ANIBAL MACHADO,Estadual,94.8,4.2,1.0
2021,RIO DE JANEIRO,33105065,CAIC EUCLYDES DA CUNHA,2,2096.0,2021,Rio de Janeiro,33105065,CAIC EUCLYDES DA CUNHA,Estadual,90.9,8.8,0.3
2021,RIO DE JANEIRO,33105103,CIEP 303 AYRTON SENNA DA SILVA,2,883.0,2021,Rio de Janeiro,33105103,CIEP 303 AYRTON SENNA DA SILVA,Estadual,88.5,10.4,1.1
2021,RIO DE JANEIRO,33105219,CIEP 379 RAUL SEIXAS,2,427.0,2021,Rio de Janeiro,33105219,CIEP 379 RAUL SEIXAS,Estadual,98.8,0.2,1.0
2021,RIO DE JANEIRO,33085480,CE LEONEL AZEVEDO,2,162.0,2021,Rio de Janeiro,33085480,CE LEONEL AZEVEDO,Estadual,68.5,31.5,0.0
2021,RIO DE JANEIRO,33085498,CE PREFEITO MENDES DE MORAES,2,2015.0,2021,Rio de Janeiro,33085498,CE PREFEITO MENDES DE MORAES,Estadual,95.9,1.0,3.1
2021,RIO DE JANEIRO,33085765,CE DUNSHEE DE ABRANCHES,2,267.0,2021,Rio de Janeiro,33085765,CE DUNSHEE DE ABRANCHES,Estadual,90.0,8.1,1.9
2021,RIO DE JANEIRO,33085838,CE ROTARY,2,83.0,2021,Rio de Janeiro,33085838,CE ROTARY,Estadual,79.3,20.7,0.0
2021,RIO DE JANEIRO,33086427,CE AUGUSTO RUSCHI,2,43.0,2021,Rio de Janeiro,33086427,CE AUGUSTO RUSCHI,Estadual,95.6,0.0,4.4
2021,RIO DE JANEIRO,33086540,CE ACARI,2,72.0,2021,Rio de Janeiro,33086540,CE ACARI,Estadual,65.4,33.3,1.3
2021,RIO DE JANEIRO,33086567,CE GRACILIANO RAMOS,2,76.0,2021,Rio de Janeiro,33086567,CE GRACILIANO RAMOS,Estadual,86.7,12.0,1.3
2021,RIO DE JANEIRO,33086575,CE GUADALUPE,2,78.0,2021,Rio de Janeiro,33086575,CE GUADALUPE,Estadual,79.5,16.7,3.8
2021,RIO DE JANEIRO,33106657,CIEP 183 JOAO VITTA,2,1503.0,2021,Rio de Janeiro,33106657,CIEP 183 JOAO VITTA,Estadual,98.9,0.0,1.1
2021,RIO DE JANEIRO,33106665,CIEP 432 ALBERTO CAVALCANTI,2,685.0,2021,Rio de Janeiro,33106665,CIEP 432 ALBERTO CAVALCANTI,Estadual,94.4,5.3,0.3
2021,RIO DE JANEIRO,33106673,CIEP 392 MARIO DE ANDRADE,2,1316.0,2021,Rio de Janeiro,33106673,CIEP 392 MARIO DE ANDRADE,Estadual,95.0,1.8,3.2
2021,RIO DE JANEIRO,33106681,CIEP 305 HEITOR DOS PRAZERES,2,2023.0,2021,Rio de Janeiro,33106681,CIEP 305 HEITOR DOS PRAZERES,Estadual,90.8,7.9,1.3
2021,RIO DE JANEIRO,33106690,CIEP 225 MARIO QUINTANA,2,1922.0,2021,Rio de Janeiro,33106690,CIEP 225 MARIO QUINTANA,Estadual,97.3,2.7,0.0
2021,RIO DE JANEIRO,33106703,CIEP 244 OSWALDO ARANHA,2,835.0,2021,Rio de Janeiro,33106703,CIEP 244 OSWALDO ARANHA,Estadual,100.0,0.0,0.0
2021,RIO DE JANEIRO,33106711,CIEP 362 ROBERTO BURLE MARX,2,1169.0,2021,Rio de Janeiro,33106711,CIEP 362 ROBERTO BURLE MARX,Estadual,95.6,1.2,3.2
2021,RIO DE JANEIRO,33106720,CIEP 313 RUBEM BRAGA,2,849.0,2021,Rio de Janeiro,33106720,CIEP 313 RUBEM BRAGA,Estadual,98.9,1.1,0.0
2021,RIO DE JANEIRO,33087725,CE GILSON AMADO,2,436.0,2021,Rio de Janeiro,33087725,CE GILSON AMADO,Estadual,81.1,2.3,16.6
2021,RIO DE JANEIRO,33087733,CE GOLDA MEIR,2,178.0,2021,Rio de Janeiro,33087733,CE GOLDA MEIR,Estadual,79.6,16.8,3.6
2021,RIO DE JANEIRO,33087750,CE ALMIRANTE TAMANDARE,2,173.0,2021,Rio de Janeiro,33087750,CE ALMIRANTE TAMANDARE,Estadual,100.0,0.0,0.0
2021,RIO DE JANEIRO,33088152,CE JORNALISTA RODOLFO FERNANDES,2,1057.0,2021,Rio de Janeiro,33088152,CE JORNALISTA RODOLFO FERNANDES,Estadual,78.7,0.0,21.3
2021,RIO DE JANEIRO,33088179,CE MAX FLEIUSS,2,102.0,2021,Rio de Janeiro,33088179,CE MAX FLEIUSS,Estadual,83.3,7.4,9.3
2021,RIO DE JANEIRO,33088420,CE DEBORAH MENDES DE MORAES,2,649.0,2021,Rio de Janeiro,33088420,CE DEBORAH MENDES DE MORAES,Estadual,93.8,3.8,2.4
2021,RIO DE JANEIRO,33095078,CE BERNARDO DE VASCONCELOS,2,254.0,2021,Rio de Janeiro,33095078,CE BERNARDO DE VASCONCELOS,Estadual,87.6,4.3,8.1
2021,RIO DE JANEIRO,33096759,CIEP 173 RAINHA NZINGA ANGOLA,2,883.0,2021,Rio de Janeiro,33096759,CIEP 173 RAINHA NZINGA ANGOLA,Estadual,100.0,0.0,0.0
2021,RIO DE JANEIRO,33117950,CE PROFESSOR AUGUSTO MOTTA,2,155.0,2021,Rio de Janeiro,33117950,CE PROFESSOR AUGUSTO MOTTA,Estadual,88.4,3.9,7.7
2021,RIO DE JANEIRO,33117969,ESCOLA TECNICA ESTADUAL ADOLPHO BLOCH,2,551.0,2021,Rio de Janeiro,33117969,ESCOLA TECNICA ESTADUAL ADOLPHO BLOCH,Estadual,86.1,12.4,1.5
2021,RIO DE JANEIRO,33117977,ESCOLA TECNICA ESTADUAL SANTA CRUZ,2,906.0,2021,Rio de Janeiro,33117977,ESCOLA TECNICA ESTADUAL SANTA CRUZ,Estadual,91.3,8.7,0.0
2021,RIO DE JANEIRO,33120692,CAIC THEOPHILO DE SOUZA PINTO,2,660.0,2021,Rio de Janeiro,33120692,CAIC THEOPHILO DE SOUZA PINTO,Estadual,81.8,17.6,0.6
2021,RIO DE JANEIRO,33124620,CE PADRE CARLOS LEONCIO DA SILVA,2,31.0,2021,Rio de Janeiro,33124620,CE PADRE CARLOS LEONCIO DA SILVA,Estadual,100.0,0.0,0.0
2021,RIO DE JANEIRO,33124922,CE OLAVO JOSINO DE SALLES,2,409.0,2021,Rio de Janeiro,33124922,CE OLAVO JOSINO DE SALLES,Estadual,93.1,6.9,0.0
2021,RIO DE JANEIRO,33125304,CE MISSIONARIO MARIO WAY,2,1590.0,2021,Rio de Janeiro,33125304,CE MISSIONARIO MARIO WAY,Estadual,95.9,0.1,4.0
2021,RIO DE JANEIRO,33125317,CE PROFESSORA LUIZA MARINHO,2,1280.0,2021,Rio de Janeiro,33125317,CE PROFESSORA LUIZA MARINHO,Estadual,88.2,8.4,3.4
2021,RIO DE JANEIRO,33105294,CIEP 311 DEPUTADO BOCAYUVA CUNHA,2,1780.0,2021,Rio de Janeiro,33105294,CIEP 311 DEPUTADO BOCAYUVA CUNHA,Estadual,97.6,2.3,0.1
2021,RIO DE JANEIRO,33106550,CIEP 223 OLYMPIO MARQUES DOS SANTOS,2,1099.0,2021,Rio de Janeiro,33106550,CIEP 223 OLYMPIO MARQUES DOS SANTOS,Estadual,85.5,8.7,5.8
2021,RIO DE JANEIRO,33106584,CIEP 336 OCTAVIO MALTA,2,1522.0,2021,Rio de Janeiro,33106584,CIEP 336 OCTAVIO MALTA,Estadual,93.2,6.8,0.0
2021,RIO DE JANEIRO,33106592,CIEP 435 HELIO PELLEGRINO,2,1250.0,2021,Rio de Janeiro,33106592,CIEP 435 HELIO PELLEGRINO,Estadual,91.9,6.7,1.4
2021,RIO DE JANEIRO,33106606,CIEP 224 TARSO DE CASTRO,2,877.0,2021,Rio de Janeiro,33106606,CIEP 224 TARSO DE CASTRO,Estadual,87.7,1.0,11.3
2021,RIO DE JANEIRO,33106614,CIEP 386 GUILHERME DA SILVEIRA FILHO,2,2058.0,2021,Rio de Janeiro,33106614,CIEP 386 GUILHERME DA SILVEIRA FILHO,Estadual,94.2,4.9,0.9
2021,RIO DE JANEIRO,33106630,CIEP 382 ASPIRANTE FRANCISCO MEGA,2,1767.0,2021,Rio de Janeiro,33106630,CIEP 382 ASPIRANTE FRANCISCO MEGA,Estadual,87.7,12.2,0.1
2021,RIO DE JANEIRO,33106649,CIEP 312 RAUL RYFF,2,847.0,2021,Rio de Janeiro,33106649,CIEP 312 RAUL RYFF,Estadual,93.7,0.6,5.7
2021,RIO DE JANEIRO,33126224,CE HERBERT DE SOUZA,2,652.0,2021,Rio de Janeiro,33126224,CE HERBERT DE SOUZA,Estadual,97.3,0.6,2.1
2021,RIO DE JANEIRO,33126232,CE COMPOSITOR LUIZ GONZAGA,2,238.0,2021,Rio de Janeiro,33126232,CE COMPOSITOR LUIZ GONZAGA,Estadual,99.6,0.4,0.0
2021,RIO DE JANEIRO,33126259,CE ROSA LUXEMBURGO,2,155.0,2021,Rio de Janeiro,33126259,CE ROSA LUXEMBURGO,Estadual,73.9,14.6,11.5
2021,RIO DE JANEIRO,33126267,CE PROFESSOR HORACIO MACEDO,2,270.0,2021,Rio de Janeiro,33126267,CE PROFESSOR HORACIO MACEDO,Estadual,92.6,7.4,0.0
2021,RIO DE JANEIRO,33126747,CE MADRE TERESA DE CALCUTA,2,1302.0,2021,Rio de Janeiro,33126747,CE MADRE TERESA DE CALCUTA,Estadual,94.6,5.4,0.0
2021,RIO DE JANEIRO,33126755,CE MONTEIRO DE CARVALHO,2,418.0,2021,Rio de Janeiro,33126755,CE MONTEIRO DE CARVALHO,Estadual,90.6,9.4,0.0
2021,RIO DE JANEIRO,33126852,CE PROFESSORA MARIA NAZARETH CAVALCANTI SILVA,2,1022.0,2021,Rio de Janeiro,33126852,CE PROFESSORA MARIA NAZARETH CAVALCANTI SILVA,Estadual,91.3,6.7,2.0
2021,RIO DE JANEIRO,33126941,CE CHIQUINHA GONZAGA,2,310.0,2021,Rio de Janeiro,33126941,CE CHIQUINHA GONZAGA,Estadual,73.9,21.8,4.3
2021,RIO DE JANEIRO,33106738,CIEP 433 TOGO RENAN SOARES KANELA,2,1755.0,2021,Rio de Janeiro,33106738,CIEP 433 TOGO RENAN SOARES KANELA,Estadual,97.8,2.1,0.1
2021,RIO DE JANEIRO,33106746,CIEP 165 BRIGADEIRO SERGIO CARVALHO,2,1454.0,2021,Rio de Janeiro,33106746,CIEP 165 BRIGADEIRO SERGIO CARVALHO,Estadual,98.8,1.2,0.0
2021,RIO DE JANEIRO,33110476,CIEP 418 ANTONIO CARLOS BERNARDES MUSSUM,2,159.0,2021,Rio de Janeiro,33110476,CIEP 418 ANTONIO CARLOS BERNARDES MUSSUM,Estadual,70.8,21.7,7.5
2021,RIO DE JANEIRO,33110638,CIEP 205 FREI AGOSTINHO FINCIAS,2,606.0,2021,Rio de Janeiro,33110638,CIEP 205 FREI AGOSTINHO FINCIAS,Estadual,80.8,19.1,0.1
2021,RIO DE JANEIRO,33110646,CIEP 323 MARIA WERNECK DE CASTRO,2,753.0,2021,Rio de Janeiro,33110646,CIEP 323 MARIA WERNECK DE CASTRO,Estadual,98.8,0.9,0.3
2021,RIO DE JANEIRO,33110654,CIEP 092 FEDERICO FELLINI,2,629.0,2021,Rio de Janeiro,33110654,CIEP 092 FEDERICO FELLINI,Estadual,76.8,17.4,5.8
2021,RIO DE JANEIRO,33111626,CE LUIZA MAHIN,2,3.0,2021,Rio de Janeiro,33111626,CE LUIZA MAHIN,Estadual,100.0,0.0,0.0
2021,RIO DE JANEIRO,33111707,CE CANDEIA,2,12.0,2021,Rio de Janeiro,33111707,CE CANDEIA,Estadual,100.0,0.0,0.0
2021,RIO DE JANEIRO,33136424,CE PROFESSORA VILMA ATANAZIO,2,985.0,2021,Rio de Janeiro,33136424,CE PROFESSORA VILMA ATANAZIO,Estadual,92.0,8.0,0.0
2021,RIO DE JANEIRO,33136432,CE PROFESSORA VANIA DO AMARAL MATIAS EDDE,2,1028.0,2021,Rio de Janeiro,33136432,CE PROFESSORA VANIA DO AMARAL MATIAS EDDE,Estadual,91.1,8.3,0.6
2021,RIO DE JANEIRO,33136459,CE PROFESSORA ALBA CANIZARES DO NASCIMENTO,2,336.0,2021,Rio de Janeiro,33136459,CE PROFESSORA ALBA CANIZARES DO NASCIMENTO,Estadual,82.0,0.0,18.0
2021,RIO DE JANEIRO,33136475,CE MONSENHOR MIGUEL DE SANTA MARIA MOCHON,2,317.0,2021,Rio de Janeiro,33136475,CE MONSENHOR MIGUEL DE SANTA MARIA MOCHON,Estadual,96.4,1.9,1.7
2021,RIO DE JANEIRO,33136483,CE GANDHI,2,205.0,2021,Rio de Janeiro,33136483,CE GANDHI,Estadual,98.1,1.4,0.5
2021,RIO DE JANEIRO,33136505,CE PROFESSORA JEANNETTE DE SOUZA COELHO MANNARINO,2,2316.0,2021,Rio de Janeiro,33136505,CE PROFESSORA JEANNETTE DE SOUZA COELHO MANNARINO,Estadual,97.4,2.0,0.6
2021,RIO DE JANEIRO,33136513,CE ROSARIA TROTTA,2,266.0,2021,Rio de Janeiro,33136513,CE ROSARIA TROTTA,Estadual,92.6,7.4,0.0
2021,RIO DE JANEIRO,33136696,CE LIBERDADE,2,418.0,2021,Rio de Janeiro,33136696,CE LIBERDADE,Estadual,100.0,0.0,0.0
2021,RIO DE JANEIRO,33125333,CE IRINEU JOSE FERREIRA,2,1182.0,2021,Rio de Janeiro,33125333,CE IRINEU JOSE FERREIRA,Estadual,98.0,2.0,0.0
2021,RIO DE JANEIRO,33125341,CE CORA CORALINA,2,227.0,2021,Rio de Janeiro,33125341,CE CORA CORALINA,Estadual,88.2,3.5,8.3
2021,RIO DE JANEIRO,33125627,CE MINISTRO MARCOS FREIRE,2,500.0,2021,Rio de Janeiro,33125627,CE MINISTRO MARCOS FREIRE,Estadual,100.0,0.0,0.0
2021,RIO DE JANEIRO,33125740,CE PAULO FREIRE,2,635.0,2021,Rio de Janeiro,33125740,CE PAULO FREIRE,Estadual,89.2,7.2,3.6
2021,RIO DE JANEIRO,33125805,CE TEOFILO MOREIRA DA COSTA,2,358.0,2021,Rio de Janeiro,33125805,CE TEOFILO MOREIRA DA COSTA,Estadual,93.2,0.0,6.8
2021,RIO DE JANEIRO,33126105,CE FINLANDIA,2,393.0,2021,Rio de Janeiro,33126105,CE FINLANDIA,Estadual,78.2,21.5,0.3
2021,RIO DE JANEIRO,33126160,CE OLGA BENARIO PRESTES,2,1831.0,2021,Rio de Janeiro,33126160,CE OLGA BENARIO PRESTES,Estadual,99.6,0.3,0.1
2021,RIO DE JANEIRO,33126216,CE PROFESSORA DIUMA MADEIRA SALLES DE SOUZA,2,524.0,2021,Rio de Janeiro,33126216,CE PROFESSORA DIUMA MADEIRA SALLES DE SOUZA,Estadual,98.9,0.4,0.7
2021,RIO DE JANEIRO,33149119,CE CARLOS ARNOLDO ABRUZZINI DA FONSECA,2,1440.0,2021,Rio de Janeiro,33149119,CE CARLOS ARNOLDO ABRUZZINI DA FONSECA,Estadual,89.0,8.5,2.5
2021,RIO DE JANEIRO,33157065,CE ERICH WALTER HEINE,2,573.0,2021,Rio de Janeiro,33157065,CE ERICH WALTER HEINE,Estadual,99.6,0.2,0.2
2021,RIO DE JANEIRO,33170150,CE HEBE CAMARGO,2,436.0,2021,Rio de Janeiro,33170150,CE HEBE CAMARGO,Estadual,97.2,2.6,0.2
2021,RIO DE JANEIRO,33173010,CE JORNALISTA MAURICIO AZEDO,2,270.0,2021,Rio de Janeiro,33173010,CE JORNALISTA MAURICIO AZEDO,Estadual,96.6,0.4,3.0
2021,RIO DE JANEIRO,33183724,CE ARTHUR ANTONIO SENDAS,2,93.0,2021,Rio de Janeiro,33183724,CE ARTHUR ANTONIO SENDAS,Estadual,100.0,0.0,0.0
2021,RIO DE JANEIRO,33271208,CE JOSE LEITE LOPES,2,413.0,2021,Rio de Janeiro,33271208,CE JOSE LEITE LOPES,Estadual,96.9,2.6,0.5
2021,RIO DE JANEIRO,33439222,CE COMPOSITOR LUIZ CARLOS DA VILA,2,662.0,2021,Rio de Janeiro,33439222,CE COMPOSITOR LUIZ CARLOS DA VILA,Estadual,92.4,1.7,5.9
2021,RIO DE JANEIRO,33508232,CE JORNALISTA ARTUR DA TAVOLA,2,412.0,2021,Rio de Janeiro,33508232,CE JORNALISTA ARTUR DA TAVOLA,Estadual,92.5,4.1,3.4
2021,RIO DE JANEIRO,33127395,CE MINISTRO OROZIMBO NONATO,2,113.0,2021,Rio de Janeiro,33127395,CE MINISTRO OROZIMBO NONATO,Estadual,59.3,23.9,16.8
2021,RIO DE JANEIRO,33127514,CE MARECHAL RONDON,2,328.0,2021,Rio de Janeiro,33127514,CE MARECHAL RONDON,Estadual,75.9,24.1,0.0
2021,RIO DE JANEIRO,33128235,CIEP 339 MARIO TAMBORINDEGUY,2,1044.0,2021,Rio de Janeiro,33128235,CIEP 339 MARIO TAMBORINDEGUY,Estadual,99.1,0.2,0.7
2021,RIO DE JANEIRO,33128618,CE CARLOS MAGNO NAZARETH CERQUEIRA,2,503.0,2021,Rio de Janeiro,33128618,CE CARLOS MAGNO NAZARETH CERQUEIRA,Estadual,89.1,6.5,4.4
2021,RIO DE JANEIRO,33132879,CE DOM HELDER CAMARA,2,1036.0,2021,Rio de Janeiro,33132879,CE DOM HELDER CAMARA,Estadual,93.2,3.5,3.3
2021,RIO DE JANEIRO,33132887,CE COMPOSITOR MANACEIA JOSE DE ANDRADE,2,953.0,2021,Rio de Janeiro,33132887,CE COMPOSITOR MANACEIA JOSE DE ANDRADE,Estadual,88.9,0.2,10.9
2021,RIO DE JANEIRO,33134049,CE PROFESSORA MARIA TEREZINHA DE CARVALHO MACHADO,2,1957.0,2021,Rio de Janeiro,33134049,CE PROFESSORA MARIA TEREZINHA DE CARVALHO MACHADO,Estadual,89.3,3.6,7.1
2021,RIO DE JANEIRO,33135193,CE PROFESSOR JOSE DE SOUZA MARQUES,2,968.0,2021,Rio de Janeiro,33135193,CE PROFESSOR JOSE DE SOUZA MARQUES,Estadual,95.5,0.7,3.8
2021,SÃO GONÇALO,33089043,CE ARMANDO GONCALVES,2,316.0,2021,São Gonçalo,33089043,CE ARMANDO GONCALVES,Estadual,83.1,16.9,0.0
2021,SÃO GONÇALO,33089051,CE DOUTOR ADINO XAVIER,2,1167.0,2021,São Gonçalo,33089051,CE DOUTOR ADINO XAVIER,Estadual,92.7,7.1,0.2
2021,SÃO GONÇALO,33089060,CE ISMAEL BRANCO,2,179.0,2021,São Gonçalo,33089060,CE ISMAEL BRANCO,Estadual,95.6,3.8,0.6
2021,SÃO GONÇALO,33089086,CE MINISTRO JOSE DE MOURA E SILVA,2,201.0,2021,São Gonçalo,33089086,CE MINISTRO JOSE DE MOURA E SILVA,Estadual,83.8,15.7,0.5
2021,SÃO GONÇALO,33089094,CE NILO PECANHA,2,845.0,2021,São Gonçalo,33089094,CE NILO PECANHA,Estadual,95.6,3.8,0.6
2021,SÃO GONÇALO,33089108,CE PANDIA CALOGERAS,2,1004.0,2021,São Gonçalo,33089108,CE PANDIA CALOGERAS,Estadual,96.3,2.6,1.1
2021,SÃO GONÇALO,33089124,CE PADRE MANUEL DA NOBREGA,2,226.0,2021,São Gonçalo,33089124,CE PADRE MANUEL DA NOBREGA,Estadual,96.4,3.6,0.0
2021,SÃO GONÇALO,33089388,CE FREDERICO AZEVEDO,2,388.0,2021,São Gonçalo,33089388,CE FREDERICO AZEVEDO,Estadual,85.7,14.3,0.0
2021,RIO DE JANEIRO,33138354,CE PROFESSOR OZEAS GOMES LARANGEIRAS,2,596.0,2021,Rio de Janeiro,33138354,CE PROFESSOR OZEAS GOMES LARANGEIRAS,Estadual,90.7,8.9,0.4
2021,RIO DE JANEIRO,33138648,CE STELLA MATUTINA,2,1095.0,2021,Rio de Janeiro,33138648,CE STELLA MATUTINA,Estadual,87.5,12.1,0.4
2021,RIO DE JANEIRO,33139156,CE PROFESSORA SONIA REGINA SCUDESE DESSIMONI PINTO,2,743.0,2021,Rio de Janeiro,33139156,CE PROFESSORA SONIA REGINA SCUDESE DESSIMONI PINTO,Estadual,82.3,10.3,7.4
2021,RIO DE JANEIRO,33140030,CE CONDE PEREIRA CARNEIRO,2,288.0,2021,Rio de Janeiro,33140030,CE CONDE PEREIRA CARNEIRO,Estadual,86.3,10.7,3.0
2021,RIO DE JANEIRO,33140049,CE OSWALDO TEIXEIRA,2,55.0,2021,Rio de Janeiro,33140049,CE OSWALDO TEIXEIRA,Estadual,100.0,0.0,0.0
2021,RIO DE JANEIRO,33140669,CE JORNALISTA TIM LOPES,2,980.0,2021,Rio de Janeiro,33140669,CE JORNALISTA TIM LOPES,Estadual,98.8,0.0,1.2
2021,RIO DE JANEIRO,33140715,CE ANTONIO HOUAISS,2,1550.0,2021,Rio de Janeiro,33140715,CE ANTONIO HOUAISS,Estadual,90.0,10.0,0.0
2021,RIO DE JANEIRO,33146950,CE PROFESSORA MARIA DE LOURDES DE OLIVEIRA LAVOR TIA LAVOR,2,1387.0,2021,Rio de Janeiro,33146950,CE PROFESSORA MARIA DE LOURDES DE OLIVEIRA LAVOR TIA LAVOR,Estadual,92.6,4.8,2.6
2021,SÃO GONÇALO,33090246,CE DORVAL FERREIRA DA CUNHA,2,292.0,2021,São Gonçalo,33090246,CE DORVAL FERREIRA DA CUNHA,Estadual,98.6,1.4,0.0
2021,SÃO GONÇALO,33090270,CE AMANDA VELASCO,2,339.0,2021,São Gonçalo,33090270,CE AMANDA VELASCO,Estadual,90.5,7.1,2.4
2021,SÃO GONÇALO,33090300,CE AUGUSTO CEZARIO DIAZ ANDRE,2,498.0,2021,São Gonçalo,33090300,CE AUGUSTO CEZARIO DIAZ ANDRE,Estadual,95.7,2.0,2.3
2021,SÃO GONÇALO,33090327,CE DESEMBARGADOR FERREIRA PINTO,2,247.0,2021,São Gonçalo,33090327,CE DESEMBARGADOR FERREIRA PINTO,Estadual,91.5,5.1,3.4
2021,SÃO GONÇALO,33090343,CE DOUTOR HUMBERTO SOEIRO DE CARVALHO,2,130.0,2021,São Gonçalo,33090343,CE DOUTOR HUMBERTO SOEIRO DE CARVALHO,Estadual,88.4,10.9,0.7
2021,SÃO GONÇALO,33090351,CE DOUTOR RODOLPHO SIQUEIRA,2,234.0,2021,São Gonçalo,33090351,CE DOUTOR RODOLPHO SIQUEIRA,Estadual,99.6,0.4,0.0
2021,SÃO GONÇALO,33090378,CE ELIZA MARIA DUTRA,2,227.0,2021,São Gonçalo,33090378,CE ELIZA MARIA DUTRA,Estadual,96.5,3.5,0.0
2021,SÃO GONÇALO,33090424,CE PROFESSORA ADELIA MARTINS,2,135.0,2021,São Gonçalo,33090424,CE PROFESSORA ADELIA MARTINS,Estadual,91.0,9.0,0.0
2021,RIO DE JANEIRO,33558230,CE DEPUTADO PEDRO FERNANDES,2,1369.0,2021,Rio de Janeiro,33558230,CE DEPUTADO PEDRO FERNANDES,Estadual,86.4,5.4,8.2
2021,SÃO GONÇALO,33051879,CE DOUTOR MOACYR MEIRELLES PADILHA,2,382.0,2021,São Gonçalo,33051879,CE DOUTOR MOACYR MEIRELLES PADILHA,Estadual,94.3,5.2,0.5
2021,SÃO GONÇALO,33088870,CIEP 430 CARLOS MARIGHELLA,2,104.0,2021,São Gonçalo,33088870,CIEP 430 CARLOS MARIGHELLA,Estadual,74.0,24.0,2.0
2021,SÃO GONÇALO,33088896,CIEP 306 DEPUTADO DAVID QUINDERE,2,180.0,2021,São Gonçalo,33088896,CIEP 306 DEPUTADO DAVID QUINDERE,Estadual,96.6,2.9,0.5
2021,SÃO GONÇALO,33088900,CIEP 249 PASTOR WALDEMAR ZARRO,2,259.0,2021,São Gonçalo,33088900,CIEP 249 PASTOR WALDEMAR ZARRO,Estadual,95.7,3.9,0.4
2021,SÃO GONÇALO,33088926,CIEP 240 PROFESSOR HAROLDO TEIXEIRA VALLADAO,2,79.0,2021,São Gonçalo,33088926,CIEP 240 PROFESSOR HAROLDO TEIXEIRA VALLADAO,Estadual,92.5,7.5,0.0
2021,SÃO GONÇALO,33088942,CIEP 248 PROFESSOR TULIO RODRIGUES PERLINGEIRO,2,156.0,2021,São Gonçalo,33088942,CIEP 248 PROFESSOR TULIO RODRIGUES PERLINGEIRO,Estadual,93.5,3.2,3.3
2021,SÃO GONÇALO,33088950,CIEP 052 PROFESSORA ROMANDA GOUVEIA GONCALVES,2,118.0,2021,São Gonçalo,33088950,CIEP 052 PROFESSORA ROMANDA GOUVEIA GONCALVES,Estadual,81.7,13.9,4.4
2021,SÃO GONÇALO,33090815,CE ALECRIM,2,146.0,2021,São Gonçalo,33090815,CE ALECRIM,Estadual,97.9,2.1,0.0
2021,SÃO GONÇALO,33090823,CE CORONEL SERRADO,2,164.0,2021,São Gonçalo,33090823,CE CORONEL SERRADO,Estadual,98.8,1.2,0.0
2021,SÃO GONÇALO,33090831,CE DOM ANTONIO DE ALMEIDA MORAES JUNIOR,2,183.0,2021,São Gonçalo,33090831,CE DOM ANTONIO DE ALMEIDA MORAES JUNIOR,Estadual,98.9,0.0,1.1
2021,SÃO GONÇALO,33090840,CE DOUTOR ARMANDO SA COUTO,2,118.0,2021,São Gonçalo,33090840,CE DOUTOR ARMANDO SA COUTO,Estadual,100.0,0.0,0.0
2021,SÃO GONÇALO,33090882,CE MAUA,2,159.0,2021,São Gonçalo,33090882,CE MAUA,Estadual,91.4,7.3,1.3
2021,SÃO GONÇALO,33090904,CE VILA GUARANI,2,107.0,2021,São Gonçalo,33090904,CE VILA GUARANI,Estadual,87.0,11.1,1.9
2021,SÃO GONÇALO,33091196,CE SANTOS DIAS,2,349.0,2021,São Gonçalo,33091196,CE SANTOS DIAS,Estadual,92.6,7.1,0.3
2021,SÃO GONÇALO,33091200,CE WALTER ORLANDINE,2,1164.0,2021,São Gonçalo,33091200,CE WALTER ORLANDINE,Estadual,96.8,3.0,0.2
2021,SÃO GONÇALO,33089396,CE LAURO CORREA,2,244.0,2021,São Gonçalo,33089396,CE LAURO CORREA,Estadual,89.5,6.7,3.8
2021,SÃO GONÇALO,33089426,CE MONSENHOR BARENCO COELHO,2,288.0,2021,São Gonçalo,33089426,CE MONSENHOR BARENCO COELHO,Estadual,91.0,9.0,0.0
2021,SÃO GONÇALO,33089469,CE PROFESSORA ANTONIETA PALMEIRA,2,320.0,2021,São Gonçalo,33089469,CE PROFESSORA ANTONIETA PALMEIRA,Estadual,87.3,12.7,0.0
2021,SÃO GONÇALO,33089841,IE CLELIA NANCI,2,1073.0,2021,São Gonçalo,33089841,IE CLELIA NANCI,Estadual,84.4,15.6,0.0
2021,SÃO GONÇALO,33090149,CIEP 122 ERMEZINDA DIONIZIO NECCO,2,309.0,2021,São Gonçalo,33090149,CIEP 122 ERMEZINDA DIONIZIO NECCO,Estadual,92.8,7.2,0.0
2021,SÃO GONÇALO,33090157,CIEP 126 ALMEDORINA AZEREDO,2,68.0,2021,São Gonçalo,33090157,CIEP 126 ALMEDORINA AZEREDO,Estadual,79.4,19.1,1.5
2021,SÃO GONÇALO,33090165,CIEP 440 MAJOR JOAQUIM DE AZEVEDO COUTINHO,2,48.0,2021,São Gonçalo,33090165,CIEP 440 MAJOR JOAQUIM DE AZEVEDO COUTINHO,Estadual,69.2,30.8,0.0
2021,SÃO GONÇALO,33090173,CIEP 410 PATRICIA GALVAO PAGU,2,231.0,2021,São Gonçalo,33090173,CIEP 410 PATRICIA GALVAO PAGU,Estadual,89.9,7.9,2.2
2021,SÃO GONÇALO,33096970,CIEP 309 ZUZU ANGEL,2,204.0,2021,São Gonçalo,33096970,CIEP 309 ZUZU ANGEL,Estadual,99.0,1.0,0.0
2021,SÃO GONÇALO,33096988,CIEP 412 DOUTOR ZERBINI,2,349.0,2021,São Gonçalo,33096988,CIEP 412 DOUTOR ZERBINI,Estadual,85.8,14.0,0.2
2021,SÃO GONÇALO,33103879,CIEP 413 ADAO PEREIRA NUNES BRASIL MEXICO,2,219.0,2021,São Gonçalo,33103879,CIEP 413 ADAO PEREIRA NUNES BRASIL MEXICO,Estadual,97.3,2.7,0.0
2021,SÃO GONÇALO,33103887,CIEP 408 SERGIO CARDOSO,2,58.0,2021,São Gonçalo,33103887,CIEP 408 SERGIO CARDOSO,Estadual,93.3,6.7,0.0
2021,SÃO GONÇALO,33103909,CIEP 238 DOUTOR ILTON FARIA DA COSTA,2,250.0,2021,São Gonçalo,33103909,CIEP 238 DOUTOR ILTON FARIA DA COSTA,Estadual,98.8,1.2,0.0
2021,SÃO GONÇALO,33103917,CIEP 423 MORA GUIMARAES,2,70.0,2021,São Gonçalo,33103917,CIEP 423 MORA GUIMARAES,Estadual,72.3,13.8,13.9
2021,SÃO GONÇALO,33103925,CIEP 421 DEPUTADA CRISTINA TAVARES,2,72.0,2021,São Gonçalo,33103925,CIEP 421 DEPUTADA CRISTINA TAVARES,Estadual,92.5,6.0,1.5
2021,SÃO GONÇALO,33103941,CIEP 422 NICANOR FERREIRA NUNES,2,32.0,2021,São Gonçalo,33103941,CIEP 422 NICANOR FERREIRA NUNES,Estadual,93.9,6.1,0.0
2021,SÃO GONÇALO,33090432,CE PROFESSORA DALILA DE OLIVEIRA COSTA,2,216.0,2021,São Gonçalo,33090432,CE PROFESSORA DALILA DE OLIVEIRA COSTA,Estadual,88.7,10.9,0.4
2021,SÃO GONÇALO,33090440,CE PROFESSOR FRANCISCO DE PAULA ACHILLES,2,78.0,2021,São Gonçalo,33090440,CE PROFESSOR FRANCISCO DE PAULA ACHILLES,Estadual,90.8,1.3,7.9
2021,SÃO GONÇALO,33090459,CE PROFESSORA ODYSSEA SILVEIRA DE SIQUEIRA,2,144.0,2021,São Gonçalo,33090459,CE PROFESSORA ODYSSEA SILVEIRA DE SIQUEIRA,Estadual,92.1,7.9,0.0
2021,SÃO GONÇALO,33090475,CE VITAL BRASIL,2,197.0,2021,São Gonçalo,33090475,CE VITAL BRASIL,Estadual,88.1,4.1,7.8
2021,SÃO GONÇALO,33090653,CIEP 121 PROFESSOR JOADELIO CODECO,2,213.0,2021,São Gonçalo,33090653,CIEP 121 PROFESSOR JOADELIO CODECO,Estadual,92.2,6.9,0.9
2021,SÃO GONÇALO,33090670,CIEP 050 PABLO NERUDA,2,361.0,2021,São Gonçalo,33090670,CIEP 050 PABLO NERUDA,Estadual,84.0,15.2,0.8
2021,SÃO GONÇALO,33090688,CIEP 239 PROFESSORA ELZA VIANNA FIALHO,2,288.0,2021,São Gonçalo,33090688,CIEP 239 PROFESSORA ELZA VIANNA FIALHO,Estadual,100.0,0.0,0.0
2021,SÃO GONÇALO,33090726,CE TRASILBO FILGUEIRAS,2,371.0,2021,São Gonçalo,33090726,CE TRASILBO FILGUEIRAS,Estadual,95.8,4.0,0.2
2021,RIO DE JANEIRO,33062277,CE CUBA,2,159.0,2021,Rio de Janeiro,33062277,CE CUBA,Estadual,98.8,0.0,1.2
2021,RIO DE JANEIRO,33062374,CE REVERENDO HUGH CLARENCE TUCKER,2,279.0,2021,Rio de Janeiro,33062374,CE REVERENDO HUGH CLARENCE TUCKER,Estadual,92.3,7.7,0.0
2021,RIO DE JANEIRO,33062668,CE JULIA KUBITSCHEK,2,680.0,2021,Rio de Janeiro,33062668,CE JULIA KUBITSCHEK,Estadual,94.5,4.0,1.5
2021,RIO DE JANEIRO,33062676,CE SOUZA AGUIAR,2,806.0,2021,Rio de Janeiro,33062676,CE SOUZA AGUIAR,Estadual,93.9,5.4,0.7
2021,RIO DE JANEIRO,33062919,CE PAULO DE FRONTIN,2,1652.0,2021,Rio de Janeiro,33062919,CE PAULO DE FRONTIN,Estadual,81.4,15.8,2.8
2021,RIO DE JANEIRO,33062927,CE TOMAS ANTONIO GONZAGA,2,107.0,2021,Rio de Janeiro,33062927,CE TOMAS ANTONIO GONZAGA,Estadual,93.1,1.0,5.9
2021,RIO DE JANEIRO,33063052,CE MEM DE SA,2,56.0,2021,Rio de Janeiro,33063052,CE MEM DE SA,Estadual,90.7,7.4,1.9
2021,RIO DE JANEIRO,33063389,CE CHICO ANYSIO,2,340.0,2021,Rio de Janeiro,33063389,CE CHICO ANYSIO,Estadual,100.0,0.0,0.0
2021,NITERÓI,33055742,CE MULLULO DA VEIGA,2,113.0,2021,Niterói,33055742,CE MULLULO DA VEIGA,Estadual,78.4,14.7,6.9
2021,NITERÓI,33055750,CE PAULO ASSIS RIBEIRO,2,629.0,2021,Niterói,33055750,CE PAULO ASSIS RIBEIRO,Estadual,89.8,0.6,9.6
2021,NITERÓI,33055769,CE RAUL VIDAL,2,609.0,2021,Niterói,33055769,CE RAUL VIDAL,Estadual,77.1,17.7,5.2
2021,NITERÓI,33055785,CE ZULEIKA RAPOSO VALLADARES,2,139.0,2021,Niterói,33055785,CE ZULEIKA RAPOSO VALLADARES,Estadual,87.6,9.5,2.9
2021,NITERÓI,33056358,CE CONSELHEIRO JOSINO,2,101.0,2021,Niterói,33056358,CE CONSELHEIRO JOSINO,Estadual,77.4,14.0,8.6
2021,SÃO GONÇALO,33103968,CIEP 439 LUIZ GONZAGA JUNIOR GONZAGUINHA,2,179.0,2021,São Gonçalo,33103968,CIEP 439 LUIZ GONZAGA JUNIOR GONZAGUINHA,Estadual,95.3,1.2,3.5
2021,SÃO GONÇALO,33104182,CIEP BRIZOLAO 409 PROFESSORA ALAIDE DE FIGUEREDO SANTOS,2,231.0,2021,São Gonçalo,33104182,CIEP BRIZOLAO 409 PROFESSORA ALAIDE DE FIGUEREDO SANTOS,Estadual,94.3,5.7,0.0
2021,SÃO GONÇALO,33114366,CE MARIO TAMBORINDEGUY,2,87.0,2021,São Gonçalo,33114366,CE MARIO TAMBORINDEGUY,Estadual,93.1,6.9,0.0
2021,NITERÓI,33057702,CE PROFESSORA ALCINA RODRIGUES DE LIMA,2,443.0,2021,Niterói,33057702,CE PROFESSORA ALCINA RODRIGUES DE LIMA,Estadual,81.3,8.5,10.2
2021,NITERÓI,33057508,LICEU NILO PECANHA,2,2257.0,2021,Niterói,33057508,LICEU NILO PECANHA,Estadual,86.9,11.1,2.0
2021,NITERÓI,33057117,IE PROFESSOR ISMAEL COUTINHO,2,319.0,2021,Niterói,33057117,IE PROFESSOR ISMAEL COUTINHO,Estadual,92.3,5.3,2.4
2021,NITERÓI,33057010,E T E HENRIQUE LAGE,2,671.0,2021,Niterói,33057010,E T E HENRIQUE LAGE,Estadual,79.8,13.7,6.5
2021,NITERÓI,33056560,CE PINTO LIMA,2,158.0,2021,Niterói,33056560,CE PINTO LIMA,Estadual,82.2,7.2,10.6
2021,NITERÓI,33056501,CE MARIA PEREIRA DAS NEVES,2,91.0,2021,Niterói,33056501,CE MARIA PEREIRA DAS NEVES,Estadual,82.0,10.1,7.9
2021,NITERÓI,33056498,CE MANUEL DE ABREU,2,546.0,2021,Niterói,33056498,CE MANUEL DE ABREU,Estadual,80.0,18.4,1.6
2021,NITERÓI,33056480,CE LEOPOLDO FROES,2,248.0,2021,Niterói,33056480,CE LEOPOLDO FROES,Estadual,75.6,10.9,13.5
2021,MARICÁ,33053952,CE DOMICIO DA GAMA,2,406.0,2021,Maricá,33053952,CE DOMICIO DA GAMA,Estadual,90.6,8.6,0.8
2021,MARICÁ,33053995,CE PROFESSORA CACILDA SILVA,2,178.0,2021,Maricá,33053995,CE PROFESSORA CACILDA SILVA,Estadual,87.6,11.8,0.6
2021,MARICÁ,33054215,CE EUCLYDES PAULO DA SILVA,2,427.0,2021,Maricá,33054215,CE EUCLYDES PAULO DA SILVA,Estadual,84.7,15.1,0.2
2022,SÃO GONÇALO,33103909,CIEP BRIZOLAO 238 DOUTOR ILTON FARIA DA COSTA,2,283.0,2022,São Gonçalo,33103909,CIEP BRIZOLAO 238 DOUTOR ILTON FARIA DA COSTA,Estadual,67.0,24.7,8.3
2022,SÃO GONÇALO,33103917,CIEP 423 MORA GUIMARAES,2,86.0,2022,São Gonçalo,33103917,CIEP 423 MORA GUIMARAES,Estadual,79.2,6.5,14.3
2022,SÃO GONÇALO,33103925,CIEP 421 DEPUTADA CRISTINA TAVARES,2,62.0,2022,São Gonçalo,33103925,CIEP 421 DEPUTADA CRISTINA TAVARES,Estadual,78.3,18.3,3.4
2022,SÃO GONÇALO,33103941,CIEP 422 NICANOR FERREIRA NUNES,2,30.0,2022,São Gonçalo,33103941,CIEP 422 NICANOR FERREIRA NUNES,Estadual,92.9,7.1,0.0
2022,SÃO GONÇALO,33103968,CIEP 439 LUIZ GONZAGA JUNIOR GONZAGUINHA,2,200.0,2022,São Gonçalo,33103968,CIEP 439 LUIZ GONZAGA JUNIOR GONZAGUINHA,Estadual,78.7,13.7,7.6
2022,SÃO GONÇALO,33104182,CIEP BRIZOLAO 409 PROFESSORA ALAIDE DE FIGUEREDO SANTOS,2,309.0,2022,São Gonçalo,33104182,CIEP BRIZOLAO 409 PROFESSORA ALAIDE DE FIGUEREDO SANTOS,Estadual,72.1,13.4,14.5
2022,SÃO GONÇALO,33114366,CE MARIO TAMBORINDEGUY,2,83.0,2022,São Gonçalo,33114366,CE MARIO TAMBORINDEGUY,Estadual,70.7,18.7,10.6
2022,SÃO GONÇALO,33507210,CE COMENDADOR VALENTIM DOS SANTOS DINIZ,2,293.0,2022,São Gonçalo,33507210,CE COMENDADOR VALENTIM DOS SANTOS DINIZ,Estadual,95.3,3.9,0.8
2022,SÃO GONÇALO,33518238,CIEP 513 GEORGE SAVALLA GOMES PALHACO CAREQUINHA,2,113.0,2022,São Gonçalo,33518238,CIEP 513 GEORGE SAVALLA GOMES PALHACO CAREQUINHA,Estadual,73.1,12.5,14.4
2022,SÃO GONÇALO,33090670,CIEP 050 PABLO NERUDA,2,356.0,2022,São Gonçalo,33090670,CIEP 050 PABLO NERUDA,Estadual,79.3,12.7,8.0
2022,SÃO GONÇALO,33090688,CIEP 239 PROFESSORA ELZA VIANNA FIALHO,2,310.0,2022,São Gonçalo,33090688,CIEP 239 PROFESSORA ELZA VIANNA FIALHO,Estadual,66.7,26.7,6.6
2022,SÃO GONÇALO,33090726,CE TRASILBO FILGUEIRAS,2,520.0,2022,São Gonçalo,33090726,CE TRASILBO FILGUEIRAS,Estadual,73.8,16.2,10.0
2022,SÃO GONÇALO,33090815,CE ALECRIM,2,117.0,2022,São Gonçalo,33090815,CE ALECRIM,Estadual,82.9,17.1,0.0
2022,MARICÁ,33053910,CE ELISIARIO MATTA,2,1062.0,2022,Maricá,33053910,CE ELISIARIO MATTA,Estadual,76.1,9.5,14.4
2022,MARICÁ,33053952,CE DOMICIO DA GAMA,2,419.0,2022,Maricá,33053952,CE DOMICIO DA GAMA,Estadual,89.2,8.9,1.9
2022,MARICÁ,33053995,CE PROFESSORA CACILDA SILVA,2,146.0,2022,Maricá,33053995,CE PROFESSORA CACILDA SILVA,Estadual,99.2,0.8,0.0
2022,MARICÁ,33054177,CE DOUTOR JOAO GOMES DE MATTOS SOBRINHO,2,630.0,2022,Maricá,33054177,CE DOUTOR JOAO GOMES DE MATTOS SOBRINHO,Estadual,74.5,14.8,10.7
2022,MARICÁ,33054185,CE CAIO FRANCISCO DE FIGUEIREDO,2,599.0,2022,Maricá,33054185,CE CAIO FRANCISCO DE FIGUEIREDO,Estadual,86.6,13.0,0.4
2022,MARICÁ,33054215,CE EUCLYDES PAULO DA SILVA,2,403.0,2022,Maricá,33054215,CE EUCLYDES PAULO DA SILVA,Estadual,77.1,17.7,5.2
2022,MARICÁ,33054339,CE FRANCISCO JOSE DO NASCIMENTO,2,384.0,2022,Maricá,33054339,CE FRANCISCO JOSE DO NASCIMENTO,Estadual,70.2,29.8,0.0
2022,MARICÁ,33096929,CIEP 391 PROFESSOR ROBSON MENDONCA LOU,2,318.0,2022,Maricá,33096929,CIEP 391 PROFESSOR ROBSON MENDONCA LOU,Estadual,58.0,11.5,30.5
2022,MARICÁ,33102414,CIEP 259 PROFESSORA MARIA DO AMPARO RANGEL DE SOUZA,2,1292.0,2022,Maricá,33102414,CIEP 259 PROFESSORA MARIA DO AMPARO RANGEL DE SOUZA,Estadual,78.1,11.7,10.2
2022,MARICÁ,33183562,CE PROFESSOR DARCY RIBEIRO,2,967.0,2022,Maricá,33183562,CE PROFESSOR DARCY RIBEIRO,Estadual,86.5,11.7,1.8
2022,NITERÓI,33055467,CIEP 251 DONA MARIA PORTUGAL,2,62.0,2022,Niterói,33055467,CIEP 251 DONA MARIA PORTUGAL,Estadual,66.7,19.7,13.6
2022,NITERÓI,33055661,CE DOUTOR LUCIANO PESTRE,2,114.0,2022,Niterói,33055661,CE DOUTOR LUCIANO PESTRE,Estadual,65.5,17.3,17.2
2022,NITERÓI,33055670,CE FERNANDO MAGALHAES,2,154.0,2022,Niterói,33055670,CE FERNANDO MAGALHAES,Estadual,67.3,28.8,3.9
2022,NITERÓI,33055696,CE GUILHERME BRIGGS,2,209.0,2022,Niterói,33055696,CE GUILHERME BRIGGS,Estadual,88.5,6.3,5.2
2022,NITERÓI,33055700,CE HILARIO RIBEIRO,2,319.0,2022,Niterói,33055700,CE HILARIO RIBEIRO,Estadual,74.8,6.9,18.3
2022,NITERÓI,33055726,CE JOAQUIM TAVORA,2,515.0,2022,Niterói,33055726,CE JOAQUIM TAVORA,Estadual,83.1,16.9,0.0
2022,NITERÓI,33055734,CE MACHADO DE ASSIS,2,300.0,2022,Niterói,33055734,CE MACHADO DE ASSIS,Estadual,83.3,16.7,0.0
2022,NITERÓI,33055742,CE MULLULO DA VEIGA,2,141.0,2022,Niterói,33055742,CE MULLULO DA VEIGA,Estadual,55.8,25.0,19.2
2022,NITERÓI,33055750,CE PAULO ASSIS RIBEIRO,2,606.0,2022,Niterói,33055750,CE PAULO ASSIS RIBEIRO,Estadual,63.0,23.1,13.9
2022,NITERÓI,33055769,CE RAUL VIDAL,2,584.0,2022,Niterói,33055769,CE RAUL VIDAL,Estadual,67.5,28.9,3.6
2022,NITERÓI,33055785,CE ZULEIKA RAPOSO VALLADARES,2,155.0,2022,Niterói,33055785,CE ZULEIKA RAPOSO VALLADARES,Estadual,85.2,10.1,4.7
2022,NITERÓI,33056358,CE CONSELHEIRO JOSINO,2,125.0,2022,Niterói,33056358,CE CONSELHEIRO JOSINO,Estadual,65.9,9.8,24.3
2022,NITERÓI,33056560,CE PINTO LIMA,2,178.0,2022,Niterói,33056560,CE PINTO LIMA,Estadual,82.7,12.8,4.5
2022,NITERÓI,33057010,E T E HENRIQUE LAGE,2,525.0,2022,Niterói,33057010,E T E HENRIQUE LAGE,Estadual,83.4,9.4,7.2
2022,NITERÓI,33057117,IE PROFESSOR ISMAEL COUTINHO,2,289.0,2022,Niterói,33057117,IE PROFESSOR ISMAEL COUTINHO,Estadual,79.7,13.8,6.5
2022,NITERÓI,33057508,LICEU NILO PECANHA,2,2084.0,2022,Niterói,33057508,LICEU NILO PECANHA,Estadual,78.1,21.9,0.0
2022,NITERÓI,33057702,CE PROFESSORA ALCINA RODRIGUES DE LIMA,2,354.0,2022,Niterói,33057702,CE PROFESSORA ALCINA RODRIGUES DE LIMA,Estadual,78.2,14.8,7.0
2022,NITERÓI,33057737,CE ALMIRANTE TAMANDARE,2,338.0,2022,Niterói,33057737,CE ALMIRANTE TAMANDARE,Estadual,75.1,24.6,0.3
2022,NITERÓI,33057745,CE DOUTOR SOUZA SOARES,2,32.0,2022,Niterói,33057745,CE DOUTOR SOUZA SOARES,Estadual,94.3,2.9,2.8
2022,NITERÓI,33096805,CIEP 449 GOVERNADOR LEONEL DE MOURA BRIZOLA BRASIL FRANCA,2,271.0,2022,Niterói,33096805,CIEP 449 GOVERNADOR LEONEL DE MOURA BRIZOLA BRASIL FRANCA,Estadual,81.9,18.1,0.0
2022,NITERÓI,33102503,CE DAVID CAPISTRANO,2,654.0,2022,Niterói,33102503,CE DAVID CAPISTRANO,Estadual,77.3,19.5,3.2
2022,NITERÓI,33102520,CIEP 307 DJANIRA,2,205.0,2022,Niterói,33102520,CIEP 307 DJANIRA,Estadual,85.4,8.3,6.3
2022,NITERÓI,33108579,CIEP 448 RUY FRAZAO SOARES,2,196.0,2022,Niterói,33108579,CIEP 448 RUY FRAZAO SOARES,Estadual,78.5,14.9,6.6
2022,NITERÓI,33055610,CE AURELINO LEAL,2,440.0,2022,Niterói,33055610,CE AURELINO LEAL,Estadual,69.6,22.0,8.4
2022,NITERÓI,33055629,CE BALTAZAR BERNARDINO,2,261.0,2022,Niterói,33055629,CE BALTAZAR BERNARDINO,Estadual,71.3,25.4,3.3
2022,NITERÓI,33055637,CE BRIGADEIRO CASTRIOTO,2,110.0,2022,Niterói,33055637,CE BRIGADEIRO CASTRIOTO,Estadual,96.0,4.0,0.0
2022,NITERÓI,33055645,CE CIZINIO SOARES PINTO,2,282.0,2022,Niterói,33055645,CE CIZINIO SOARES PINTO,Estadual,65.2,21.7,13.1
2022,NITERÓI,33055653,CE CONSELHEIRO MACEDO SOARES,2,477.0,2022,Niterói,33055653,CE CONSELHEIRO MACEDO SOARES,Estadual,75.8,18.7,5.5
2022,RIO DE JANEIRO,33062668,CE JULIA KUBITSCHEK,2,739.0,2022,Rio de Janeiro,33062668,CE JULIA KUBITSCHEK,Estadual,79.3,13.2,7.5
2022,RIO DE JANEIRO,33062676,CE SOUZA AGUIAR,2,836.0,2022,Rio de Janeiro,33062676,CE SOUZA AGUIAR,Estadual,61.0,26.6,12.4
2022,RIO DE JANEIRO,33062919,CE PAULO DE FRONTIN,2,1374.0,2022,Rio de Janeiro,33062919,CE PAULO DE FRONTIN,Estadual,60.4,26.0,13.6
2022,RIO DE JANEIRO,33062927,CE TOMAS ANTONIO GONZAGA,2,114.0,2022,Rio de Janeiro,33062927,CE TOMAS ANTONIO GONZAGA,Estadual,54.3,30.2,15.5
2022,RIO DE JANEIRO,33063052,CE MEM DE SA,2,69.0,2022,Rio de Janeiro,33063052,CE MEM DE SA,Estadual,72.2,9.7,18.1
2022,RIO DE JANEIRO,33063389,CE CHICO ANYSIO,2,313.0,2022,Rio de Janeiro,33063389,CE CHICO ANYSIO,Estadual,91.6,8.0,0.4
2022,RIO DE JANEIRO,33063397,CE AMARO CAVALCANTI,2,1694.0,2022,Rio de Janeiro,33063397,CE AMARO CAVALCANTI,Estadual,75.9,15.6,8.5
2022,RIO DE JANEIRO,33063877,CE DEODORO,2,70.0,2022,Rio de Janeiro,33063877,CE DEODORO,Estadual,66.2,13.2,20.6
2022,RIO DE JANEIRO,33063907,CE PROFESSOR JOAO BORGES DE MORAES,2,309.0,2022,Rio de Janeiro,33063907,CE PROFESSOR JOAO BORGES DE MORAES,Estadual,73.1,18.3,8.6
2022,RIO DE JANEIRO,33064644,CE INFANTE DOM HENRIQUE,2,991.0,2022,Rio de Janeiro,33064644,CE INFANTE DOM HENRIQUE,Estadual,89.5,10.4,0.1
2022,RIO DE JANEIRO,33064652,CE PEDRO ALVARES CABRAL,2,957.0,2022,Rio de Janeiro,33064652,CE PEDRO ALVARES CABRAL,Estadual,78.7,15.6,5.7
2022,NITERÓI,33056439,CE EMBAIXADOR RAUL FERNANDES,2,79.0,2022,Niterói,33056439,CE EMBAIXADOR RAUL FERNANDES,Estadual,67.2,23.9,8.9
2022,NITERÓI,33056471,CE JOSE BONIFACIO,2,117.0,2022,Niterói,33056471,CE JOSE BONIFACIO,Estadual,58.3,16.7,25.0
2022,NITERÓI,33056480,CE LEOPOLDO FROES,2,253.0,2022,Niterói,33056480,CE LEOPOLDO FROES,Estadual,64.0,27.6,8.4
2022,NITERÓI,33056498,CE MANUEL DE ABREU,2,583.0,2022,Niterói,33056498,CE MANUEL DE ABREU,Estadual,72.1,24.3,3.6
2022,NITERÓI,33056501,CE MARIA PEREIRA DAS NEVES,2,117.0,2022,Niterói,33056501,CE MARIA PEREIRA DAS NEVES,Estadual,71.7,11.3,17.0
2022,RIO DE JANEIRO,33066035,CE OLAVO BILAC,2,1388.0,2022,Rio de Janeiro,33066035,CE OLAVO BILAC,Estadual,74.1,18.2,7.7
2022,RIO DE JANEIRO,33066043,CE PROFESSOR ERNESTO FARIA,2,603.0,2022,Rio de Janeiro,33066043,CE PROFESSOR ERNESTO FARIA,Estadual,73.0,18.9,8.1
2022,RIO DE JANEIRO,33066140,CE GONCALVES DIAS,2,284.0,2022,Rio de Janeiro,33066140,CE GONCALVES DIAS,Estadual,52.5,42.0,5.5
2022,RIO DE JANEIRO,33066523,INSTITUTO DE APLICACAO FERNANDO RODRIGUES DA SILVEIRA CAP-UERJ,2,343.0,2022,Rio de Janeiro,33066523,INSTITUTO DE APLICACAO FERNANDO RODRIGUES DA SILVEIRA CAP-UERJ,Estadual,94.7,5.3,0.0
2022,RIO DE JANEIRO,33066590,CE ANTONIO PRADO JUNIOR,2,1599.0,2022,Rio de Janeiro,33066590,CE ANTONIO PRADO JUNIOR,Estadual,70.9,22.6,6.5
2022,RIO DE JANEIRO,33066612,CE PROFESSOR CLOVIS SALGADO,2,338.0,2022,Rio de Janeiro,33066612,CE PROFESSOR CLOVIS SALGADO,Estadual,59.3,21.2,19.5
2022,RIO DE JANEIRO,33066620,CE SOARES PEREIRA,2,77.0,2022,Rio de Janeiro,33066620,CE SOARES PEREIRA,Estadual,57.7,20.5,21.8
2022,RIO DE JANEIRO,33067228,ESCOLA TECNICA ESTADUAL FERREIRA VIANA,2,686.0,2022,Rio de Janeiro,33067228,ESCOLA TECNICA ESTADUAL FERREIRA VIANA,Estadual,73.6,16.8,9.6
2022,RIO DE JANEIRO,33067252,INSTITUTO SUPERIOR DE EDUCACAO DO RIO DE JANEIRO,2,429.0,2022,Rio de Janeiro,33067252,INSTITUTO SUPERIOR DE EDUCACAO DO RIO DE JANEIRO,Estadual,74.1,25.6,0.3
2022,RIO DE JANEIRO,33067783,CE FRANCISCO CAMPOS,2,136.0,2022,Rio de Janeiro,33067783,CE FRANCISCO CAMPOS,Estadual,43.6,32.9,23.5
2022,RIO DE JANEIRO,33067791,CE JOAO ALFREDO,2,1238.0,2022,Rio de Janeiro,33067791,CE JOAO ALFREDO,Estadual,62.1,26.8,11.1
2022,NITERÓI,33153795,COL DA POLICIA MILITAR DO EST DO RIO DE JANEIRO,2,102.0,2022,Niterói,33153795,COL DA POLICIA MILITAR DO EST DO RIO DE JANEIRO,Estadual,86.1,13.9,0.0
2022,NITERÓI,33172919,CE MATEMATICO JOAQUIM GOMES DE SOUSA INTERCULTURAL BRASILCHINA,2,252.0,2022,Niterói,33172919,CE MATEMATICO JOAQUIM GOMES DE SOUSA INTERCULTURAL BRASILCHINA,Estadual,88.4,11.2,0.4
2022,RIO DE JANEIRO,33062250,CE ALDEBARA,2,299.0,2022,Rio de Janeiro,33062250,CE ALDEBARA,Estadual,66.1,24.7,9.2
2022,RIO DE JANEIRO,33062277,CE CUBA,2,188.0,2022,Rio de Janeiro,33062277,CE CUBA,Estadual,48.4,12.2,39.4
2022,RIO DE JANEIRO,33062374,CE REVERENDO HUGH CLARENCE TUCKER,2,466.0,2022,Rio de Janeiro,33062374,CE REVERENDO HUGH CLARENCE TUCKER,Estadual,57.2,28.1,14.7
2022,RIO DE JANEIRO,33069921,CE GOMES FREIRE DE ANDRADE,2,1854.0,2022,Rio de Janeiro,33069921,CE GOMES FREIRE DE ANDRADE,Estadual,72.1,18.0,9.9
2022,RIO DE JANEIRO,33069930,CE HEITOR LIRA,2,987.0,2022,Rio de Janeiro,33069930,CE HEITOR LIRA,Estadual,80.9,19.1,0.0
2022,RIO DE JANEIRO,33069948,CE JOSE MARTI,2,242.0,2022,Rio de Janeiro,33069948,CE JOSE MARTI,Estadual,59.2,40.8,0.0
2022,RIO DE JANEIRO,33069956,CE REPUBLICA DE ANGOLA,2,201.0,2022,Rio de Janeiro,33069956,CE REPUBLICA DE ANGOLA,Estadual,62.9,28.7,8.4
2022,RIO DE JANEIRO,33069964,CE REPUBLICA DE GUINE BISSAU,2,234.0,2022,Rio de Janeiro,33069964,CE REPUBLICA DE GUINE BISSAU,Estadual,69.0,21.9,9.1
2022,RIO DE JANEIRO,33070148,CE BRANT HORTA,2,105.0,2022,Rio de Janeiro,33070148,CE BRANT HORTA,Estadual,60.8,18.6,20.6
2022,RIO DE JANEIRO,33070156,CE CHILE,2,336.0,2022,Rio de Janeiro,33070156,CE CHILE,Estadual,70.9,12.3,16.8
2022,RIO DE JANEIRO,33070164,CE CONDE DE AGROLONGO,2,91.0,2022,Rio de Janeiro,33070164,CE CONDE DE AGROLONGO,Estadual,69.3,22.7,8.0
2022,RIO DE JANEIRO,33070199,CE JOAO MARQUES DOS REIS,2,95.0,2022,Rio de Janeiro,33070199,CE JOAO MARQUES DOS REIS,Estadual,62.7,21.6,15.7
2022,RIO DE JANEIRO,33070326,CE TERESA CRISTINA,2,69.0,2022,Rio de Janeiro,33070326,CE TERESA CRISTINA,Estadual,76.9,10.8,12.3
2022,RIO DE JANEIRO,33070946,E T E JUSCELINO KUBITSCHEK,2,301.0,2022,Rio de Janeiro,33070946,E T E JUSCELINO KUBITSCHEK,Estadual,90.0,8.7,1.3
2022,RIO DE JANEIRO,33064792,CE CASTELNUOVO,2,115.0,2022,Rio de Janeiro,33064792,CE CASTELNUOVO,Estadual,38.1,16.2,45.7
2022,RIO DE JANEIRO,33065217,CE PROFESSOR ANTONIO MARIA TEIXEIRA FILHO,2,422.0,2022,Rio de Janeiro,33065217,CE PROFESSOR ANTONIO MARIA TEIXEIRA FILHO,Estadual,83.8,11.2,5.0
2022,RIO DE JANEIRO,33065276,CE ANDRE MAUROIS,2,1986.0,2022,Rio de Janeiro,33065276,CE ANDRE MAUROIS,Estadual,69.4,30.2,0.4
2022,RIO DE JANEIRO,33065284,CE IGNACIO AZEVEDO DO AMARAL,2,709.0,2022,Rio de Janeiro,33065284,CE IGNACIO AZEVEDO DO AMARAL,Estadual,80.8,13.8,5.4
2022,RIO DE JANEIRO,33066027,CE NILO PECANHA,2,99.0,2022,Rio de Janeiro,33066027,CE NILO PECANHA,Estadual,49.5,3.1,47.4
2022,RIO DE JANEIRO,33071586,CE MARANHAO,2,213.0,2022,Rio de Janeiro,33071586,CE MARANHAO,Estadual,83.1,15.1,1.8
2022,RIO DE JANEIRO,33071594,CE OLINTO DA GAMA BOTELHO,2,795.0,2022,Rio de Janeiro,33071594,CE OLINTO DA GAMA BOTELHO,Estadual,75.5,21.0,3.5
2022,RIO DE JANEIRO,33071969,CE VISCONDE DE CAIRU,2,1223.0,2022,Rio de Janeiro,33071969,CE VISCONDE DE CAIRU,Estadual,60.0,32.2,7.8
2022,RIO DE JANEIRO,33072078,CE BARAO DE MACAUBAS,2,231.0,2022,Rio de Janeiro,33072078,CE BARAO DE MACAUBAS,Estadual,61.8,15.0,23.2
2022,RIO DE JANEIRO,33072094,CE JOAO KOPKE,2,73.0,2022,Rio de Janeiro,33072094,CE JOAO KOPKE,Estadual,67.6,27.0,5.4
2022,RIO DE JANEIRO,33072183,CE JOSE EDUARDO DE MACEDO SOARES,2,179.0,2022,Rio de Janeiro,33072183,CE JOSE EDUARDO DE MACEDO SOARES,Estadual,63.6,23.9,12.5
2022,RIO DE JANEIRO,33072205,CE LAURO SODRE,2,84.0,2022,Rio de Janeiro,33072205,CE LAURO SODRE,Estadual,77.5,7.5,15.0
2022,RIO DE JANEIRO,33072248,CE HISPANO BRASILEIRO JOAO CABRAL DE MELO NETO,2,245.0,2022,Rio de Janeiro,33072248,CE HISPANO BRASILEIRO JOAO CABRAL DE MELO NETO,Estadual,98.3,1.3,0.4
2022,RIO DE JANEIRO,33072280,CE PERNAMBUCO,2,153.0,2022,Rio de Janeiro,33072280,CE PERNAMBUCO,Estadual,60.4,32.5,7.1
2022,RIO DE JANEIRO,33072337,CE SARMIENTO,2,64.0,2022,Rio de Janeiro,33072337,CE SARMIENTO,Estadual,60.3,39.7,0.0
2022,RIO DE JANEIRO,33072370,CE VIRGILIO DE MELO FRANCO,2,164.0,2022,Rio de Janeiro,33072370,CE VIRGILIO DE MELO FRANCO,Estadual,83.7,7.2,9.1
2022,RIO DE JANEIRO,33068011,CE AFONSO PENA,2,588.0,2022,Rio de Janeiro,33068011,CE AFONSO PENA,Estadual,81.5,9.0,9.5
2022,RIO DE JANEIRO,33068844,CE BAHIA,2,618.0,2022,Rio de Janeiro,33068844,CE BAHIA,Estadual,82.1,11.2,6.7
2022,RIO DE JANEIRO,33068852,CE PROFESSOR CLOVIS MONTEIRO,2,1300.0,2022,Rio de Janeiro,33068852,CE PROFESSOR CLOVIS MONTEIRO,Estadual,51.0,27.2,21.8
2022,RIO DE JANEIRO,33069026,CE RUY BARBOSA,2,301.0,2022,Rio de Janeiro,33069026,CE RUY BARBOSA,Estadual,59.9,35.0,5.1
2022,RIO DE JANEIRO,33069034,CE TENENTE GENERAL NAPION,2,457.0,2022,Rio de Janeiro,33069034,CE TENENTE GENERAL NAPION,Estadual,66.3,20.5,13.2
2022,RIO DE JANEIRO,33074160,CE ADLAI STEVENSON,2,86.0,2022,Rio de Janeiro,33074160,CE ADLAI STEVENSON,Estadual,67.4,3.4,29.2
2022,RIO DE JANEIRO,33074232,CE OLIMPIA DO COUTO,2,391.0,2022,Rio de Janeiro,33074232,CE OLIMPIA DO COUTO,Estadual,86.1,4.9,9.0
2022,RIO DE JANEIRO,33074267,CE RODRIGO OTAVIO FILHO,2,1062.0,2022,Rio de Janeiro,33074267,CE RODRIGO OTAVIO FILHO,Estadual,73.3,13.7,13.0
2022,RIO DE JANEIRO,33074798,CE AMAPA,2,101.0,2022,Rio de Janeiro,33074798,CE AMAPA,Estadual,74.2,15.5,10.3
2022,RIO DE JANEIRO,33075034,ESCOLA TECNICA ESTADUAL OSCAR TENORIO,2,428.0,2022,Rio de Janeiro,33075034,ESCOLA TECNICA ESTADUAL OSCAR TENORIO,Estadual,86.0,8.2,5.8
2022,RIO DE JANEIRO,33075166,IE CARMELA DUTRA,2,1063.0,2022,Rio de Janeiro,33075166,IE CARMELA DUTRA,Estadual,78.6,9.6,11.8
2022,RIO DE JANEIRO,33075174,CE CHARLES CHAPLIN,2,151.0,2022,Rio de Janeiro,33075174,CE CHARLES CHAPLIN,Estadual,41.8,34.0,24.2
2022,RIO DE JANEIRO,33075182,CE CIDADE DE LISBOA,2,146.0,2022,Rio de Janeiro,33075182,CE CIDADE DE LISBOA,Estadual,65.0,15.4,19.6
2022,RIO DE JANEIRO,33075190,CE LUIZ DE CAMOES,2,251.0,2022,Rio de Janeiro,33075190,CE LUIZ DE CAMOES,Estadual,66.7,24.9,8.4
2022,RIO DE JANEIRO,33075204,CE MARQUES REBELO,2,146.0,2022,Rio de Janeiro,33075204,CE MARQUES REBELO,Estadual,81.4,0.7,17.9
2022,RIO DE JANEIRO,33075212,CE PROFESSOR JOSE ACCIOLI,2,495.0,2022,Rio de Janeiro,33075212,CE PROFESSOR JOSE ACCIOLI,Estadual,87.4,12.0,0.6
2022,RIO DE JANEIRO,33071535,CE AGRIPINO GRIECO,2,265.0,2022,Rio de Janeiro,33071535,CE AGRIPINO GRIECO,Estadual,67.7,22.6,9.7
2022,RIO DE JANEIRO,33071543,CE BOLIVAR,2,74.0,2022,Rio de Janeiro,33071543,CE BOLIVAR,Estadual,75.3,9.6,15.1
2022,RIO DE JANEIRO,33071551,CE CENTRAL DO BRASIL,2,1276.0,2022,Rio de Janeiro,33071551,CE CENTRAL DO BRASIL,Estadual,82.9,17.1,0.0
2022,RIO DE JANEIRO,33071560,CE DELFIM MOREIRA,2,335.0,2022,Rio de Janeiro,33071560,CE DELFIM MOREIRA,Estadual,65.6,17.3,17.1
2022,RIO DE JANEIRO,33071578,CE FRANCISCO JOBIM,2,57.0,2022,Rio de Janeiro,33071578,CE FRANCISCO JOBIM,Estadual,70.0,14.0,16.0
2022,RIO DE JANEIRO,33075832,CE PARANA,2,146.0,2022,Rio de Janeiro,33075832,CE PARANA,Estadual,68.8,18.2,13.0
2022,RIO DE JANEIRO,33075867,CE SANTOS DUMONT,2,196.0,2022,Rio de Janeiro,33075867,CE SANTOS DUMONT,Estadual,60.8,21.1,18.1
2022,RIO DE JANEIRO,33075883,CE VIRIATO CORREA,2,178.0,2022,Rio de Janeiro,33075883,CE VIRIATO CORREA,Estadual,60.9,20.1,19.0
2022,RIO DE JANEIRO,33075891,CE WALDEMIRO POTSCH,2,175.0,2022,Rio de Janeiro,33075891,CE WALDEMIRO POTSCH,Estadual,62.0,19.9,18.1
2022,RIO DE JANEIRO,33076480,E T E REPUBLICA,2,1179.0,2022,Rio de Janeiro,33076480,E T E REPUBLICA,Estadual,65.4,32.4,2.2
2022,RIO DE JANEIRO,33076502,ESCOLA TECNICA ESTADUAL VISCONDE DE MAUA,2,391.0,2022,Rio de Janeiro,33076502,ESCOLA TECNICA ESTADUAL VISCONDE DE MAUA,Estadual,69.8,20.7,9.5
2022,RIO DE JANEIRO,33077088,CE ADALGISA MONTEIRO,2,418.0,2022,Rio de Janeiro,33077088,CE ADALGISA MONTEIRO,Estadual,86.1,5.0,8.9
2022,RIO DE JANEIRO,33077100,CE BRIGADEIRO SCHORCHT,2,1521.0,2022,Rio de Janeiro,33077100,CE BRIGADEIRO SCHORCHT,Estadual,83.5,9.5,7.0
2022,RIO DE JANEIRO,33077118,CE CARLOS LACERDA,2,334.0,2022,Rio de Janeiro,33077118,CE CARLOS LACERDA,Estadual,88.6,10.0,1.4
2022,RIO DE JANEIRO,33077126,CE EDUARDO MONDLANE,2,533.0,2022,Rio de Janeiro,33077126,CE EDUARDO MONDLANE,Estadual,76.7,14.8,8.5
2022,RIO DE JANEIRO,33077134,CE ENGENHEIRO BERNARDO SAYAO,2,249.0,2022,Rio de Janeiro,33077134,CE ENGENHEIRO BERNARDO SAYAO,Estadual,78.2,14.5,7.3
2022,RIO DE JANEIRO,33073368,CE PASTOR MIRANDA PINTO,2,80.0,2022,Rio de Janeiro,33073368,CE PASTOR MIRANDA PINTO,Estadual,70.3,8.1,21.6
2022,RIO DE JANEIRO,33074038,CE ITALIA,2,305.0,2022,Rio de Janeiro,33074038,CE ITALIA,Estadual,60.7,30.5,8.8
2022,RIO DE JANEIRO,33074046,CE JOSUE DE CASTRO,2,293.0,2022,Rio de Janeiro,33074046,CE JOSUE DE CASTRO,Estadual,66.2,22.2,11.6
2022,RIO DE JANEIRO,33074054,CE NUNO ALVARES PEREIRA,2,114.0,2022,Rio de Janeiro,33074054,CE NUNO ALVARES PEREIRA,Estadual,61.6,21.4,17.0
2022,RIO DE JANEIRO,33074151,CE MATO GROSSO,2,1928.0,2022,Rio de Janeiro,33074151,CE MATO GROSSO,Estadual,89.6,9.7,0.7
2022,RIO DE JANEIRO,33077371,CE ALINA DE BRITO,2,509.0,2022,Rio de Janeiro,33077371,CE ALINA DE BRITO,Estadual,68.5,6.8,24.7
2022,RIO DE JANEIRO,33077452,CE EMBAIXADOR DIAS CARNEIRO,2,268.0,2022,Rio de Janeiro,33077452,CE EMBAIXADOR DIAS CARNEIRO,Estadual,95.2,4.0,0.8
2022,RIO DE JANEIRO,33077525,CE MARECHAL CANROBERT PEREIRA DA COSTA,2,85.0,2022,Rio de Janeiro,33077525,CE MARECHAL CANROBERT PEREIRA DA COSTA,Estadual,62.7,18.1,19.2
2022,RIO DE JANEIRO,33077568,CE ROSA DO POVO,2,389.0,2022,Rio de Janeiro,33077568,CE ROSA DO POVO,Estadual,67.0,17.3,15.7
2022,RIO DE JANEIRO,33077576,CE VICTOR HUGO,2,232.0,2022,Rio de Janeiro,33077576,CE VICTOR HUGO,Estadual,72.2,20.8,7.0
2022,RIO DE JANEIRO,33079323,CE STUART EDGAR ANGEL JONES,2,1392.0,2022,Rio de Janeiro,33079323,CE STUART EDGAR ANGEL JONES,Estadual,57.0,29.7,13.3
2022,RIO DE JANEIRO,33079331,CE AGOSTINHO NETO,2,257.0,2022,Rio de Janeiro,33079331,CE AGOSTINHO NETO,Estadual,70.0,17.2,12.8
2022,RIO DE JANEIRO,33079340,CE BANGU,2,1671.0,2022,Rio de Janeiro,33079340,CE BANGU,Estadual,59.2,29.3,11.5
2022,RIO DE JANEIRO,33079358,CE COLLECCHIO,2,1574.0,2022,Rio de Janeiro,33079358,CE COLLECCHIO,Estadual,65.4,17.9,16.7
2022,RIO DE JANEIRO,33079366,CE JORGE ZARUR,2,601.0,2022,Rio de Janeiro,33079366,CE JORGE ZARUR,Estadual,87.3,12.7,0.0
2022,RIO DE JANEIRO,33079374,CE LEOPOLDINA DA SILVEIRA,2,1569.0,2022,Rio de Janeiro,33079374,CE LEOPOLDINA DA SILVEIRA,Estadual,79.8,10.2,10.0
2022,RIO DE JANEIRO,33075220,CE PROFESSOR SOUSA DA SILVEIRA,2,137.0,2022,Rio de Janeiro,33075220,CE PROFESSOR SOUSA DA SILVEIRA,Estadual,74.3,8.3,17.4
2022,RIO DE JANEIRO,33075689,CE CARDEAL ARCOVERDE,2,164.0,2022,Rio de Janeiro,33075689,CE CARDEAL ARCOVERDE,Estadual,72.4,8.3,19.3
2022,RIO DE JANEIRO,33075719,CE CONDE AFONSO CELSO,2,184.0,2022,Rio de Janeiro,33075719,CE CONDE AFONSO CELSO,Estadual,72.5,11.9,15.6
2022,RIO DE JANEIRO,33075760,CE FRANCISCO PALHETA,2,145.0,2022,Rio de Janeiro,33075760,CE FRANCISCO PALHETA,Estadual,71.9,12.6,15.5
2022,RIO DE JANEIRO,33075816,CE OLEGARIO MARIANO,2,252.0,2022,Rio de Janeiro,33075816,CE OLEGARIO MARIANO,Estadual,74.7,10.0,15.3
2022,RIO DE JANEIRO,33079803,CE MARIETA CUNHA DA SILVA,2,587.0,2022,Rio de Janeiro,33079803,CE MARIETA CUNHA DA SILVA,Estadual,74.4,25.0,0.6
2022,RIO DE JANEIRO,33079811,CE MILTON CAMPOS,2,96.0,2022,Rio de Janeiro,33079811,CE MILTON CAMPOS,Estadual,87.7,6.2,6.1
2022,RIO DE JANEIRO,33079820,CE MOACYR PADILHA,2,233.0,2022,Rio de Janeiro,33079820,CE MOACYR PADILHA,Estadual,81.5,6.0,12.5
2022,RIO DE JANEIRO,33079900,CE RAMIZ GALVAO,2,187.0,2022,Rio de Janeiro,33079900,CE RAMIZ GALVAO,Estadual,75.0,10.9,14.1
2022,RIO DE JANEIRO,33079943,CE JOAO SALIM MIGUEL,2,650.0,2022,Rio de Janeiro,33079943,CE JOAO SALIM MIGUEL,Estadual,89.8,10.1,0.1
2022,RIO DE JANEIRO,33081743,CIE MIECIMO DA SILVA,2,488.0,2022,Rio de Janeiro,33081743,CIE MIECIMO DA SILVA,Estadual,95.9,4.1,0.0
2022,RIO DE JANEIRO,33082022,CE FRANCISCO CALDEIRA DE ALVARENGA,2,1188.0,2022,Rio de Janeiro,33082022,CE FRANCISCO CALDEIRA DE ALVARENGA,Estadual,77.5,2.5,20.0
2022,RIO DE JANEIRO,33082030,CE FREIRE ALLEMAO,2,84.0,2022,Rio de Janeiro,33082030,CE FREIRE ALLEMAO,Estadual,73.0,0.0,27.0
2022,RIO DE JANEIRO,33082049,CE PROFESSOR FERNANDO ANTONIO RAJA GABAGLIA,2,1516.0,2022,Rio de Janeiro,33082049,CE PROFESSOR FERNANDO ANTONIO RAJA GABAGLIA,Estadual,83.0,11.1,5.9
2022,RIO DE JANEIRO,33082146,CE DOUTOR ALBERT SABIN,2,1777.0,2022,Rio de Janeiro,33082146,CE DOUTOR ALBERT SABIN,Estadual,74.2,21.8,4.0
2022,RIO DE JANEIRO,33082227,CE ALMIRANTE FRONTIN,2,73.0,2022,Rio de Janeiro,33082227,CE ALMIRANTE FRONTIN,Estadual,67.5,15.0,17.5
2022,RIO DE JANEIRO,33077142,CE MAHATMA GANDHI,2,230.0,2022,Rio de Janeiro,33077142,CE MAHATMA GANDHI,Estadual,66.5,7.6,25.9
2022,RIO DE JANEIRO,33077150,CE CARDEAL DOM EUGENIO DE ARAUJO SALES,2,446.0,2022,Rio de Janeiro,33077150,CE CARDEAL DOM EUGENIO DE ARAUJO SALES,Estadual,62.1,22.0,15.9
2022,RIO DE JANEIRO,33077169,CE EUNICE WEAVER,2,325.0,2022,Rio de Janeiro,33077169,CE EUNICE WEAVER,Estadual,79.4,8.4,12.2
2022,RIO DE JANEIRO,33077177,CE PRESIDENTE JOAO GOULART,2,312.0,2022,Rio de Janeiro,33077177,CE PRESIDENTE JOAO GOULART,Estadual,68.0,14.9,17.1
2022,RIO DE JANEIRO,33077185,CE SENADOR TEOTONIO VILELA,2,215.0,2022,Rio de Janeiro,33077185,CE SENADOR TEOTONIO VILELA,Estadual,59.5,15.5,25.0
2022,RIO DE JANEIRO,33082375,CE RAINHA VITORIA,2,111.0,2022,Rio de Janeiro,33082375,CE RAINHA VITORIA,Estadual,56.5,18.5,25.0
2022,RIO DE JANEIRO,33082430,CE PROFESSOR VIEIRA FAZENDA,2,190.0,2022,Rio de Janeiro,33082430,CE PROFESSOR VIEIRA FAZENDA,Estadual,75.4,12.3,12.3
2022,RIO DE JANEIRO,33083592,IE SARAH KUBITSCHEK,2,2697.0,2022,Rio de Janeiro,33083592,IE SARAH KUBITSCHEK,Estadual,82.8,13.6,3.6
2022,RIO DE JANEIRO,33084238,CE BARAO DO RIO BRANCO,2,1973.0,2022,Rio de Janeiro,33084238,CE BARAO DO RIO BRANCO,Estadual,77.6,15.9,6.5
2022,RIO DE JANEIRO,33084459,CE PESTALOZZI,2,509.0,2022,Rio de Janeiro,33084459,CE PESTALOZZI,Estadual,71.0,22.2,6.8
2022,RIO DE JANEIRO,33085463,CE ANITA GARIBALDI,2,342.0,2022,Rio de Janeiro,33085463,CE ANITA GARIBALDI,Estadual,78.7,9.2,12.1
2022,RIO DE JANEIRO,33085480,CE LEONEL AZEVEDO,2,199.0,2022,Rio de Janeiro,33085480,CE LEONEL AZEVEDO,Estadual,48.6,47.2,4.2
2022,RIO DE JANEIRO,33085498,CE PREFEITO MENDES DE MORAES,2,2062.0,2022,Rio de Janeiro,33085498,CE PREFEITO MENDES DE MORAES,Estadual,65.7,27.2,7.1
2022,RIO DE JANEIRO,33085765,CE DUNSHEE DE ABRANCHES,2,262.0,2022,Rio de Janeiro,33085765,CE DUNSHEE DE ABRANCHES,Estadual,62.0,11.7,26.3
2022,RIO DE JANEIRO,33085838,CE ROTARY,2,56.0,2022,Rio de Janeiro,33085838,CE ROTARY,Estadual,53.4,17.2,29.4
2022,RIO DE JANEIRO,33086427,CE AUGUSTO RUSCHI,2,40.0,2022,Rio de Janeiro,33086427,CE AUGUSTO RUSCHI,Estadual,89.5,5.3,5.2
2022,RIO DE JANEIRO,33079382,CE NICARAGUA,2,279.0,2022,Rio de Janeiro,33079382,CE NICARAGUA,Estadual,65.7,15.5,18.8
2022,RIO DE JANEIRO,33079390,CE PROFESSOR DALTRO SANTOS,2,372.0,2022,Rio de Janeiro,33079390,CE PROFESSOR DALTRO SANTOS,Estadual,63.5,27.5,9.0
2022,RIO DE JANEIRO,33079404,CE REPUBLICA DE MOCAMBIQUE,2,162.0,2022,Rio de Janeiro,33079404,CE REPUBLICA DE MOCAMBIQUE,Estadual,64.1,15.0,20.9
2022,RIO DE JANEIRO,33079706,CE DALVA DE OLIVEIRA,2,265.0,2022,Rio de Janeiro,33079706,CE DALVA DE OLIVEIRA,Estadual,67.9,2.7,29.4
2022,RIO DE JANEIRO,33079714,CE ENGENHEIRO JOAO THOME,2,241.0,2022,Rio de Janeiro,33079714,CE ENGENHEIRO JOAO THOME,Estadual,76.6,22.1,1.3
2022,RIO DE JANEIRO,33086605,CE PROFESSOR MANUEL MAURICIO DE ALBUQUERQUE,2,558.0,2022,Rio de Janeiro,33086605,CE PROFESSOR MANUEL MAURICIO DE ALBUQUERQUE,Estadual,70.1,22.0,7.9
2022,RIO DE JANEIRO,33086613,CE PROFESSORA ELIANE MARTINS DANTAS BRASIL ALEMANHA,2,207.0,2022,Rio de Janeiro,33086613,CE PROFESSORA ELIANE MARTINS DANTAS BRASIL ALEMANHA,Estadual,87.6,11.4,1.0
2022,RIO DE JANEIRO,33086729,CE BELGICA,2,363.0,2022,Rio de Janeiro,33086729,CE BELGICA,Estadual,64.1,15.8,20.1
2022,RIO DE JANEIRO,33086737,CE COELHO NETO,2,183.0,2022,Rio de Janeiro,33086737,CE COELHO NETO,Estadual,70.8,11.8,17.4
2022,RIO DE JANEIRO,33086796,CE PARAIBA,2,105.0,2022,Rio de Janeiro,33086796,CE PARAIBA,Estadual,57.9,18.4,23.7
2022,RIO DE JANEIRO,33087644,CE VICENTE JANNUZZI,2,2441.0,2022,Rio de Janeiro,33087644,CE VICENTE JANNUZZI,Estadual,90.3,6.3,3.4
2022,RIO DE JANEIRO,33087725,CE GILSON AMADO,2,487.0,2022,Rio de Janeiro,33087725,CE GILSON AMADO,Estadual,65.7,13.9,20.4
2022,RIO DE JANEIRO,33087733,CE GOLDA MEIR,2,175.0,2022,Rio de Janeiro,33087733,CE GOLDA MEIR,Estadual,56.6,16.9,26.5
2022,RIO DE JANEIRO,33087750,CE ALMIRANTE TAMANDARE,2,192.0,2022,Rio de Janeiro,33087750,CE ALMIRANTE TAMANDARE,Estadual,61.5,13.8,24.7
2022,RIO DE JANEIRO,33088152,CE JORNALISTA RODOLFO FERNANDES,2,1169.0,2022,Rio de Janeiro,33088152,CE JORNALISTA RODOLFO FERNANDES,Estadual,61.2,7.0,31.8
2022,RIO DE JANEIRO,33088179,CE MAX FLEIUSS,2,126.0,2022,Rio de Janeiro,33088179,CE MAX FLEIUSS,Estadual,70.9,3.7,25.4
2022,RIO DE JANEIRO,33082235,CE AMAZONAS,2,635.0,2022,Rio de Janeiro,33082235,CE AMAZONAS,Estadual,80.8,14.8,4.4
2022,RIO DE JANEIRO,33082286,CE GEORGE WASHINGTON,2,93.0,2022,Rio de Janeiro,33082286,CE GEORGE WASHINGTON,Estadual,89.5,3.8,6.7
2022,RIO DE JANEIRO,33082316,CE JOAO PROENCA,2,352.0,2022,Rio de Janeiro,33082316,CE JOAO PROENCA,Estadual,54.6,23.4,22.0
2022,RIO DE JANEIRO,33082332,CE PRESIDENTE ANTONIO CARLOS,2,256.0,2022,Rio de Janeiro,33082332,CE PRESIDENTE ANTONIO CARLOS,Estadual,66.4,27.0,6.6
2022,RIO DE JANEIRO,33082359,CE PROFESSORA JUREMA PECANHA GIRAUD,2,265.0,2022,Rio de Janeiro,33082359,CE PROFESSORA JUREMA PECANHA GIRAUD,Estadual,45.1,52.7,2.2
2022,RIO DE JANEIRO,33100659,CAIC NACOES UNIDAS,2,759.0,2022,Rio de Janeiro,33100659,CAIC NACOES UNIDAS,Estadual,63.8,28.3,7.9
2022,RIO DE JANEIRO,33102210,CIEP 241 NACAO MANGUEIRENSE GOVERNADOR LEONEL DE MOURA BRIZOLA,2,1163.0,2022,Rio de Janeiro,33102210,CIEP 241 NACAO MANGUEIRENSE GOVERNADOR LEONEL DE MOURA BRIZOLA,Estadual,63.4,36.6,0.0
2022,RIO DE JANEIRO,33104638,CIEP 195 ANIBAL MACHADO,2,73.0,2022,Rio de Janeiro,33104638,CIEP 195 ANIBAL MACHADO,Estadual,78.3,21.7,0.0
2022,RIO DE JANEIRO,33105065,CAIC EUCLYDES DA CUNHA,2,2309.0,2022,Rio de Janeiro,33105065,CAIC EUCLYDES DA CUNHA,Estadual,81.8,9.5,8.7
2022,RIO DE JANEIRO,33105103,CIEP 303 AYRTON SENNA DA SILVA,2,1273.0,2022,Rio de Janeiro,33105103,CIEP 303 AYRTON SENNA DA SILVA,Estadual,55.5,17.8,26.7
2022,RIO DE JANEIRO,33105219,CIEP 379 RAUL SEIXAS,2,467.0,2022,Rio de Janeiro,33105219,CIEP 379 RAUL SEIXAS,Estadual,84.9,7.8,7.3
2022,RIO DE JANEIRO,33105294,CIEP 311 DEPUTADO BOCAYUVA CUNHA,2,1796.0,2022,Rio de Janeiro,33105294,CIEP 311 DEPUTADO BOCAYUVA CUNHA,Estadual,68.5,17.2,14.3
2022,RIO DE JANEIRO,33106550,CIEP 223 OLYMPIO MARQUES DOS SANTOS,2,1038.0,2022,Rio de Janeiro,33106550,CIEP 223 OLYMPIO MARQUES DOS SANTOS,Estadual,62.9,25.5,11.6
2022,RIO DE JANEIRO,33106584,CIEP 336 OCTAVIO MALTA,2,1567.0,2022,Rio de Janeiro,33106584,CIEP 336 OCTAVIO MALTA,Estadual,68.1,13.3,18.6
2022,RIO DE JANEIRO,33106592,CIEP 435 HELIO PELLEGRINO,2,1118.0,2022,Rio de Janeiro,33106592,CIEP 435 HELIO PELLEGRINO,Estadual,77.5,15.4,7.1
2022,RIO DE JANEIRO,33106606,CIEP 224 TARSO DE CASTRO,2,855.0,2022,Rio de Janeiro,33106606,CIEP 224 TARSO DE CASTRO,Estadual,60.3,18.7,21.0
2022,RIO DE JANEIRO,33086540,CE ACARI,2,79.0,2022,Rio de Janeiro,33086540,CE ACARI,Estadual,65.1,10.5,24.4
2022,RIO DE JANEIRO,33086567,CE GRACILIANO RAMOS,2,64.0,2022,Rio de Janeiro,33086567,CE GRACILIANO RAMOS,Estadual,73.4,3.1,23.5
2022,RIO DE JANEIRO,33086575,CE GUADALUPE,2,79.0,2022,Rio de Janeiro,33086575,CE GUADALUPE,Estadual,58.8,7.5,33.7
2022,RIO DE JANEIRO,33086583,CE MARECHAL JOAO BAPTISTA DE MATTOS,2,1820.0,2022,Rio de Janeiro,33086583,CE MARECHAL JOAO BAPTISTA DE MATTOS,Estadual,61.2,31.5,7.3
2022,RIO DE JANEIRO,33086591,CE PROFESSOR JOEL DE OLIVEIRA,2,681.0,2022,Rio de Janeiro,33086591,CE PROFESSOR JOEL DE OLIVEIRA,Estadual,68.8,31.2,0.0
2022,RIO DE JANEIRO,33106673,CIEP 392 MARIO DE ANDRADE,2,1433.0,2022,Rio de Janeiro,33106673,CIEP 392 MARIO DE ANDRADE,Estadual,68.3,25.1,6.6
2022,RIO DE JANEIRO,33106681,CIEP 305 HEITOR DOS PRAZERES,2,2202.0,2022,Rio de Janeiro,33106681,CIEP 305 HEITOR DOS PRAZERES,Estadual,72.7,16.4,10.9
2022,RIO DE JANEIRO,33106690,CIEP 225 MARIO QUINTANA,2,1883.0,2022,Rio de Janeiro,33106690,CIEP 225 MARIO QUINTANA,Estadual,73.1,25.0,1.9
2022,RIO DE JANEIRO,33106703,CIEP 244 OSWALDO ARANHA,2,705.0,2022,Rio de Janeiro,33106703,CIEP 244 OSWALDO ARANHA,Estadual,75.0,22.8,2.2
2022,RIO DE JANEIRO,33106711,CIEP 362 ROBERTO BURLE MARX,2,1184.0,2022,Rio de Janeiro,33106711,CIEP 362 ROBERTO BURLE MARX,Estadual,61.5,23.6,14.9
2022,RIO DE JANEIRO,33106720,CIEP 313 RUBEM BRAGA,2,962.0,2022,Rio de Janeiro,33106720,CIEP 313 RUBEM BRAGA,Estadual,81.4,13.0,5.6
2022,RIO DE JANEIRO,33106738,CIEP 433 TOGO RENAN SOARES KANELA,2,1726.0,2022,Rio de Janeiro,33106738,CIEP 433 TOGO RENAN SOARES KANELA,Estadual,66.2,32.1,1.7
2022,RIO DE JANEIRO,33106746,CIEP 165 BRIGADEIRO SERGIO CARVALHO,2,1320.0,2022,Rio de Janeiro,33106746,CIEP 165 BRIGADEIRO SERGIO CARVALHO,Estadual,72.9,22.6,4.5
2022,RIO DE JANEIRO,33110476,CIEP 418 ANTONIO CARLOS BERNARDES MUSSUM,2,152.0,2022,Rio de Janeiro,33110476,CIEP 418 ANTONIO CARLOS BERNARDES MUSSUM,Estadual,77.8,13.3,8.9
2022,RIO DE JANEIRO,33110638,CIEP 205 FREI AGOSTINHO FINCIAS,2,496.0,2022,Rio de Janeiro,33110638,CIEP 205 FREI AGOSTINHO FINCIAS,Estadual,54.4,33.4,12.2
2022,RIO DE JANEIRO,33110646,CIEP 323 MARIA WERNECK DE CASTRO,2,608.0,2022,Rio de Janeiro,33110646,CIEP 323 MARIA WERNECK DE CASTRO,Estadual,72.9,8.0,19.1
2022,RIO DE JANEIRO,33088420,CE DEBORAH MENDES DE MORAES,2,735.0,2022,Rio de Janeiro,33088420,CE DEBORAH MENDES DE MORAES,Estadual,84.8,10.6,4.6
2022,RIO DE JANEIRO,33095078,CE BERNARDO DE VASCONCELOS,2,298.0,2022,Rio de Janeiro,33095078,CE BERNARDO DE VASCONCELOS,Estadual,77.2,4.3,18.5
2022,RIO DE JANEIRO,33096759,CIEP 173 RAINHA NZINGA DE ANGOLA,2,629.0,2022,Rio de Janeiro,33096759,CIEP 173 RAINHA NZINGA DE ANGOLA,Estadual,82.5,17.5,0.0
2022,RIO DE JANEIRO,33097038,CIEP 326 PROFESSOR CESAR PERNETTA,2,1078.0,2022,Rio de Janeiro,33097038,CIEP 326 PROFESSOR CESAR PERNETTA,Estadual,53.7,46.2,0.1
2022,RIO DE JANEIRO,33097283,CIEP 321 DOUTOR ULISSES GUIMARAES,2,2616.0,2022,Rio de Janeiro,33097283,CIEP 321 DOUTOR ULISSES GUIMARAES,Estadual,74.9,17.1,8.0
2022,RIO DE JANEIRO,33117977,ESCOLA TECNICA ESTADUAL SANTA CRUZ,2,687.0,2022,Rio de Janeiro,33117977,ESCOLA TECNICA ESTADUAL SANTA CRUZ,Estadual,95.4,3.3,1.3
2022,RIO DE JANEIRO,33120692,CAIC THEOPHILO DE SOUZA PINTO,2,892.0,2022,Rio de Janeiro,33120692,CAIC THEOPHILO DE SOUZA PINTO,Estadual,48.7,25.6,25.7
2022,RIO DE JANEIRO,33124620,CE PADRE CARLOS LEONCIO DA SILVA,2,30.0,2022,Rio de Janeiro,33124620,CE PADRE CARLOS LEONCIO DA SILVA,Estadual,100.0,0.0,0.0
2022,RIO DE JANEIRO,33124922,CE OLAVO JOSINO DE SALLES,2,412.0,2022,Rio de Janeiro,33124922,CE OLAVO JOSINO DE SALLES,Estadual,62.2,32.6,5.2
2022,RIO DE JANEIRO,33125304,CE MISSIONARIO MARIO WAY,2,1570.0,2022,Rio de Janeiro,33125304,CE MISSIONARIO MARIO WAY,Estadual,82.2,13.7,4.1
2022,RIO DE JANEIRO,33125317,CE PROFESSORA LUIZA MARINHO,2,1359.0,2022,Rio de Janeiro,33125317,CE PROFESSORA LUIZA MARINHO,Estadual,77.5,13.3,9.2
2022,RIO DE JANEIRO,33125333,CE IRINEU JOSE FERREIRA,2,1180.0,2022,Rio de Janeiro,33125333,CE IRINEU JOSE FERREIRA,Estadual,87.9,12.1,0.0
2022,RIO DE JANEIRO,33125341,CE CORA CORALINA,2,255.0,2022,Rio de Janeiro,33125341,CE CORA CORALINA,Estadual,64.0,18.9,17.1
2022,RIO DE JANEIRO,33125627,CE MINISTRO MARCOS FREIRE,2,508.0,2022,Rio de Janeiro,33125627,CE MINISTRO MARCOS FREIRE,Estadual,49.1,34.2,16.7
2022,RIO DE JANEIRO,33125740,CE PAULO FREIRE,2,631.0,2022,Rio de Janeiro,33125740,CE PAULO FREIRE,Estadual,78.8,14.6,6.6
2022,RIO DE JANEIRO,33125805,CE TEOFILO MOREIRA DA COSTA,2,355.0,2022,Rio de Janeiro,33125805,CE TEOFILO MOREIRA DA COSTA,Estadual,86.4,7.4,6.2
2022,RIO DE JANEIRO,33106614,CIEP 386 GUILHERME DA SILVEIRA FILHO,2,1834.0,2022,Rio de Janeiro,33106614,CIEP 386 GUILHERME DA SILVEIRA FILHO,Estadual,77.3,15.0,7.7
2022,RIO DE JANEIRO,33106630,CIEP 382 ASPIRANTE FRANCISCO MEGA,2,1673.0,2022,Rio de Janeiro,33106630,CIEP 382 ASPIRANTE FRANCISCO MEGA,Estadual,63.5,29.3,7.2
2022,RIO DE JANEIRO,33106649,CIEP 312 RAUL RYFF,2,742.0,2022,Rio de Janeiro,33106649,CIEP 312 RAUL RYFF,Estadual,84.0,12.7,3.3
2022,RIO DE JANEIRO,33106657,CIEP 183 JOAO VITTA,2,1503.0,2022,Rio de Janeiro,33106657,CIEP 183 JOAO VITTA,Estadual,67.2,32.0,0.8
2022,RIO DE JANEIRO,33106665,CIEP 432 ALBERTO CAVALCANTI,2,538.0,2022,Rio de Janeiro,33106665,CIEP 432 ALBERTO CAVALCANTI,Estadual,78.8,11.4,9.8
2022,RIO DE JANEIRO,33126259,CE ROSA LUXEMBURGO,2,123.0,2022,Rio de Janeiro,33126259,CE ROSA LUXEMBURGO,Estadual,66.9,15.7,17.4
2022,RIO DE JANEIRO,33126267,CE PROFESSOR HORACIO MACEDO,2,229.0,2022,Rio de Janeiro,33126267,CE PROFESSOR HORACIO MACEDO,Estadual,86.1,13.5,0.4
2022,RIO DE JANEIRO,33126747,CE MADRE TERESA DE CALCUTA,2,1350.0,2022,Rio de Janeiro,33126747,CE MADRE TERESA DE CALCUTA,Estadual,81.1,18.9,0.0
2022,RIO DE JANEIRO,33126755,CE MONTEIRO DE CARVALHO,2,283.0,2022,Rio de Janeiro,33126755,CE MONTEIRO DE CARVALHO,Estadual,64.4,18.6,17.0
2022,RIO DE JANEIRO,33126852,CE PROFESSORA MARIA NAZARETH CAVALCANTI SILVA,2,1176.0,2022,Rio de Janeiro,33126852,CE PROFESSORA MARIA NAZARETH CAVALCANTI SILVA,Estadual,73.5,18.3,8.2
2022,RIO DE JANEIRO,33126941,CE CHIQUINHA GONZAGA,2,236.0,2022,Rio de Janeiro,33126941,CE CHIQUINHA GONZAGA,Estadual,76.8,9.4,13.8
2022,RIO DE JANEIRO,33127395,CE MINISTRO OROZIMBO NONATO,2,103.0,2022,Rio de Janeiro,33127395,CE MINISTRO OROZIMBO NONATO,Estadual,58.2,10.2,31.6
2022,RIO DE JANEIRO,33127514,CE MARECHAL RONDON,2,329.0,2022,Rio de Janeiro,33127514,CE MARECHAL RONDON,Estadual,67.8,15.2,17.0
2022,RIO DE JANEIRO,33128235,CIEP 339 MARIO TAMBORINDEGUY,2,1408.0,2022,Rio de Janeiro,33128235,CIEP 339 MARIO TAMBORINDEGUY,Estadual,69.0,13.0,18.0
2022,RIO DE JANEIRO,33128618,CE CARLOS MAGNO NAZARETH CERQUEIRA,2,561.0,2022,Rio de Janeiro,33128618,CE CARLOS MAGNO NAZARETH CERQUEIRA,Estadual,73.0,18.6,8.4
2022,RIO DE JANEIRO,33132879,CE DOM HELDER CAMARA,2,1134.0,2022,Rio de Janeiro,33132879,CE DOM HELDER CAMARA,Estadual,79.3,17.9,2.8
2022,RIO DE JANEIRO,33110654,CIEP 092 FEDERICO FELLINI,2,718.0,2022,Rio de Janeiro,33110654,CIEP 092 FEDERICO FELLINI,Estadual,62.7,10.0,27.3
2022,RIO DE JANEIRO,33111626,CE LUIZA MAHIN,2,8.0,2022,Rio de Janeiro,33111626,CE LUIZA MAHIN,Estadual,75.0,25.0,0.0
2022,RIO DE JANEIRO,33111707,CE CANDEIA,2,9.0,2022,Rio de Janeiro,33111707,CE CANDEIA,Estadual,50.0,50.0,0.0
2022,RIO DE JANEIRO,33117950,CE PROFESSOR AUGUSTO MOTTA,2,132.0,2022,Rio de Janeiro,33117950,CE PROFESSOR AUGUSTO MOTTA,Estadual,57.6,7.6,34.8
2022,RIO DE JANEIRO,33117969,ESCOLA TECNICA ESTADUAL ADOLPHO BLOCH,2,463.0,2022,Rio de Janeiro,33117969,ESCOLA TECNICA ESTADUAL ADOLPHO BLOCH,Estadual,87.4,7.1,5.5
2022,RIO DE JANEIRO,33136459,CE PROFESSORA ALBA CANIZARES DO NASCIMENTO,2,259.0,2022,Rio de Janeiro,33136459,CE PROFESSORA ALBA CANIZARES DO NASCIMENTO,Estadual,66.7,2.2,31.1
2022,RIO DE JANEIRO,33136475,CE MONSENHOR MIGUEL DE SANTA MARIA MOCHON,2,291.0,2022,Rio de Janeiro,33136475,CE MONSENHOR MIGUEL DE SANTA MARIA MOCHON,Estadual,88.8,8.3,2.9
2022,RIO DE JANEIRO,33136483,CE GANDHI,2,222.0,2022,Rio de Janeiro,33136483,CE GANDHI,Estadual,86.2,8.4,5.4
2022,RIO DE JANEIRO,33136505,CE PROFESSORA JEANNETTE DE SOUZA COELHO MANNARINO,2,2472.0,2022,Rio de Janeiro,33136505,CE PROFESSORA JEANNETTE DE SOUZA COELHO MANNARINO,Estadual,86.8,11.1,2.1
2022,RIO DE JANEIRO,33136513,CE ROSARIA TROTTA,2,203.0,2022,Rio de Janeiro,33136513,CE ROSARIA TROTTA,Estadual,64.8,33.2,2.0
2022,RIO DE JANEIRO,33136696,CE LIBERDADE,2,458.0,2022,Rio de Janeiro,33136696,CE LIBERDADE,Estadual,79.7,8.5,11.8
2022,RIO DE JANEIRO,33138354,CE PROFESSOR OZEAS GOMES LARANGEIRAS,2,638.0,2022,Rio de Janeiro,33138354,CE PROFESSOR OZEAS GOMES LARANGEIRAS,Estadual,81.8,6.5,11.7
2022,RIO DE JANEIRO,33138648,CE STELLA MATUTINA,2,1085.0,2022,Rio de Janeiro,33138648,CE STELLA MATUTINA,Estadual,80.8,14.3,4.9
2022,RIO DE JANEIRO,33139156,CE PROFESSORA SONIA REGINA SCUDESE DESSIMONI PINTO,2,626.0,2022,Rio de Janeiro,33139156,CE PROFESSORA SONIA REGINA SCUDESE DESSIMONI PINTO,Estadual,75.0,20.9,4.1
2022,RIO DE JANEIRO,33140030,CE CONDE PEREIRA CARNEIRO,2,289.0,2022,Rio de Janeiro,33140030,CE CONDE PEREIRA CARNEIRO,Estadual,66.8,12.7,20.5
2022,RIO DE JANEIRO,33140049,CE OSWALDO TEIXEIRA,2,101.0,2022,Rio de Janeiro,33140049,CE OSWALDO TEIXEIRA,Estadual,85.3,4.9,9.8
2022,RIO DE JANEIRO,33126105,CE FINLANDIA,2,465.0,2022,Rio de Janeiro,33126105,CE FINLANDIA,Estadual,72.6,5.4,22.0
2022,RIO DE JANEIRO,33126160,CE OLGA BENARIO PRESTES,2,2188.0,2022,Rio de Janeiro,33126160,CE OLGA BENARIO PRESTES,Estadual,80.9,12.1,7.0
2022,RIO DE JANEIRO,33126216,CE PROFESSORA DIUMA MADEIRA SALLES DE SOUZA,2,600.0,2022,Rio de Janeiro,33126216,CE PROFESSORA DIUMA MADEIRA SALLES DE SOUZA,Estadual,64.2,33.8,2.0
2022,RIO DE JANEIRO,33126224,CE HERBERT DE SOUZA,2,463.0,2022,Rio de Janeiro,33126224,CE HERBERT DE SOUZA,Estadual,87.3,3.6,9.1
2022,RIO DE JANEIRO,33126232,CE COMPOSITOR LUIZ GONZAGA,2,255.0,2022,Rio de Janeiro,33126232,CE COMPOSITOR LUIZ GONZAGA,Estadual,68.4,13.0,18.6
2022,RIO DE JANEIRO,33170150,CE HEBE CAMARGO,2,414.0,2022,Rio de Janeiro,33170150,CE HEBE CAMARGO,Estadual,93.0,6.7,0.3
2022,RIO DE JANEIRO,33173010,CE JORNALISTA MAURICIO AZEDO,2,246.0,2022,Rio de Janeiro,33173010,CE JORNALISTA MAURICIO AZEDO,Estadual,90.0,6.1,3.9
2022,RIO DE JANEIRO,33183724,CE ARTHUR ANTONIO SENDAS,2,92.0,2022,Rio de Janeiro,33183724,CE ARTHUR ANTONIO SENDAS,Estadual,74.2,20.4,5.4
2022,RIO DE JANEIRO,33271208,CE JOSE LEITE LOPES,2,392.0,2022,Rio de Janeiro,33271208,CE JOSE LEITE LOPES,Estadual,90.5,9.5,0.0
2022,RIO DE JANEIRO,33439222,CE COMPOSITOR LUIZ CARLOS DA VILA,2,698.0,2022,Rio de Janeiro,33439222,CE COMPOSITOR LUIZ CARLOS DA VILA,Estadual,49.5,31.4,19.1
2022,RIO DE JANEIRO,33508232,CE JORNALISTA ARTUR DA TAVOLA,2,393.0,2022,Rio de Janeiro,33508232,CE JORNALISTA ARTUR DA TAVOLA,Estadual,81.6,14.6,3.8
2022,RIO DE JANEIRO,33558230,CE DEPUTADO PEDRO FERNANDES,2,1444.0,2022,Rio de Janeiro,33558230,CE DEPUTADO PEDRO FERNANDES,Estadual,64.4,20.2,15.4
2022,SÃO GONÇALO,33051879,CE DOUTOR MOACYR MEIRELLES PADILHA,2,372.0,2022,São Gonçalo,33051879,CE DOUTOR MOACYR MEIRELLES PADILHA,Estadual,62.6,33.4,4.0
2022,SÃO GONÇALO,33088870,CIEP 430 CARLOS MARIGHELLA,2,97.0,2022,São Gonçalo,33088870,CIEP 430 CARLOS MARIGHELLA,Estadual,71.1,16.5,12.4
2022,SÃO GONÇALO,33088896,CIEP 306 DEPUTADO DAVID QUINDERE,2,191.0,2022,São Gonçalo,33088896,CIEP 306 DEPUTADO DAVID QUINDERE,Estadual,76.7,22.1,1.2
2022,SÃO GONÇALO,33088900,CIEP 249 PASTOR WALDEMAR ZARRO,2,326.0,2022,São Gonçalo,33088900,CIEP 249 PASTOR WALDEMAR ZARRO,Estadual,69.4,26.6,4.0
2022,RIO DE JANEIRO,33132887,CE COMPOSITOR MANACEIA JOSE DE ANDRADE,2,794.0,2022,Rio de Janeiro,33132887,CE COMPOSITOR MANACEIA JOSE DE ANDRADE,Estadual,62.4,28.0,9.6
2022,RIO DE JANEIRO,33134049,CE PROFESSORA MARIA TEREZINHA DE CARVALHO MACHADO,2,2054.0,2022,Rio de Janeiro,33134049,CE PROFESSORA MARIA TEREZINHA DE CARVALHO MACHADO,Estadual,87.3,9.0,3.7
2022,RIO DE JANEIRO,33135193,CE PROFESSOR JOSE DE SOUZA MARQUES,2,861.0,2022,Rio de Janeiro,33135193,CE PROFESSOR JOSE DE SOUZA MARQUES,Estadual,76.3,21.3,2.4
2022,RIO DE JANEIRO,33136424,CE PROFESSORA VILMA ATANAZIO,2,961.0,2022,Rio de Janeiro,33136424,CE PROFESSORA VILMA ATANAZIO,Estadual,83.2,15.5,1.3
2022,RIO DE JANEIRO,33136432,CE PROFESSORA VANIA DO AMARAL MATIAS EDDE,2,1102.0,2022,Rio de Janeiro,33136432,CE PROFESSORA VANIA DO AMARAL MATIAS EDDE,Estadual,86.7,7.6,5.7
2022,SÃO GONÇALO,33089060,CE ISMAEL BRANCO,2,256.0,2022,São Gonçalo,33089060,CE ISMAEL BRANCO,Estadual,61.3,27.0,11.7
2022,SÃO GONÇALO,33089086,CE MINISTRO JOSE DE MOURA E SILVA,2,203.0,2022,São Gonçalo,33089086,CE MINISTRO JOSE DE MOURA E SILVA,Estadual,87.1,10.3,2.6
2022,SÃO GONÇALO,33089094,CE NILO PECANHA,2,923.0,2022,São Gonçalo,33089094,CE NILO PECANHA,Estadual,80.7,17.8,1.5
2022,SÃO GONÇALO,33089108,CE PANDIA CALOGERAS,2,1049.0,2022,São Gonçalo,33089108,CE PANDIA CALOGERAS,Estadual,85.2,12.0,2.8
2022,SÃO GONÇALO,33089124,CE PADRE MANUEL DA NOBREGA,2,234.0,2022,São Gonçalo,33089124,CE PADRE MANUEL DA NOBREGA,Estadual,87.4,9.0,3.6
2022,SÃO GONÇALO,33089388,CE FREDERICO AZEVEDO,2,357.0,2022,São Gonçalo,33089388,CE FREDERICO AZEVEDO,Estadual,68.6,25.4,6.0
2022,SÃO GONÇALO,33089396,CE LAURO CORREA,2,260.0,2022,São Gonçalo,33089396,CE LAURO CORREA,Estadual,78.1,21.9,0.0
2022,SÃO GONÇALO,33089426,CE MONSENHOR BARENCO COELHO,2,311.0,2022,São Gonçalo,33089426,CE MONSENHOR BARENCO COELHO,Estadual,63.8,26.2,10.0
2022,SÃO GONÇALO,33089469,CE PROFESSORA ANTONIETA PALMEIRA,2,344.0,2022,São Gonçalo,33089469,CE PROFESSORA ANTONIETA PALMEIRA,Estadual,86.2,12.9,0.9
2022,SÃO GONÇALO,33089841,IE CLELIA NANCI,2,1051.0,2022,São Gonçalo,33089841,IE CLELIA NANCI,Estadual,87.2,12.8,0.0
2022,SÃO GONÇALO,33090149,CIEP 122 ERMEZINDA DIONISIO NECCO,2,361.0,2022,São Gonçalo,33090149,CIEP 122 ERMEZINDA DIONISIO NECCO,Estadual,69.2,30.8,0.0
2022,RIO DE JANEIRO,33140669,CE JORNALISTA TIM LOPES,2,1417.0,2022,Rio de Janeiro,33140669,CE JORNALISTA TIM LOPES,Estadual,78.5,17.5,4.0
2022,RIO DE JANEIRO,33140715,CE ANTONIO HOUAISS,2,1255.0,2022,Rio de Janeiro,33140715,CE ANTONIO HOUAISS,Estadual,77.0,22.4,0.6
2022,RIO DE JANEIRO,33146950,CE PROFESSORA MARIA DE LOURDES DE OLIVEIRA LAVOR TIA LAVOR,2,1531.0,2022,Rio de Janeiro,33146950,CE PROFESSORA MARIA DE LOURDES DE OLIVEIRA LAVOR TIA LAVOR,Estadual,68.2,23.3,8.5
2022,RIO DE JANEIRO,33149119,CE CARLOS ARNOLDO ABRUZZINI DA FONSECA,2,1596.0,2022,Rio de Janeiro,33149119,CE CARLOS ARNOLDO ABRUZZINI DA FONSECA,Estadual,81.4,7.4,11.2
2022,RIO DE JANEIRO,33157065,CE ERICH WALTER HEINE,2,563.0,2022,Rio de Janeiro,33157065,CE ERICH WALTER HEINE,Estadual,96.7,3.1,0.2
2022,SÃO GONÇALO,33090300,CE AUGUSTO CEZARIO DIAZ ANDRE,2,499.0,2022,São Gonçalo,33090300,CE AUGUSTO CEZARIO DIAZ ANDRE,Estadual,85.0,9.4,5.6
2022,SÃO GONÇALO,33090327,CE DESEMBARGADOR FERREIRA PINTO,2,225.0,2022,São Gonçalo,33090327,CE DESEMBARGADOR FERREIRA PINTO,Estadual,75.6,15.8,8.6
2022,SÃO GONÇALO,33090343,CE DOUTOR HUMBERTO SOEIRO DE CARVALHO,2,137.0,2022,São Gonçalo,33090343,CE DOUTOR HUMBERTO SOEIRO DE CARVALHO,Estadual,90.2,9.8,0.0
2022,SÃO GONÇALO,33090351,CE DOUTOR RODOLPHO SIQUEIRA,2,238.0,2022,São Gonçalo,33090351,CE DOUTOR RODOLPHO SIQUEIRA,Estadual,85.7,11.7,2.6
2022,SÃO GONÇALO,33090378,CE ELIZA MARIA DUTRA,2,260.0,2022,São Gonçalo,33090378,CE ELIZA MARIA DUTRA,Estadual,83.3,10.4,6.3
2022,SÃO GONÇALO,33090424,CE PROFESSORA ADELIA MARTINS,2,143.0,2022,São Gonçalo,33090424,CE PROFESSORA ADELIA MARTINS,Estadual,76.6,14.9,8.5
2022,SÃO GONÇALO,33090432,CE PROFESSORA DALILA DE OLIVEIRA COSTA,2,219.0,2022,São Gonçalo,33090432,CE PROFESSORA DALILA DE OLIVEIRA COSTA,Estadual,79.6,5.4,15.0
2022,SÃO GONÇALO,33090440,CE PROFESSOR FRANCISCO DE PAULA ACHILLES,2,75.0,2022,São Gonçalo,33090440,CE PROFESSOR FRANCISCO DE PAULA ACHILLES,Estadual,90.3,5.6,4.1
2022,SÃO GONÇALO,33090459,CE PROFESSORA ODYSSEA SILVEIRA DE SIQUEIRA,2,130.0,2022,São Gonçalo,33090459,CE PROFESSORA ODYSSEA SILVEIRA DE SIQUEIRA,Estadual,90.7,9.3,0.0
2022,SÃO GONÇALO,33090475,CE VITAL BRASIL,2,210.0,2022,São Gonçalo,33090475,CE VITAL BRASIL,Estadual,78.9,17.1,4.0
2022,SÃO GONÇALO,33090653,CIEP 121 PROFESSOR JOADELIO CODECO,2,242.0,2022,São Gonçalo,33090653,CIEP 121 PROFESSOR JOADELIO CODECO,Estadual,79.3,12.5,8.2
2022,SÃO GONÇALO,33088926,CIEP 240 PROFESSOR HAROLDO TEIXEIRA VALLADAO,2,86.0,2022,São Gonçalo,33088926,CIEP 240 PROFESSOR HAROLDO TEIXEIRA VALLADAO,Estadual,97.6,1.2,1.2
2022,SÃO GONÇALO,33088942,CIEP 248 PROFESSOR TULIO RODRIGUES PERLINGEIRO,2,172.0,2022,São Gonçalo,33088942,CIEP 248 PROFESSOR TULIO RODRIGUES PERLINGEIRO,Estadual,65.9,15.2,18.9
2022,SÃO GONÇALO,33088950,CIEP 052 PROFESSORA ROMANDA GOUVEIA GONCALVES,2,103.0,2022,São Gonçalo,33088950,CIEP 052 PROFESSORA ROMANDA GOUVEIA GONCALVES,Estadual,62.4,21.2,16.4
2022,SÃO GONÇALO,33089043,CE ARMANDO GONCALVES,2,337.0,2022,São Gonçalo,33089043,CE ARMANDO GONCALVES,Estadual,73.1,18.5,8.4
2022,SÃO GONÇALO,33089051,CE DOUTOR ADINO XAVIER,2,1232.0,2022,São Gonçalo,33089051,CE DOUTOR ADINO XAVIER,Estadual,84.5,10.3,5.2
2022,SÃO GONÇALO,33090882,CE MAUA,2,190.0,2022,São Gonçalo,33090882,CE MAUA,Estadual,84.2,14.7,1.1
2022,SÃO GONÇALO,33090904,CE VILA GUARANI,2,71.0,2022,São Gonçalo,33090904,CE VILA GUARANI,Estadual,80.3,14.1,5.6
2022,SÃO GONÇALO,33091196,CE SANTOS DIAS,2,402.0,2022,São Gonçalo,33091196,CE SANTOS DIAS,Estadual,85.5,14.5,0.0
2022,SÃO GONÇALO,33091200,CE WALTER ORLANDINE,2,1108.0,2022,São Gonçalo,33091200,CE WALTER ORLANDINE,Estadual,88.1,9.0,2.9
2022,SÃO GONÇALO,33091323,CE SUBTENENTE PM MARCO ANTONIO GRIPP,2,137.0,2022,São Gonçalo,33091323,CE SUBTENENTE PM MARCO ANTONIO GRIPP,Estadual,96.9,3.1,0.0
2022,SÃO GONÇALO,33091340,CE CAPITAO OSWALDO ORNELLAS,2,361.0,2022,São Gonçalo,33091340,CE CAPITAO OSWALDO ORNELLAS,Estadual,81.3,4.7,14.0
2022,SÃO GONÇALO,33091382,CE CORONEL FRANCISCO LIMA,2,206.0,2022,São Gonçalo,33091382,CE CORONEL FRANCISCO LIMA,Estadual,85.6,11.8,2.6
2022,SÃO GONÇALO,33091390,CE CORONEL JOAO TARCISIO BUENO,2,165.0,2022,São Gonçalo,33091390,CE CORONEL JOAO TARCISIO BUENO,Estadual,72.9,16.8,10.3
2022,SÃO GONÇALO,33091447,CE MELCHIADES PICANCO,2,246.0,2022,São Gonçalo,33091447,CE MELCHIADES PICANCO,Estadual,74.1,13.9,12.0
2022,SÃO GONÇALO,33090157,CIEP 126 ALMEDORINA AZEREDO,2,69.0,2022,São Gonçalo,33090157,CIEP 126 ALMEDORINA AZEREDO,Estadual,71.8,21.1,7.1
2022,SÃO GONÇALO,33090165,CIEP 440 MAJOR JOAQUIM DE AZEVEDO COUTINHO,2,57.0,2022,São Gonçalo,33090165,CIEP 440 MAJOR JOAQUIM DE AZEVEDO COUTINHO,Estadual,66.0,0.0,34.0
2022,SÃO GONÇALO,33090173,CIEP 410 PATRICIA GALVAO PAGU,2,237.0,2022,São Gonçalo,33090173,CIEP 410 PATRICIA GALVAO PAGU,Estadual,79.2,13.3,7.5
2022,SÃO GONÇALO,33090246,CE DORVAL FERREIRA DA CUNHA,2,304.0,2022,São Gonçalo,33090246,CE DORVAL FERREIRA DA CUNHA,Estadual,72.5,27.5,0.0
2022,SÃO GONÇALO,33090270,CE AMANDA VELASCO,2,367.0,2022,São Gonçalo,33090270,CE AMANDA VELASCO,Estadual,84.3,7.2,8.5
2022,SÃO GONÇALO,33091765,CE PAULINO PINHEIRO BAPTISTA,2,289.0,2022,São Gonçalo,33091765,CE PAULINO PINHEIRO BAPTISTA,Estadual,75.9,16.3,7.8
2022,SÃO GONÇALO,33091897,CE CORONEL PM MARCUS JARDIM,2,246.0,2022,São Gonçalo,33091897,CE CORONEL PM MARCUS JARDIM,Estadual,91.9,8.1,0.0
2022,SÃO GONÇALO,33096970,CIEP 309 ZUZU ANGEL,2,256.0,2022,São Gonçalo,33096970,CIEP 309 ZUZU ANGEL,Estadual,70.0,20.8,9.2
2022,SÃO GONÇALO,33096988,CIEP 412 DOUTOR ZERBINI,2,312.0,2022,São Gonçalo,33096988,CIEP 412 DOUTOR ZERBINI,Estadual,73.7,18.8,7.5
2022,SÃO GONÇALO,33103879,CIEP 413 ADAO PEREIRA NUNES BRASIL MEXICO,2,218.0,2022,São Gonçalo,33103879,CIEP 413 ADAO PEREIRA NUNES BRASIL MEXICO,Estadual,95.8,4.2,0.0
2022,SÃO GONÇALO,33103887,CIEP 408 SERGIO CARDOSO,2,77.0,2022,São Gonçalo,33103887,CIEP 408 SERGIO CARDOSO,Estadual,76.8,23.2,0.0
2022,SÃO GONÇALO,33090823,CE CORONEL SERRADO,2,177.0,2022,São Gonçalo,33090823,CE CORONEL SERRADO,Estadual,81.8,6.3,11.9
2022,SÃO GONÇALO,33090831,CE DOM ANTONIO DE ALMEIDA MORAES JUNIOR,2,203.0,2022,São Gonçalo,33090831,CE DOM ANTONIO DE ALMEIDA MORAES JUNIOR,Estadual,88.1,11.9,0.0
2022,SÃO GONÇALO,33091757,CIEP 246 PROFESSORA ADALGISA CABRAL DE FARIA,2,247.0,2022,São Gonçalo,33091757,CIEP 246 PROFESSORA ADALGISA CABRAL DE FARIA,Estadual,64.1,28.7,7.2
2022,SÃO GONÇALO,33090840,CE DOUTOR ARMANDO SA COUTO,2,142.0,2022,São Gonçalo,33090840,CE DOUTOR ARMANDO SA COUTO,Estadual,90.8,9.2,0.0
2023,RIO DE JANEIRO,33146950,CE PROFESSORA MARIA DE LOURDES DE OLIVEIRA LAVOR TIA LAVOR,2,1344.0,2023,Rio de Janeiro,33146950,CE PROFESSORA MARIA DE LOURDES DE OLIVEIRA LAVOR TIA LAVOR,Estadual,73.5,19.4,7.1
2023,RIO DE JANEIRO,33149119,CE CARLOS ARNOLDO ABRUZZINI DA FONSECA,2,1536.0,2023,Rio de Janeiro,33149119,CE CARLOS ARNOLDO ABRUZZINI DA FONSECA,Estadual,77.8,14.6,7.6
2023,RIO DE JANEIRO,33157065,CE ERICH WALTER HEINE,2,552.0,2023,Rio de Janeiro,33157065,CE ERICH WALTER HEINE,Estadual,97.8,2.0,0.2
2023,RIO DE JANEIRO,33170150,CE HEBE CAMARGO,2,424.0,2023,Rio de Janeiro,33170150,CE HEBE CAMARGO,Estadual,92.2,7.8,0.0
2023,NITERÓI,33172919,CE MATEMATICO JOAQUIM GOMES DE SOUSA INTERCULTURAL BRASIL - CHINA,2,233.0,2023,Niterói,33172919,CE MATEMATICO JOAQUIM GOMES DE SOUSA INTERCULTURAL BRASIL - CHINA,Estadual,80.3,19.7,0.0
2023,RIO DE JANEIRO,33173010,CE JORNALISTA MAURICIO AZEDO BRASILINDIA,2,193.0,2023,Rio de Janeiro,33173010,CE JORNALISTA MAURICIO AZEDO BRASILINDIA,Estadual,92.3,7.2,0.5
2023,MARICÁ,33183562,CE PROFESSOR DARCY RIBEIRO,2,1153.0,2023,Maricá,33183562,CE PROFESSOR DARCY RIBEIRO,Estadual,86.0,11.5,2.5
2023,RIO DE JANEIRO,33183724,CE ARTHUR ANTONIO SENDAS,2,76.0,2023,Rio de Janeiro,33183724,CE ARTHUR ANTONIO SENDAS,Estadual,81.2,5.8,13.0
2023,RIO DE JANEIRO,33186383,SEGUNDO COLEGIO DA POLICIA MILITAR DO ESTADO DO RIO DE JANEIRO,2,49.0,2023,Rio de Janeiro,33186383,SEGUNDO COLEGIO DA POLICIA MILITAR DO ESTADO DO RIO DE JANEIRO,Estadual,89.4,10.6,0.0
2023,RIO DE JANEIRO,33271208,CE JOSE LEITE LOPES,2,419.0,2023,Rio de Janeiro,33271208,CE JOSE LEITE LOPES,Estadual,85.8,14.2,0.0
2023,RIO DE JANEIRO,33439222,CE COMPOSITOR LUIZ CARLOS DA VILA,2,645.0,2023,Rio de Janeiro,33439222,CE COMPOSITOR LUIZ CARLOS DA VILA,Estadual,62.7,24.2,13.1
2023,SÃO GONÇALO,33507210,CE COMENDADOR VALENTIM DOS SANTOS DINIZ,2,221.0,2023,São Gonçalo,33507210,CE COMENDADOR VALENTIM DOS SANTOS DINIZ,Estadual,94.0,6.0,0.0
2023,RIO DE JANEIRO,33508232,CE JORNALISTA ARTUR DA TAVOLA,2,380.0,2023,Rio de Janeiro,33508232,CE JORNALISTA ARTUR DA TAVOLA,Estadual,77.6,15.0,7.4
2023,SÃO GONÇALO,33518238,CIEP 513 GEORGE SAVALLA GOMES PALHACO CAREQUINHA,2,118.0,2023,São Gonçalo,33518238,CIEP 513 GEORGE SAVALLA GOMES PALHACO CAREQUINHA,Estadual,61.9,15.9,22.2
2023,RIO DE JANEIRO,33558230,CE DEPUTADO PEDRO FERNANDES,2,1125.0,2023,Rio de Janeiro,33558230,CE DEPUTADO PEDRO FERNANDES,Estadual,62.5,16.8,20.7
2023,NITERÓI,33055645,CE CIZINIO SOARES PINTO,2,282.0,2023,Niterói,33055645,CE CIZINIO SOARES PINTO,Estadual,69.9,17.7,12.4
2023,NITERÓI,33055653,CE CONSELHEIRO MACEDO SOARES,2,401.0,2023,Niterói,33055653,CE CONSELHEIRO MACEDO SOARES,Estadual,70.5,22.1,7.4
2023,NITERÓI,33055661,CE DOUTOR LUCIANO PESTRE,2,123.0,2023,Niterói,33055661,CE DOUTOR LUCIANO PESTRE,Estadual,75.9,23.1,1.0
2023,NITERÓI,33055670,CE FERNANDO MAGALHAES,2,153.0,2023,Niterói,33055670,CE FERNANDO MAGALHAES,Estadual,81.1,18.2,0.7
2023,NITERÓI,33055696,CE GUILHERME BRIGGS,2,250.0,2023,Niterói,33055696,CE GUILHERME BRIGGS,Estadual,87.4,7.8,4.8
2023,NITERÓI,33055700,CE HILARIO RIBEIRO,2,262.0,2023,Niterói,33055700,CE HILARIO RIBEIRO,Estadual,83.3,3.8,12.9
2023,NITERÓI,33055726,CE JOAQUIM TAVORA,2,440.0,2023,Niterói,33055726,CE JOAQUIM TAVORA,Estadual,83.7,12.7,3.6
2023,NITERÓI,33055734,CE MACHADO DE ASSIS,2,324.0,2023,Niterói,33055734,CE MACHADO DE ASSIS,Estadual,74.5,20.0,5.5
2023,NITERÓI,33055742,CE MULLULO DA VEIGA,2,159.0,2023,Niterói,33055742,CE MULLULO DA VEIGA,Estadual,62.8,20.1,17.1
2023,NITERÓI,33055750,CE PAULO ASSIS RIBEIRO,2,547.0,2023,Niterói,33055750,CE PAULO ASSIS RIBEIRO,Estadual,64.9,27.6,7.5
2023,MARICÁ,33054185,CE CAIO FRANCISCO DE FIGUEIREDO,2,570.0,2023,Maricá,33054185,CE CAIO FRANCISCO DE FIGUEIREDO,Estadual,87.1,9.0,3.9
2023,MARICÁ,33054177,CE DOUTOR JOAO GOMES DE MATTOS SOBRINHO,2,606.0,2023,Maricá,33054177,CE DOUTOR JOAO GOMES DE MATTOS SOBRINHO,Estadual,76.4,15.1,8.5
2023,MARICÁ,33053995,CE PROFESSORA CACILDA SILVA,2,142.0,2023,Maricá,33053995,CE PROFESSORA CACILDA SILVA,Estadual,85.3,11.6,3.1
2023,MARICÁ,33053952,CE DOMICIO DA GAMA,2,411.0,2023,Maricá,33053952,CE DOMICIO DA GAMA,Estadual,87.5,11.2,1.3
2023,MARICÁ,33053910,CE ELISIARIO MATTA,2,1205.0,2023,Maricá,33053910,CE ELISIARIO MATTA,Estadual,75.5,14.1,10.4
2023,NITERÓI,33056480,CE LEOPOLDO FROES,2,162.0,2023,Niterói,33056480,CE LEOPOLDO FROES,Estadual,76.0,18.2,5.8
2023,RIO DE JANEIRO,33063052,CE MEM DE SA,2,60.0,2023,Rio de Janeiro,33063052,CE MEM DE SA,Estadual,71.7,15.0,13.3
2023,RIO DE JANEIRO,33063389,CE CHICO ANYSIO,2,311.0,2023,Rio de Janeiro,33063389,CE CHICO ANYSIO,Estadual,89.1,9.9,1.0
2023,RIO DE JANEIRO,33063397,CE AMARO CAVALCANTI,2,1360.0,2023,Rio de Janeiro,33063397,CE AMARO CAVALCANTI,Estadual,77.5,12.2,10.3
2023,RIO DE JANEIRO,33063877,CE DEODORO,2,41.0,2023,Rio de Janeiro,33063877,CE DEODORO,Estadual,58.3,11.1,30.6
2023,RIO DE JANEIRO,33063907,CE PROFESSOR JOAO BORGES DE MORAES,2,237.0,2023,Rio de Janeiro,33063907,CE PROFESSOR JOAO BORGES DE MORAES,Estadual,85.5,10.1,4.4
2023,RIO DE JANEIRO,33064644,CE INFANTE DOM HENRIQUE,2,979.0,2023,Rio de Janeiro,33064644,CE INFANTE DOM HENRIQUE,Estadual,83.2,16.8,0.0
2023,RIO DE JANEIRO,33064652,CE PEDRO ALVARES CABRAL,2,877.0,2023,Rio de Janeiro,33064652,CE PEDRO ALVARES CABRAL,Estadual,80.4,14.3,5.3
2023,RIO DE JANEIRO,33064792,CE CASTELNUOVO,2,88.0,2023,Rio de Janeiro,33064792,CE CASTELNUOVO,Estadual,59.8,8.5,31.7
2023,RIO DE JANEIRO,33065217,CE PROFESSOR ANTONIO MARIA TEIXEIRA FILHO,2,389.0,2023,Rio de Janeiro,33065217,CE PROFESSOR ANTONIO MARIA TEIXEIRA FILHO,Estadual,88.5,6.2,5.3
2023,RIO DE JANEIRO,33065276,CE ANDRE MAUROIS,2,1827.0,2023,Rio de Janeiro,33065276,CE ANDRE MAUROIS,Estadual,78.2,17.2,4.6
2023,RIO DE JANEIRO,33065284,CE IGNACIO AZEVEDO DO AMARAL,2,642.0,2023,Rio de Janeiro,33065284,CE IGNACIO AZEVEDO DO AMARAL,Estadual,85.0,13.5,1.5
2023,RIO DE JANEIRO,33066027,CE NILO PECANHA,2,71.0,2023,Rio de Janeiro,33066027,CE NILO PECANHA,Estadual,66.2,16.9,16.9
2023,RIO DE JANEIRO,33066035,CE OLAVO BILAC,2,1167.0,2023,Rio de Janeiro,33066035,CE OLAVO BILAC,Estadual,72.5,23.2,4.3
2023,RIO DE JANEIRO,33066043,CE PROFESSOR ERNESTO FARIA,2,502.0,2023,Rio de Janeiro,33066043,CE PROFESSOR ERNESTO FARIA,Estadual,78.6,13.2,8.2
2023,RIO DE JANEIRO,33066140,CE GONCALVES DIAS,2,250.0,2023,Rio de Janeiro,33066140,CE GONCALVES DIAS,Estadual,60.3,19.0,20.7
2023,RIO DE JANEIRO,33066523,INSTITUTO DE APLICACAO FERNANDO RODRIGUES DA SILVEIRA CAP-UERJ,2,326.0,2023,Rio de Janeiro,33066523,INSTITUTO DE APLICACAO FERNANDO RODRIGUES DA SILVEIRA CAP-UERJ,Estadual,94.4,3.7,1.9
2023,RIO DE JANEIRO,33066590,CE ANTONIO PRADO JUNIOR,2,1316.0,2023,Rio de Janeiro,33066590,CE ANTONIO PRADO JUNIOR,Estadual,72.2,20.5,7.3
2023,RIO DE JANEIRO,33066612,CE PROFESSOR CLOVIS SALGADO,2,307.0,2023,Rio de Janeiro,33066612,CE PROFESSOR CLOVIS SALGADO,Estadual,68.9,9.3,21.8
2023,RIO DE JANEIRO,33066620,CE SOARES PEREIRA,2,74.0,2023,Rio de Janeiro,33066620,CE SOARES PEREIRA,Estadual,65.8,6.6,27.6
2023,RIO DE JANEIRO,33067228,ESCOLA TECNICA ESTADUAL FERREIRA VIANA,2,658.0,2023,Rio de Janeiro,33067228,ESCOLA TECNICA ESTADUAL FERREIRA VIANA,Estadual,69.4,19.8,10.8
2023,RIO DE JANEIRO,33067252,INSTITUTO SUPERIOR DE EDUCACAO DO RIO DE JANEIRO,2,420.0,2023,Rio de Janeiro,33067252,INSTITUTO SUPERIOR DE EDUCACAO DO RIO DE JANEIRO,Estadual,87.7,12.3,0.0
2023,RIO DE JANEIRO,33067783,CE FRANCISCO CAMPOS,2,121.0,2023,Rio de Janeiro,33067783,CE FRANCISCO CAMPOS,Estadual,56.3,15.9,27.8
2023,RIO DE JANEIRO,33067791,CE JOAO ALFREDO,2,960.0,2023,Rio de Janeiro,33067791,CE JOAO ALFREDO,Estadual,66.1,24.9,9.0
2023,RIO DE JANEIRO,33068011,CE AFONSO PENA,2,529.0,2023,Rio de Janeiro,33068011,CE AFONSO PENA,Estadual,79.1,14.1,6.8
2023,RIO DE JANEIRO,33068844,CE BAHIA,2,553.0,2023,Rio de Janeiro,33068844,CE BAHIA,Estadual,84.4,5.4,10.2
2023,RIO DE JANEIRO,33068852,CE PROFESSOR CLOVIS MONTEIRO,2,995.0,2023,Rio de Janeiro,33068852,CE PROFESSOR CLOVIS MONTEIRO,Estadual,55.7,25.9,18.4
2023,RIO DE JANEIRO,33069026,CE RUY BARBOSA,2,243.0,2023,Rio de Janeiro,33069026,CE RUY BARBOSA,Estadual,59.8,27.5,12.7
2023,RIO DE JANEIRO,33069034,CE TENENTE GENERAL NAPION,2,465.0,2023,Rio de Janeiro,33069034,CE TENENTE GENERAL NAPION,Estadual,73.0,18.5,8.5
2023,RIO DE JANEIRO,33069921,CE GOMES FREIRE DE ANDRADE,2,1680.0,2023,Rio de Janeiro,33069921,CE GOMES FREIRE DE ANDRADE,Estadual,68.8,25.9,5.3
2023,RIO DE JANEIRO,33069930,CE HEITOR LIRA,2,921.0,2023,Rio de Janeiro,33069930,CE HEITOR LIRA,Estadual,77.2,13.3,9.5
2023,RIO DE JANEIRO,33069948,CE JOSE MARTI,2,143.0,2023,Rio de Janeiro,33069948,CE JOSE MARTI,Estadual,53.4,36.5,10.1
2023,RIO DE JANEIRO,33069956,CE REPUBLICA DE ANGOLA,2,166.0,2023,Rio de Janeiro,33069956,CE REPUBLICA DE ANGOLA,Estadual,66.3,28.9,4.8
2023,RIO DE JANEIRO,33069964,CE REPUBLICA DE GUINE BISSAU,2,264.0,2023,Rio de Janeiro,33069964,CE REPUBLICA DE GUINE BISSAU,Estadual,67.0,19.1,13.9
2023,RIO DE JANEIRO,33070148,CE BRANT HORTA,2,96.0,2023,Rio de Janeiro,33070148,CE BRANT HORTA,Estadual,71.0,10.0,19.0
2023,RIO DE JANEIRO,33070156,CE CHILE,2,228.0,2023,Rio de Janeiro,33070156,CE CHILE,Estadual,74.0,9.5,16.5
2023,RIO DE JANEIRO,33070164,CE CONDE DE AGROLONGO,2,71.0,2023,Rio de Janeiro,33070164,CE CONDE DE AGROLONGO,Estadual,73.1,25.4,1.5
2023,RIO DE JANEIRO,33070199,CE JOAO MARQUES DOS REIS,2,56.0,2023,Rio de Janeiro,33070199,CE JOAO MARQUES DOS REIS,Estadual,68.4,3.5,28.1
2023,RIO DE JANEIRO,33070326,CE TERESA CRISTINA,2,53.0,2023,Rio de Janeiro,33070326,CE TERESA CRISTINA,Estadual,59.3,22.2,18.5
2023,RIO DE JANEIRO,33070946,E T E JUSCELINO KUBITSCHEK,2,402.0,2023,Rio de Janeiro,33070946,E T E JUSCELINO KUBITSCHEK,Estadual,89.7,7.7,2.6
2023,RIO DE JANEIRO,33071535,CE AGRIPINO GRIECO,2,210.0,2023,Rio de Janeiro,33071535,CE AGRIPINO GRIECO,Estadual,71.3,20.4,8.3
2023,RIO DE JANEIRO,33071543,CE BOLIVAR,2,58.0,2023,Rio de Janeiro,33071543,CE BOLIVAR,Estadual,70.5,4.9,24.6
2023,RIO DE JANEIRO,33071551,CE CENTRAL DO BRASIL,2,1144.0,2023,Rio de Janeiro,33071551,CE CENTRAL DO BRASIL,Estadual,76.0,22.7,1.3
2023,RIO DE JANEIRO,33071560,CE DELFIM MOREIRA,2,354.0,2023,Rio de Janeiro,33071560,CE DELFIM MOREIRA,Estadual,64.4,19.0,16.6
2023,RIO DE JANEIRO,33071578,CE FRANCISCO JOBIM,2,33.0,2023,Rio de Janeiro,33071578,CE FRANCISCO JOBIM,Estadual,70.0,20.0,10.0
2023,RIO DE JANEIRO,33071586,CE MARANHAO,2,212.0,2023,Rio de Janeiro,33071586,CE MARANHAO,Estadual,74.7,17.2,8.1
2023,RIO DE JANEIRO,33071594,CE OLINTO DA GAMA BOTELHO,2,693.0,2023,Rio de Janeiro,33071594,CE OLINTO DA GAMA BOTELHO,Estadual,73.0,24.5,2.5
2023,RIO DE JANEIRO,33071969,CE VISCONDE DE CAIRU,2,901.0,2023,Rio de Janeiro,33071969,CE VISCONDE DE CAIRU,Estadual,63.1,27.1,9.8
2023,RIO DE JANEIRO,33072078,CE BARAO DE MACAUBAS,2,196.0,2023,Rio de Janeiro,33072078,CE BARAO DE MACAUBAS,Estadual,67.0,10.2,22.8
2023,RIO DE JANEIRO,33072094,CE JOAO KOPKE,2,59.0,2023,Rio de Janeiro,33072094,CE JOAO KOPKE,Estadual,76.4,23.6,0.0
2023,RIO DE JANEIRO,33072183,CE JOSE EDUARDO DE MACEDO SOARES,2,169.0,2023,Rio de Janeiro,33072183,CE JOSE EDUARDO DE MACEDO SOARES,Estadual,57.4,25.0,17.6
2023,RIO DE JANEIRO,33072205,CE LAURO SODRE,2,55.0,2023,Rio de Janeiro,33072205,CE LAURO SODRE,Estadual,73.8,16.4,9.8
2023,RIO DE JANEIRO,33072248,CE HISPANO BRASILEIRO JOAO CABRAL DE MELO NETO,2,247.0,2023,Rio de Janeiro,33072248,CE HISPANO BRASILEIRO JOAO CABRAL DE MELO NETO,Estadual,93.2,6.8,0.0
2023,RIO DE JANEIRO,33072280,CE PERNAMBUCO,2,169.0,2023,Rio de Janeiro,33072280,CE PERNAMBUCO,Estadual,64.2,35.8,0.0
2023,RIO DE JANEIRO,33072337,CE SARMIENTO,2,73.0,2023,Rio de Janeiro,33072337,CE SARMIENTO,Estadual,65.8,32.9,1.3
2023,RIO DE JANEIRO,33072370,CE VIRGILIO DE MELO FRANCO,2,161.0,2023,Rio de Janeiro,33072370,CE VIRGILIO DE MELO FRANCO,Estadual,77.0,15.5,7.5
2023,RIO DE JANEIRO,33073368,CE PASTOR MIRANDA PINTO,2,59.0,2023,Rio de Janeiro,33073368,CE PASTOR MIRANDA PINTO,Estadual,72.9,8.5,18.6
2023,RIO DE JANEIRO,33074038,CE ITALIA,2,312.0,2023,Rio de Janeiro,33074038,CE ITALIA,Estadual,62.7,6.3,31.0
2023,RIO DE JANEIRO,33074046,CE JOSUE DE CASTRO,2,246.0,2023,Rio de Janeiro,33074046,CE JOSUE DE CASTRO,Estadual,66.3,15.4,18.3
2023,RIO DE JANEIRO,33074054,CE NUNO ALVARES PEREIRA,2,93.0,2023,Rio de Janeiro,33074054,CE NUNO ALVARES PEREIRA,Estadual,77.6,5.1,17.3
2023,RIO DE JANEIRO,33074151,CE MATO GROSSO,2,2047.0,2023,Rio de Janeiro,33074151,CE MATO GROSSO,Estadual,83.5,14.2,2.3
2023,RIO DE JANEIRO,33074160,CE ADLAI STEVENSON,2,89.0,2023,Rio de Janeiro,33074160,CE ADLAI STEVENSON,Estadual,67.0,13.6,19.4
2023,RIO DE JANEIRO,33074232,CE OLIMPIA DO COUTO,2,381.0,2023,Rio de Janeiro,33074232,CE OLIMPIA DO COUTO,Estadual,79.2,11.7,9.1
2023,RIO DE JANEIRO,33074267,CE RODRIGO OTAVIO FILHO,2,924.0,2023,Rio de Janeiro,33074267,CE RODRIGO OTAVIO FILHO,Estadual,70.0,14.4,15.6
2023,RIO DE JANEIRO,33074798,CE AMAPA,2,104.0,2023,Rio de Janeiro,33074798,CE AMAPA,Estadual,80.2,11.0,8.8
2023,RIO DE JANEIRO,33075034,ESCOLA TECNICA ESTADUAL OSCAR TENORIO,2,527.0,2023,Rio de Janeiro,33075034,ESCOLA TECNICA ESTADUAL OSCAR TENORIO,Estadual,84.9,10.2,4.9
2023,RIO DE JANEIRO,33075166,IE CARMELA DUTRA,2,1077.0,2023,Rio de Janeiro,33075166,IE CARMELA DUTRA,Estadual,74.7,17.2,8.1
2023,RIO DE JANEIRO,33075174,CE CHARLES CHAPLIN,2,123.0,2023,Rio de Janeiro,33075174,CE CHARLES CHAPLIN,Estadual,39.5,33.9,26.6
2023,RIO DE JANEIRO,33075182,CE CIDADE DE LISBOA,2,124.0,2023,Rio de Janeiro,33075182,CE CIDADE DE LISBOA,Estadual,59.8,24.4,15.8
2023,RIO DE JANEIRO,33075190,CE LUIZ DE CAMOES,2,199.0,2023,Rio de Janeiro,33075190,CE LUIZ DE CAMOES,Estadual,72.0,23.7,4.3
2023,RIO DE JANEIRO,33075204,CE MARQUES REBELO,2,123.0,2023,Rio de Janeiro,33075204,CE MARQUES REBELO,Estadual,80.0,7.5,12.5
2023,RIO DE JANEIRO,33075212,CE PROFESSOR JOSE ACCIOLI,2,433.0,2023,Rio de Janeiro,33075212,CE PROFESSOR JOSE ACCIOLI,Estadual,91.6,7.7,0.7
2023,RIO DE JANEIRO,33075220,CE PROFESSOR SOUSA DA SILVEIRA,2,132.0,2023,Rio de Janeiro,33075220,CE PROFESSOR SOUSA DA SILVEIRA,Estadual,75.8,7.0,17.2
2023,RIO DE JANEIRO,33075689,CE CARDEAL ARCOVERDE,2,132.0,2023,Rio de Janeiro,33075689,CE CARDEAL ARCOVERDE,Estadual,69.4,16.1,14.5
2023,RIO DE JANEIRO,33075719,CE CONDE AFONSO CELSO,2,146.0,2023,Rio de Janeiro,33075719,CE CONDE AFONSO CELSO,Estadual,69.3,15.3,15.4
2023,RIO DE JANEIRO,33075760,CE FRANCISCO PALHETA,2,108.0,2023,Rio de Janeiro,33075760,CE FRANCISCO PALHETA,Estadual,69.4,10.2,20.4
2023,RIO DE JANEIRO,33075816,CE OLEGARIO MARIANO,2,244.0,2023,Rio de Janeiro,33075816,CE OLEGARIO MARIANO,Estadual,73.1,6.3,20.6
2023,RIO DE JANEIRO,33075832,CE PARANA,2,137.0,2023,Rio de Janeiro,33075832,CE PARANA,Estadual,68.0,17.0,15.0
2023,RIO DE JANEIRO,33075867,CE SANTOS DUMONT,2,180.0,2023,Rio de Janeiro,33075867,CE SANTOS DUMONT,Estadual,70.2,11.2,18.6
2023,RIO DE JANEIRO,33075883,CE VIRIATO CORREA,2,169.0,2023,Rio de Janeiro,33075883,CE VIRIATO CORREA,Estadual,66.7,26.3,7.0
2023,RIO DE JANEIRO,33075891,CE WALDEMIRO POTSCH,2,141.0,2023,Rio de Janeiro,33075891,CE WALDEMIRO POTSCH,Estadual,61.5,35.6,2.9
2023,RIO DE JANEIRO,33076480,E T E REPUBLICA,2,1051.0,2023,Rio de Janeiro,33076480,E T E REPUBLICA,Estadual,71.5,24.2,4.3
2023,RIO DE JANEIRO,33076502,ESCOLA TECNICA ESTADUAL VISCONDE DE MAUA,2,428.0,2023,Rio de Janeiro,33076502,ESCOLA TECNICA ESTADUAL VISCONDE DE MAUA,Estadual,81.2,15.2,3.6
2023,RIO DE JANEIRO,33077088,CE ADALGISA MONTEIRO,2,423.0,2023,Rio de Janeiro,33077088,CE ADALGISA MONTEIRO,Estadual,82.6,3.4,14.0
2023,RIO DE JANEIRO,33077100,CE BRIGADEIRO SCHORCHT,2,1523.0,2023,Rio de Janeiro,33077100,CE BRIGADEIRO SCHORCHT,Estadual,81.2,12.5,6.3
2023,RIO DE JANEIRO,33077118,CE CARLOS LACERDA,2,334.0,2023,Rio de Janeiro,33077118,CE CARLOS LACERDA,Estadual,76.5,20.8,2.7
2023,RIO DE JANEIRO,33077126,CE EDUARDO MONDLANE,2,536.0,2023,Rio de Janeiro,33077126,CE EDUARDO MONDLANE,Estadual,73.9,12.4,13.7
2023,RIO DE JANEIRO,33077134,CE ENGENHEIRO BERNARDO SAYAO,2,189.0,2023,Rio de Janeiro,33077134,CE ENGENHEIRO BERNARDO SAYAO,Estadual,78.0,4.8,17.2
2023,RIO DE JANEIRO,33077142,CE MAHATMA GANDHI,2,206.0,2023,Rio de Janeiro,33077142,CE MAHATMA GANDHI,Estadual,69.8,12.9,17.3
2023,RIO DE JANEIRO,33077150,CE CARDEAL DOM EUGENIO DE ARAUJO SALES,2,439.0,2023,Rio de Janeiro,33077150,CE CARDEAL DOM EUGENIO DE ARAUJO SALES,Estadual,66.4,22.5,11.1
2023,RIO DE JANEIRO,33077169,CE EUNICE WEAVER,2,345.0,2023,Rio de Janeiro,33077169,CE EUNICE WEAVER,Estadual,81.0,11.1,7.9
2023,RIO DE JANEIRO,33077177,CE PRESIDENTE JOAO GOULART,2,256.0,2023,Rio de Janeiro,33077177,CE PRESIDENTE JOAO GOULART,Estadual,82.0,9.2,8.8
2023,RIO DE JANEIRO,33077185,CE SENADOR TEOTONIO VILELA,2,142.0,2023,Rio de Janeiro,33077185,CE SENADOR TEOTONIO VILELA,Estadual,72.6,27.4,0.0
2023,RIO DE JANEIRO,33077371,CE ALINA DE BRITO,2,440.0,2023,Rio de Janeiro,33077371,CE ALINA DE BRITO,Estadual,77.7,16.3,6.0
2023,RIO DE JANEIRO,33077452,CE EMBAIXADOR DIAS CARNEIRO,2,235.0,2023,Rio de Janeiro,33077452,CE EMBAIXADOR DIAS CARNEIRO,Estadual,97.3,2.7,0.0
2023,RIO DE JANEIRO,33077525,CE MARECHAL CANROBERT PEREIRA DA COSTA,2,88.0,2023,Rio de Janeiro,33077525,CE MARECHAL CANROBERT PEREIRA DA COSTA,Estadual,75.0,21.4,3.6
2023,RIO DE JANEIRO,33077568,CE ROSA DO POVO,2,333.0,2023,Rio de Janeiro,33077568,CE ROSA DO POVO,Estadual,78.9,16.4,4.7
2023,RIO DE JANEIRO,33077576,CE VICTOR HUGO,2,237.0,2023,Rio de Janeiro,33077576,CE VICTOR HUGO,Estadual,76.8,6.6,16.6
2023,RIO DE JANEIRO,33079323,CE STUART EDGAR ANGEL JONES,2,1104.0,2023,Rio de Janeiro,33079323,CE STUART EDGAR ANGEL JONES,Estadual,66.2,33.0,0.8
2023,RIO DE JANEIRO,33079331,CE AGOSTINHO NETO,2,205.0,2023,Rio de Janeiro,33079331,CE AGOSTINHO NETO,Estadual,75.9,18.4,5.7
2023,RIO DE JANEIRO,33079340,CE BANGU,2,1329.0,2023,Rio de Janeiro,33079340,CE BANGU,Estadual,58.0,30.6,11.4
2023,RIO DE JANEIRO,33079358,CE COLLECCHIO,2,1302.0,2023,Rio de Janeiro,33079358,CE COLLECCHIO,Estadual,71.0,22.1,6.9
2023,RIO DE JANEIRO,33079366,CE JORGE ZARUR,2,660.0,2023,Rio de Janeiro,33079366,CE JORGE ZARUR,Estadual,85.1,14.8,0.1
2023,RIO DE JANEIRO,33079374,CE LEOPOLDINA DA SILVEIRA,2,1381.0,2023,Rio de Janeiro,33079374,CE LEOPOLDINA DA SILVEIRA,Estadual,84.2,9.2,6.6
2023,RIO DE JANEIRO,33079382,CE NICARAGUA,2,213.0,2023,Rio de Janeiro,33079382,CE NICARAGUA,Estadual,68.7,15.2,16.1
2023,RIO DE JANEIRO,33079390,CE PROFESSOR DALTRO SANTOS,2,320.0,2023,Rio de Janeiro,33079390,CE PROFESSOR DALTRO SANTOS,Estadual,57.4,33.3,9.3
2023,RIO DE JANEIRO,33079404,CE REPUBLICA DE MOCAMBIQUE,2,152.0,2023,Rio de Janeiro,33079404,CE REPUBLICA DE MOCAMBIQUE,Estadual,70.1,21.0,8.9
2023,RIO DE JANEIRO,33079706,CE DALVA DE OLIVEIRA,2,242.0,2023,Rio de Janeiro,33079706,CE DALVA DE OLIVEIRA,Estadual,61.0,22.4,16.6
2023,RIO DE JANEIRO,33079714,CE ENGENHEIRO JOAO THOME,2,155.0,2023,Rio de Janeiro,33079714,CE ENGENHEIRO JOAO THOME,Estadual,84.8,4.4,10.8
2023,RIO DE JANEIRO,33079803,CE MARIETA CUNHA DA SILVA,2,474.0,2023,Rio de Janeiro,33079803,CE MARIETA CUNHA DA SILVA,Estadual,77.9,21.9,0.2
2023,RIO DE JANEIRO,33079811,CE MILTON CAMPOS,2,84.0,2023,Rio de Janeiro,33079811,CE MILTON CAMPOS,Estadual,77.5,22.5,0.0
2023,RIO DE JANEIRO,33079820,CE MOACYR PADILHA,2,192.0,2023,Rio de Janeiro,33079820,CE MOACYR PADILHA,Estadual,70.7,18.3,11.0
2023,RIO DE JANEIRO,33079900,CE RAMIZ GALVAO,2,176.0,2023,Rio de Janeiro,33079900,CE RAMIZ GALVAO,Estadual,75.7,11.3,13.0
2023,RIO DE JANEIRO,33079943,CE JOAO SALIM MIGUEL,2,645.0,2023,Rio de Janeiro,33079943,CE JOAO SALIM MIGUEL,Estadual,93.3,6.4,0.3
2023,RIO DE JANEIRO,33081743,CIE MIECIMO DA SILVA,2,449.0,2023,Rio de Janeiro,33081743,CIE MIECIMO DA SILVA,Estadual,94.3,5.7,0.0
2023,RIO DE JANEIRO,33082022,CE FRANCISCO CALDEIRA DE ALVARENGA,2,1007.0,2023,Rio de Janeiro,33082022,CE FRANCISCO CALDEIRA DE ALVARENGA,Estadual,72.6,16.6,10.8
2023,RIO DE JANEIRO,33082030,CE FREIRE ALLEMAO,2,63.0,2023,Rio de Janeiro,33082030,CE FREIRE ALLEMAO,Estadual,69.4,4.8,25.8
2023,RIO DE JANEIRO,33082049,CE PROFESSOR FERNANDO ANTONIO RAJA GABAGLIA,2,1410.0,2023,Rio de Janeiro,33082049,CE PROFESSOR FERNANDO ANTONIO RAJA GABAGLIA,Estadual,86.8,13.0,0.2
2023,RIO DE JANEIRO,33082146,CE DOUTOR ALBERT SABIN,2,1615.0,2023,Rio de Janeiro,33082146,CE DOUTOR ALBERT SABIN,Estadual,74.0,25.8,0.2
2023,RIO DE JANEIRO,33082227,CE ALMIRANTE FRONTIN,2,83.0,2023,Rio de Janeiro,33082227,CE ALMIRANTE FRONTIN,Estadual,67.5,18.8,13.7
2023,RIO DE JANEIRO,33082235,CE AMAZONAS,2,531.0,2023,Rio de Janeiro,33082235,CE AMAZONAS,Estadual,80.6,16.1,3.3
2023,RIO DE JANEIRO,33082286,CE GEORGE WASHINGTON,2,87.0,2023,Rio de Janeiro,33082286,CE GEORGE WASHINGTON,Estadual,89.8,2.3,7.9
2023,RIO DE JANEIRO,33082316,CE JOAO PROENCA,2,267.0,2023,Rio de Janeiro,33082316,CE JOAO PROENCA,Estadual,46.7,23.2,30.1
2023,RIO DE JANEIRO,33082332,CE PRESIDENTE ANTONIO CARLOS,2,221.0,2023,Rio de Janeiro,33082332,CE PRESIDENTE ANTONIO CARLOS,Estadual,59.1,14.3,26.6
2023,RIO DE JANEIRO,33082359,CE PROFESSORA JUREMA PECANHA GIRAUD,2,201.0,2023,Rio de Janeiro,33082359,CE PROFESSORA JUREMA PECANHA GIRAUD,Estadual,52.4,47.6,0.0
2023,RIO DE JANEIRO,33082375,CE RAINHA VITORIA,2,98.0,2023,Rio de Janeiro,33082375,CE RAINHA VITORIA,Estadual,77.3,5.7,17.0
2023,RIO DE JANEIRO,33082430,CE PROFESSOR VIEIRA FAZENDA,2,178.0,2023,Rio de Janeiro,33082430,CE PROFESSOR VIEIRA FAZENDA,Estadual,78.9,11.7,9.4
2023,RIO DE JANEIRO,33083592,IE SARAH KUBITSCHEK,2,2330.0,2023,Rio de Janeiro,33083592,IE SARAH KUBITSCHEK,Estadual,88.9,10.3,0.8
2023,RIO DE JANEIRO,33084238,CE BARAO DO RIO BRANCO,2,1887.0,2023,Rio de Janeiro,33084238,CE BARAO DO RIO BRANCO,Estadual,81.4,14.2,4.4
2023,RIO DE JANEIRO,33084459,CE PESTALOZZI,2,462.0,2023,Rio de Janeiro,33084459,CE PESTALOZZI,Estadual,71.1,28.6,0.3
2023,RIO DE JANEIRO,33085463,CE ANITA GARIBALDI,2,296.0,2023,Rio de Janeiro,33085463,CE ANITA GARIBALDI,Estadual,64.7,27.0,8.3
2023,RIO DE JANEIRO,33085480,CE LEONEL AZEVEDO,2,182.0,2023,Rio de Janeiro,33085480,CE LEONEL AZEVEDO,Estadual,55.1,44.9,0.0
2023,RIO DE JANEIRO,33085498,CE PREFEITO MENDES DE MORAES,2,1683.0,2023,Rio de Janeiro,33085498,CE PREFEITO MENDES DE MORAES,Estadual,64.0,32.0,4.0
2023,RIO DE JANEIRO,33085765,CE DUNSHEE DE ABRANCHES,2,195.0,2023,Rio de Janeiro,33085765,CE DUNSHEE DE ABRANCHES,Estadual,89.4,7.2,3.4
2023,RIO DE JANEIRO,33085838,CE ROTARY,2,52.0,2023,Rio de Janeiro,33085838,CE ROTARY,Estadual,59.6,21.2,19.2
2023,RIO DE JANEIRO,33086427,CE AUGUSTO RUSCHI,2,47.0,2023,Rio de Janeiro,33086427,CE AUGUSTO RUSCHI,Estadual,73.1,26.9,0.0
2023,RIO DE JANEIRO,33086540,CE ACARI,2,72.0,2023,Rio de Janeiro,33086540,CE ACARI,Estadual,54.1,21.6,24.3
2023,RIO DE JANEIRO,33086567,CE GRACILIANO RAMOS,2,46.0,2023,Rio de Janeiro,33086567,CE GRACILIANO RAMOS,Estadual,68.8,25.0,6.2
2023,RIO DE JANEIRO,33086575,CE GUADALUPE,2,68.0,2023,Rio de Janeiro,33086575,CE GUADALUPE,Estadual,50.7,26.0,23.3
2023,RIO DE JANEIRO,33086583,CE MARECHAL JOAO BAPTISTA DE MATTOS,2,1822.0,2023,Rio de Janeiro,33086583,CE MARECHAL JOAO BAPTISTA DE MATTOS,Estadual,63.4,32.1,4.5
2023,RIO DE JANEIRO,33086591,CE PROFESSOR JOEL DE OLIVEIRA,2,626.0,2023,Rio de Janeiro,33086591,CE PROFESSOR JOEL DE OLIVEIRA,Estadual,78.2,21.8,0.0
2023,RIO DE JANEIRO,33086605,CE PROFESSOR MANUEL MAURICIO DE ALBUQUERQUE,2,454.0,2023,Rio de Janeiro,33086605,CE PROFESSOR MANUEL MAURICIO DE ALBUQUERQUE,Estadual,78.1,16.0,5.9
2023,RIO DE JANEIRO,33086613,CE PROFESSORA ELIANE MARTINS DANTAS BRASIL ALEMANHA,2,252.0,2023,Rio de Janeiro,33086613,CE PROFESSORA ELIANE MARTINS DANTAS BRASIL ALEMANHA,Estadual,97.0,2.5,0.5
2023,RIO DE JANEIRO,33086729,CE BELGICA,2,306.0,2023,Rio de Janeiro,33086729,CE BELGICA,Estadual,73.5,13.5,13.0
2023,RIO DE JANEIRO,33086737,CE COELHO NETO,2,181.0,2023,Rio de Janeiro,33086737,CE COELHO NETO,Estadual,51.3,27.8,20.9
2023,RIO DE JANEIRO,33086796,CE PARAIBA,2,88.0,2023,Rio de Janeiro,33086796,CE PARAIBA,Estadual,60.2,22.6,17.2
2023,RIO DE JANEIRO,33087644,CE VICENTE JANNUZZI,2,2268.0,2023,Rio de Janeiro,33087644,CE VICENTE JANNUZZI,Estadual,88.3,6.3,5.4
2023,RIO DE JANEIRO,33087725,CE GILSON AMADO,2,422.0,2023,Rio de Janeiro,33087725,CE GILSON AMADO,Estadual,79.6,13.5,6.9
2023,RIO DE JANEIRO,33087733,CE GOLDA MEIR,2,146.0,2023,Rio de Janeiro,33087733,CE GOLDA MEIR,Estadual,62.2,28.9,8.9
2023,RIO DE JANEIRO,33087750,CE ALMIRANTE TAMANDARE,2,147.0,2023,Rio de Janeiro,33087750,CE ALMIRANTE TAMANDARE,Estadual,79.7,9.2,11.1
2023,RIO DE JANEIRO,33088152,CE JORNALISTA RODOLFO FERNANDES,2,998.0,2023,Rio de Janeiro,33088152,CE JORNALISTA RODOLFO FERNANDES,Estadual,67.0,3.6,29.4
2023,RIO DE JANEIRO,33088179,CE MAX FLEIUSS,2,96.0,2023,Rio de Janeiro,33088179,CE MAX FLEIUSS,Estadual,78.8,10.6,10.6
2023,RIO DE JANEIRO,33088420,CE DEBORAH MENDES DE MORAES,2,698.0,2023,Rio de Janeiro,33088420,CE DEBORAH MENDES DE MORAES,Estadual,91.9,4.4,3.7
2023,SÃO GONÇALO,33088870,CIEP 430 CARLOS MARIGHELLA,2,84.0,2023,São Gonçalo,33088870,CIEP 430 CARLOS MARIGHELLA,Estadual,74.1,18.5,7.4
2023,SÃO GONÇALO,33088896,CIEP 306 DEPUTADO DAVID QUINDERE,2,110.0,2023,São Gonçalo,33088896,CIEP 306 DEPUTADO DAVID QUINDERE,Estadual,90.2,9.8,0.0
2023,SÃO GONÇALO,33088900,CIEP 249 PASTOR WALDEMAR ZARRO,2,351.0,2023,São Gonçalo,33088900,CIEP 249 PASTOR WALDEMAR ZARRO,Estadual,65.3,22.2,12.5
2023,SÃO GONÇALO,33088926,CIEP 240 PROFESSOR HAROLDO TEIXEIRA VALLADAO,2,84.0,2023,São Gonçalo,33088926,CIEP 240 PROFESSOR HAROLDO TEIXEIRA VALLADAO,Estadual,85.0,11.3,3.7
2023,SÃO GONÇALO,33088942,CIEP 248 PROFESSOR TULIO RODRIGUES PERLINGEIRO,2,136.0,2023,São Gonçalo,33088942,CIEP 248 PROFESSOR TULIO RODRIGUES PERLINGEIRO,Estadual,70.8,18.5,10.7
2023,SÃO GONÇALO,33088950,CIEP 052 PROFESSORA ROMANDA GOUVEIA GONCALVES,2,80.0,2023,São Gonçalo,33088950,CIEP 052 PROFESSORA ROMANDA GOUVEIA GONCALVES,Estadual,82.9,12.9,4.2
2023,SÃO GONÇALO,33089043,CE ARMANDO GONCALVES,2,289.0,2023,São Gonçalo,33089043,CE ARMANDO GONCALVES,Estadual,72.8,16.2,11.0
2023,SÃO GONÇALO,33089051,CE DOUTOR ADINO XAVIER,2,1174.0,2023,São Gonçalo,33089051,CE DOUTOR ADINO XAVIER,Estadual,86.1,11.6,2.3
2023,SÃO GONÇALO,33089060,CE ISMAEL BRANCO,2,203.0,2023,São Gonçalo,33089060,CE ISMAEL BRANCO,Estadual,64.4,35.6,0.0
2023,SÃO GONÇALO,33089086,CE MINISTRO JOSE DE MOURA E SILVA,2,177.0,2023,São Gonçalo,33089086,CE MINISTRO JOSE DE MOURA E SILVA,Estadual,90.3,7.9,1.8
2023,SÃO GONÇALO,33089094,CE NILO PECANHA,2,837.0,2023,São Gonçalo,33089094,CE NILO PECANHA,Estadual,84.2,13.9,1.9
2023,SÃO GONÇALO,33089108,CE PANDIA CALOGERAS,2,1056.0,2023,São Gonçalo,33089108,CE PANDIA CALOGERAS,Estadual,79.4,17.4,3.2
2023,SÃO GONÇALO,33089124,CE PADRE MANUEL DA NOBREGA,2,223.0,2023,São Gonçalo,33089124,CE PADRE MANUEL DA NOBREGA,Estadual,78.3,16.0,5.7
2023,SÃO GONÇALO,33089388,CE FREDERICO AZEVEDO,2,309.0,2023,São Gonçalo,33089388,CE FREDERICO AZEVEDO,Estadual,62.8,28.6,8.6
2023,SÃO GONÇALO,33089396,CE LAURO CORREA,2,253.0,2023,São Gonçalo,33089396,CE LAURO CORREA,Estadual,80.4,14.9,4.7
2023,SÃO GONÇALO,33089426,CE MONSENHOR BARENCO COELHO,2,278.0,2023,São Gonçalo,33089426,CE MONSENHOR BARENCO COELHO,Estadual,65.6,32.3,2.1
2023,SÃO GONÇALO,33089469,CE PROFESSORA ANTONIETA PALMEIRA,2,374.0,2023,São Gonçalo,33089469,CE PROFESSORA ANTONIETA PALMEIRA,Estadual,84.5,13.3,2.2
2023,SÃO GONÇALO,33089841,IE CLELIA NANCI,2,969.0,2023,São Gonçalo,33089841,IE CLELIA NANCI,Estadual,82.2,17.8,0.0
2023,SÃO GONÇALO,33090149,CIEP 122 ERMEZINDA DIONISIO NECCO,2,308.0,2023,São Gonçalo,33090149,CIEP 122 ERMEZINDA DIONISIO NECCO,Estadual,73.3,22.4,4.3
2023,SÃO GONÇALO,33090157,CIEP 126 ALMEDORINA AZEREDO,2,66.0,2023,São Gonçalo,33090157,CIEP 126 ALMEDORINA AZEREDO,Estadual,85.0,15.0,0.0
2023,SÃO GONÇALO,33090165,CIEP 440 MAJOR JOAQUIM DE AZEVEDO COUTINHO,2,42.0,2023,São Gonçalo,33090165,CIEP 440 MAJOR JOAQUIM DE AZEVEDO COUTINHO,Estadual,66.7,12.8,20.5
2023,SÃO GONÇALO,33090173,CIEP 410 PATRICIA GALVAOPAGU,2,198.0,2023,São Gonçalo,33090173,CIEP 410 PATRICIA GALVAOPAGU,Estadual,84.5,11.4,4.1
2023,SÃO GONÇALO,33090246,CE DORVAL FERREIRA DA CUNHA,2,287.0,2023,São Gonçalo,33090246,CE DORVAL FERREIRA DA CUNHA,Estadual,67.9,30.0,2.1
2023,SÃO GONÇALO,33090270,CE AMANDA VELASCO,2,416.0,2023,São Gonçalo,33090270,CE AMANDA VELASCO,Estadual,84.4,12.4,3.2
2023,SÃO GONÇALO,33090300,CE AUGUSTO CEZARIO DIAZ ANDRE,2,453.0,2023,São Gonçalo,33090300,CE AUGUSTO CEZARIO DIAZ ANDRE,Estadual,89.6,6.3,4.1
2023,SÃO GONÇALO,33090327,CE DESEMBARGADOR FERREIRA PINTO,2,248.0,2023,São Gonçalo,33090327,CE DESEMBARGADOR FERREIRA PINTO,Estadual,68.9,23.7,7.4
2023,SÃO GONÇALO,33090343,CE DOUTOR HUMBERTO SOEIRO DE CARVALHO,2,136.0,2023,São Gonçalo,33090343,CE DOUTOR HUMBERTO SOEIRO DE CARVALHO,Estadual,84.3,13.4,2.3
2023,SÃO GONÇALO,33090351,CE DOUTOR RODOLPHO SIQUEIRA,2,228.0,2023,São Gonçalo,33090351,CE DOUTOR RODOLPHO SIQUEIRA,Estadual,80.7,15.0,4.3
2023,SÃO GONÇALO,33090378,CE ELIZA MARIA DUTRA,2,248.0,2023,São Gonçalo,33090378,CE ELIZA MARIA DUTRA,Estadual,81.2,11.3,7.5
2023,SÃO GONÇALO,33090424,CE PROFESSORA ADELIA MARTINS,2,118.0,2023,São Gonçalo,33090424,CE PROFESSORA ADELIA MARTINS,Estadual,68.4,31.6,0.0
2023,SÃO GONÇALO,33090432,CE PROFESSORA DALILA DE OLIVEIRA COSTA,2,215.0,2023,São Gonçalo,33090432,CE PROFESSORA DALILA DE OLIVEIRA COSTA,Estadual,81.8,18.2,0.0
2023,SÃO GONÇALO,33090440,CE PROFESSOR FRANCISCO DE PAULA ACHILLES,2,77.0,2023,São Gonçalo,33090440,CE PROFESSOR FRANCISCO DE PAULA ACHILLES,Estadual,94.7,1.3,4.0
2023,SÃO GONÇALO,33090459,CE PROFESSORA ODYSSEA SILVEIRA DE SIQUEIRA,2,136.0,2023,São Gonçalo,33090459,CE PROFESSORA ODYSSEA SILVEIRA DE SIQUEIRA,Estadual,87.5,12.5,0.0
2023,SÃO GONÇALO,33090475,CE VITAL BRASIL,2,210.0,2023,São Gonçalo,33090475,CE VITAL BRASIL,Estadual,88.0,7.7,4.3
2023,SÃO GONÇALO,33090653,CIEP 121 PROFESSOR JOADELIO CODECO,2,216.0,2023,São Gonçalo,33090653,CIEP 121 PROFESSOR JOADELIO CODECO,Estadual,79.5,14.0,6.5
2023,SÃO GONÇALO,33090670,CIEP 050 PABLO NERUDA,2,247.0,2023,São Gonçalo,33090670,CIEP 050 PABLO NERUDA,Estadual,78.5,17.0,4.5
2023,SÃO GONÇALO,33090688,CIEP 239 PROFESSORA ELZA VIANNA FIALHO,2,392.0,2023,São Gonçalo,33090688,CIEP 239 PROFESSORA ELZA VIANNA FIALHO,Estadual,54.9,8.4,36.7
2023,SÃO GONÇALO,33090726,CE TRASILBO FILGUEIRAS,2,566.0,2023,São Gonçalo,33090726,CE TRASILBO FILGUEIRAS,Estadual,71.8,23.4,4.8
2023,SÃO GONÇALO,33090815,CE ALECRIM,2,105.0,2023,São Gonçalo,33090815,CE ALECRIM,Estadual,89.1,10.9,0.0
2023,SÃO GONÇALO,33090823,CE CORONEL SERRADO,2,157.0,2023,São Gonçalo,33090823,CE CORONEL SERRADO,Estadual,83.9,9.7,6.4
2023,SÃO GONÇALO,33090831,CE DOM ANTONIO DE ALMEIDA MORAES JUNIOR,2,189.0,2023,São Gonçalo,33090831,CE DOM ANTONIO DE ALMEIDA MORAES JUNIOR,Estadual,92.0,7.5,0.5
2023,SÃO GONÇALO,33090840,CE DOUTOR ARMANDO SA COUTO,2,137.0,2023,São Gonçalo,33090840,CE DOUTOR ARMANDO SA COUTO,Estadual,84.1,15.9,0.0
2023,SÃO GONÇALO,33090882,CE MAUA,2,201.0,2023,São Gonçalo,33090882,CE MAUA,Estadual,92.3,6.7,1.0
2023,SÃO GONÇALO,33090904,CE VILA GUARANI,2,70.0,2023,São Gonçalo,33090904,CE VILA GUARANI,Estadual,84.1,7.2,8.7
2023,SÃO GONÇALO,33091196,CE SANTOS DIAS,2,333.0,2023,São Gonçalo,33091196,CE SANTOS DIAS,Estadual,88.7,11.3,0.0
2023,SÃO GONÇALO,33091200,CE WALTER ORLANDINE,2,1113.0,2023,São Gonçalo,33091200,CE WALTER ORLANDINE,Estadual,84.8,14.6,0.6
2023,SÃO GONÇALO,33091323,CE SUBTENENTE PM MARCO ANTONIO GRIPP,2,136.0,2023,São Gonçalo,33091323,CE SUBTENENTE PM MARCO ANTONIO GRIPP,Estadual,90.6,9.4,0.0
2023,SÃO GONÇALO,33091340,CE CAPITAO OSWALDO ORNELLAS,2,310.0,2023,São Gonçalo,33091340,CE CAPITAO OSWALDO ORNELLAS,Estadual,83.1,8.5,8.4
2023,SÃO GONÇALO,33091382,CE CORONEL FRANCISCO LIMA,2,203.0,2023,São Gonçalo,33091382,CE CORONEL FRANCISCO LIMA,Estadual,90.8,9.2,0.0
2023,SÃO GONÇALO,33091390,CE CORONEL JOAO TARCISIO BUENO,2,157.0,2023,São Gonçalo,33091390,CE CORONEL JOAO TARCISIO BUENO,Estadual,77.9,19.5,2.6
2023,SÃO GONÇALO,33091447,CE MELCHIADES PICANCO,2,220.0,2023,São Gonçalo,33091447,CE MELCHIADES PICANCO,Estadual,71.4,20.7,7.9
2023,SÃO GONÇALO,33091757,CIEP 246 PROFESSORA ADALGISA CABRAL DE FARIA,2,221.0,2023,São Gonçalo,33091757,CIEP 246 PROFESSORA ADALGISA CABRAL DE FARIA,Estadual,76.1,18.8,5.1
2023,SÃO GONÇALO,33091765,CE PAULINO PINHEIRO BAPTISTA,2,246.0,2023,São Gonçalo,33091765,CE PAULINO PINHEIRO BAPTISTA,Estadual,78.4,15.5,6.1
2023,SÃO GONÇALO,33091897,CE CORONEL PM MARCUS JARDIM,2,233.0,2023,São Gonçalo,33091897,CE CORONEL PM MARCUS JARDIM,Estadual,93.3,6.7,0.0
2023,RIO DE JANEIRO,33095078,CE BERNARDO DE VASCONCELOS,2,307.0,2023,Rio de Janeiro,33095078,CE BERNARDO DE VASCONCELOS,Estadual,76.5,5.2,18.3
2023,RIO DE JANEIRO,33096759,CIEP 173 RAINHA NZINGA DE ANGOLA,2,497.0,2023,Rio de Janeiro,33096759,CIEP 173 RAINHA NZINGA DE ANGOLA,Estadual,60.9,39.1,0.0
2023,NITERÓI,33096805,CIEP 449 GOVERNADOR LEONEL DE MOURA BRIZOLA BRASIL FRANCA,2,253.0,2023,Niterói,33096805,CIEP 449 GOVERNADOR LEONEL DE MOURA BRIZOLA BRASIL FRANCA,Estadual,84.8,15.2,0.0
2023,MARICÁ,33096929,CIEP 391 PROFESSOR ROBSON MENDONCA LOU,2,280.0,2023,Maricá,33096929,CIEP 391 PROFESSOR ROBSON MENDONCA LOU,Estadual,52.7,12.0,35.3
2023,SÃO GONÇALO,33096970,CIEP 309 ZUZU ANGEL BRASILCOLOMBIA,2,200.0,2023,São Gonçalo,33096970,CIEP 309 ZUZU ANGEL BRASILCOLOMBIA,Estadual,80.6,11.0,8.4
2023,SÃO GONÇALO,33096988,CIEP 412 DOUTOR ZERBINI,2,232.0,2023,São Gonçalo,33096988,CIEP 412 DOUTOR ZERBINI,Estadual,76.3,19.8,3.9
2023,RIO DE JANEIRO,33097038,CIEP 326 PROFESSOR CESAR PERNETTA,2,953.0,2023,Rio de Janeiro,33097038,CIEP 326 PROFESSOR CESAR PERNETTA,Estadual,61.6,9.1,29.3
2023,RIO DE JANEIRO,33097283,CIEP 321 DOUTOR ULISSES GUIMARAES,2,2471.0,2023,Rio de Janeiro,33097283,CIEP 321 DOUTOR ULISSES GUIMARAES,Estadual,73.2,16.4,10.4
2023,RIO DE JANEIRO,33100659,CAIC NACOES UNIDAS,2,638.0,2023,Rio de Janeiro,33100659,CAIC NACOES UNIDAS,Estadual,70.4,22.5,7.1
2023,RIO DE JANEIRO,33102210,CIEP 241 NACAO MANGUEIRENSE GOVERNADOR LEONEL DE MOURA BRIZOLA,2,922.0,2023,Rio de Janeiro,33102210,CIEP 241 NACAO MANGUEIRENSE GOVERNADOR LEONEL DE MOURA BRIZOLA,Estadual,64.8,29.7,5.5
2023,MARICÁ,33102414,CIEP 259 PROFESSORA MARIA DO AMPARO RANGEL DE SOUZA,2,1348.0,2023,Maricá,33102414,CIEP 259 PROFESSORA MARIA DO AMPARO RANGEL DE SOUZA,Estadual,72.5,18.4,9.1
2023,NITERÓI,33102503,CE DAVID CAPISTRANO,2,620.0,2023,Niterói,33102503,CE DAVID CAPISTRANO,Estadual,77.1,18.1,4.8
2023,NITERÓI,33102520,CIEP 307 DJANIRA,2,218.0,2023,Niterói,33102520,CIEP 307 DJANIRA,Estadual,78.1,18.1,3.8
2023,SÃO GONÇALO,33103879,CIEP 413 ADAO PEREIRA NUNES BRASIL MEXICO,2,219.0,2023,São Gonçalo,33103879,CIEP 413 ADAO PEREIRA NUNES BRASIL MEXICO,Estadual,94.8,3.3,1.9
2023,SÃO GONÇALO,33103887,CIEP 408 SERGIO CARDOSO,2,62.0,2023,São Gonçalo,33103887,CIEP 408 SERGIO CARDOSO,Estadual,78.6,21.4,0.0
2023,SÃO GONÇALO,33103909,CIEP 238 DOUTOR ILTON FARIA DA COSTA,2,275.0,2023,São Gonçalo,33103909,CIEP 238 DOUTOR ILTON FARIA DA COSTA,Estadual,66.9,27.3,5.8
2023,SÃO GONÇALO,33103917,CIEP 423 MORA GUIMARAES,2,92.0,2023,São Gonçalo,33103917,CIEP 423 MORA GUIMARAES,Estadual,79.8,9.5,10.7
2023,SÃO GONÇALO,33103925,CIEP 421 DEPUTADA CRISTINA TAVARES,2,47.0,2023,São Gonçalo,33103925,CIEP 421 DEPUTADA CRISTINA TAVARES,Estadual,78.7,14.9,6.4
2023,SÃO GONÇALO,33103941,CIEP 422 NICANOR FERREIRA NUNES,2,30.0,2023,São Gonçalo,33103941,CIEP 422 NICANOR FERREIRA NUNES,Estadual,80.0,12.0,8.0
2023,SÃO GONÇALO,33103968,CIEP 439 LUIZ GONZAGA JUNIOR GONZAGUINHA,2,199.0,2023,São Gonçalo,33103968,CIEP 439 LUIZ GONZAGA JUNIOR GONZAGUINHA,Estadual,77.4,16.3,6.3
2023,SÃO GONÇALO,33104182,CIEP 409 PROFESSORA ALAIDE DE FIGUEREDO SANTOS,2,318.0,2023,São Gonçalo,33104182,CIEP 409 PROFESSORA ALAIDE DE FIGUEREDO SANTOS,Estadual,76.3,13.3,10.4
2023,RIO DE JANEIRO,33104638,CIEP 195 ANIBAL MACHADO,2,61.0,2023,Rio de Janeiro,33104638,CIEP 195 ANIBAL MACHADO,Estadual,77.0,4.9,18.1
2023,RIO DE JANEIRO,33105065,CAIC EUCLYDES DA CUNHA,2,2324.0,2023,Rio de Janeiro,33105065,CAIC EUCLYDES DA CUNHA,Estadual,77.3,14.4,8.3
2023,RIO DE JANEIRO,33105103,CIEP 303 AYRTON SENNA DA SILVA,2,1044.0,2023,Rio de Janeiro,33105103,CIEP 303 AYRTON SENNA DA SILVA,Estadual,87.6,12.4,0.0
2023,RIO DE JANEIRO,33105219,CIEP 379 RAUL SEIXAS,2,454.0,2023,Rio de Janeiro,33105219,CIEP 379 RAUL SEIXAS,Estadual,76.6,17.0,6.4
2023,RIO DE JANEIRO,33105294,CIEP 311 DEPUTADO BOCAYUVA CUNHA,2,1575.0,2023,Rio de Janeiro,33105294,CIEP 311 DEPUTADO BOCAYUVA CUNHA,Estadual,77.3,20.2,2.5
2023,RIO DE JANEIRO,33106550,CIEP 223 OLYMPIO MARQUES DOS SANTOS,2,785.0,2023,Rio de Janeiro,33106550,CIEP 223 OLYMPIO MARQUES DOS SANTOS,Estadual,72.2,24.8,3.0
2023,RIO DE JANEIRO,33106584,CIEP 336 OCTAVIO MALTA,2,1331.0,2023,Rio de Janeiro,33106584,CIEP 336 OCTAVIO MALTA,Estadual,73.8,13.0,13.2
2023,RIO DE JANEIRO,33106592,CIEP 435 HELIO PELLEGRINO,2,975.0,2023,Rio de Janeiro,33106592,CIEP 435 HELIO PELLEGRINO,Estadual,82.8,11.7,5.5
2023,RIO DE JANEIRO,33106606,CIEP 224 TARSO DE CASTRO,2,725.0,2023,Rio de Janeiro,33106606,CIEP 224 TARSO DE CASTRO,Estadual,69.8,26.0,4.2
2023,RIO DE JANEIRO,33106614,CIEP 386 GUILHERME DA SILVEIRA FILHO,2,1592.0,2023,Rio de Janeiro,33106614,CIEP 386 GUILHERME DA SILVEIRA FILHO,Estadual,80.3,17.4,2.3
2023,RIO DE JANEIRO,33106630,CIEP 382 ASPIRANTE FRANCISCO MEGA,2,1307.0,2023,Rio de Janeiro,33106630,CIEP 382 ASPIRANTE FRANCISCO MEGA,Estadual,69.4,23.9,6.7
2023,RIO DE JANEIRO,33106649,CIEP 312 RAUL RYFF,2,614.0,2023,Rio de Janeiro,33106649,CIEP 312 RAUL RYFF,Estadual,87.4,8.9,3.7
2023,RIO DE JANEIRO,33106657,CIEP 183 JOAO VITTA,2,1139.0,2023,Rio de Janeiro,33106657,CIEP 183 JOAO VITTA,Estadual,74.5,24.8,0.7
2023,RIO DE JANEIRO,33106665,CIEP 432 ALBERTO CAVALCANTI,2,452.0,2023,Rio de Janeiro,33106665,CIEP 432 ALBERTO CAVALCANTI,Estadual,81.6,12.3,6.1
2023,RIO DE JANEIRO,33106673,CIEP 392 MARIO DE ANDRADE,2,1167.0,2023,Rio de Janeiro,33106673,CIEP 392 MARIO DE ANDRADE,Estadual,69.7,22.6,7.7
2023,RIO DE JANEIRO,33106681,CIEP 305 HEITOR DOS PRAZERES,2,2029.0,2023,Rio de Janeiro,33106681,CIEP 305 HEITOR DOS PRAZERES,Estadual,72.2,14.3,13.5
2023,RIO DE JANEIRO,33106690,CIEP 225 MARIO QUINTANA,2,1674.0,2023,Rio de Janeiro,33106690,CIEP 225 MARIO QUINTANA,Estadual,74.9,23.3,1.8
2023,RIO DE JANEIRO,33106703,CIEP 244 OSWALDO ARANHA,2,669.0,2023,Rio de Janeiro,33106703,CIEP 244 OSWALDO ARANHA,Estadual,65.3,31.7,3.0
2023,RIO DE JANEIRO,33106711,CIEP 362 ROBERTO BURLE MARX,2,898.0,2023,Rio de Janeiro,33106711,CIEP 362 ROBERTO BURLE MARX,Estadual,70.4,20.4,9.2
2023,RIO DE JANEIRO,33106720,CIEP 313 RUBEM BRAGA,2,745.0,2023,Rio de Janeiro,33106720,CIEP 313 RUBEM BRAGA,Estadual,59.3,22.3,18.4
2023,RIO DE JANEIRO,33106738,CIEP 433 TOGO RENAN SOARES KANELA,2,1439.0,2023,Rio de Janeiro,33106738,CIEP 433 TOGO RENAN SOARES KANELA,Estadual,66.7,26.5,6.8
2023,RIO DE JANEIRO,33106746,CIEP 165 BRIGADEIRO SERGIO CARVALHO,2,1066.0,2023,Rio de Janeiro,33106746,CIEP 165 BRIGADEIRO SERGIO CARVALHO,Estadual,58.5,29.6,11.9
2023,NITERÓI,33108579,CIEP 448 RUY FRAZAO SOARES,2,201.0,2023,Niterói,33108579,CIEP 448 RUY FRAZAO SOARES,Estadual,73.1,24.9,2.0
2023,RIO DE JANEIRO,33110476,CIEP 418 ANTONIO CARLOS BERNARDES MUSSUM,2,122.0,2023,Rio de Janeiro,33110476,CIEP 418 ANTONIO CARLOS BERNARDES MUSSUM,Estadual,71.4,10.1,18.5
2023,RIO DE JANEIRO,33110638,CIEP 205 FREI AGOSTINHO FINCIAS,2,364.0,2023,Rio de Janeiro,33110638,CIEP 205 FREI AGOSTINHO FINCIAS,Estadual,64.8,22.0,13.2
2023,RIO DE JANEIRO,33110646,CIEP 323 MARIA WERNECK DE CASTRO,2,385.0,2023,Rio de Janeiro,33110646,CIEP 323 MARIA WERNECK DE CASTRO,Estadual,73.2,12.6,14.2
2023,RIO DE JANEIRO,33110654,CIEP 092 FEDERICO FELLINI,2,745.0,2023,Rio de Janeiro,33110654,CIEP 092 FEDERICO FELLINI,Estadual,73.2,13.5,13.3
2023,RIO DE JANEIRO,33111626,CE LUIZA MAHIN,2,5.0,2023,Rio de Janeiro,33111626,CE LUIZA MAHIN,Estadual,100.0,0.0,0.0
2023,RIO DE JANEIRO,33111707,CE CANDEIA,2,11.0,2023,Rio de Janeiro,33111707,CE CANDEIA,Estadual,80.0,20.0,0.0
2023,SÃO GONÇALO,33114366,CE MARIO TAMBORINDEGUY,2,72.0,2023,São Gonçalo,33114366,CE MARIO TAMBORINDEGUY,Estadual,77.6,17.1,5.3
2023,RIO DE JANEIRO,33117950,CE PROFESSOR AUGUSTO MOTTA,2,122.0,2023,Rio de Janeiro,33117950,CE PROFESSOR AUGUSTO MOTTA,Estadual,66.1,14.4,19.5
2023,RIO DE JANEIRO,33117969,ESCOLA TECNICA ESTADUAL ADOLPHO BLOCH,2,542.0,2023,Rio de Janeiro,33117969,ESCOLA TECNICA ESTADUAL ADOLPHO BLOCH,Estadual,91.7,5.0,3.3
2023,RIO DE JANEIRO,33117977,ESCOLA TECNICA ESTADUAL SANTA CRUZ,2,775.0,2023,Rio de Janeiro,33117977,ESCOLA TECNICA ESTADUAL SANTA CRUZ,Estadual,96.1,3.0,0.9
2023,RIO DE JANEIRO,33120692,CAIC THEOPHILO DE SOUZA PINTO,2,774.0,2023,Rio de Janeiro,33120692,CAIC THEOPHILO DE SOUZA PINTO,Estadual,49.7,25.4,24.9
2023,RIO DE JANEIRO,33124620,CE PADRE CARLOS LEONCIO DA SILVA,2,36.0,2023,Rio de Janeiro,33124620,CE PADRE CARLOS LEONCIO DA SILVA,Estadual,68.0,32.0,0.0
2023,RIO DE JANEIRO,33124922,CE OLAVO JOSINO DE SALLES,2,338.0,2023,Rio de Janeiro,33124922,CE OLAVO JOSINO DE SALLES,Estadual,58.1,20.6,21.3
2023,RIO DE JANEIRO,33125304,CE MISSIONARIO MARIO WAY,2,1533.0,2023,Rio de Janeiro,33125304,CE MISSIONARIO MARIO WAY,Estadual,80.3,17.0,2.7
2023,RIO DE JANEIRO,33125317,CE PROFESSORA LUIZA MARINHO,2,1305.0,2023,Rio de Janeiro,33125317,CE PROFESSORA LUIZA MARINHO,Estadual,77.2,14.6,8.2
2023,RIO DE JANEIRO,33125333,CE IRINEU JOSE FERREIRA,2,912.0,2023,Rio de Janeiro,33125333,CE IRINEU JOSE FERREIRA,Estadual,82.5,12.2,5.3
2023,RIO DE JANEIRO,33125341,CE CORA CORALINA,2,153.0,2023,Rio de Janeiro,33125341,CE CORA CORALINA,Estadual,64.2,6.2,29.6
2023,RIO DE JANEIRO,33125627,CE MINISTRO MARCOS FREIRE,2,467.0,2023,Rio de Janeiro,33125627,CE MINISTRO MARCOS FREIRE,Estadual,58.9,39.6,1.5
2023,RIO DE JANEIRO,33125740,CE PAULO FREIRE,2,539.0,2023,Rio de Janeiro,33125740,CE PAULO FREIRE,Estadual,80.0,10.6,9.4
2023,RIO DE JANEIRO,33125805,CE TEOFILO MOREIRA DA COSTA,2,346.0,2023,Rio de Janeiro,33125805,CE TEOFILO MOREIRA DA COSTA,Estadual,86.2,13.8,0.0
2023,RIO DE JANEIRO,33126105,CE FINLANDIA,2,391.0,2023,Rio de Janeiro,33126105,CE FINLANDIA,Estadual,82.1,4.1,13.8
2023,RIO DE JANEIRO,33126160,CE OLGA BENARIO PRESTES,2,2170.0,2023,Rio de Janeiro,33126160,CE OLGA BENARIO PRESTES,Estadual,79.5,10.4,10.1
2023,RIO DE JANEIRO,33126216,CE PROFESSORA DIUMA MADEIRA SALLES DE SOUZA,2,488.0,2023,Rio de Janeiro,33126216,CE PROFESSORA DIUMA MADEIRA SALLES DE SOUZA,Estadual,76.4,22.4,1.2
2023,RIO DE JANEIRO,33126224,CE HERBERT DE SOUZA,2,386.0,2023,Rio de Janeiro,33126224,CE HERBERT DE SOUZA,Estadual,71.3,26.7,2.0
2023,RIO DE JANEIRO,33126232,CE COMPOSITOR LUIZ GONZAGA,2,226.0,2023,Rio de Janeiro,33126232,CE COMPOSITOR LUIZ GONZAGA,Estadual,82.7,6.7,10.6
2023,RIO DE JANEIRO,33126259,CE ROSA LUXEMBURGO,2,118.0,2023,Rio de Janeiro,33126259,CE ROSA LUXEMBURGO,Estadual,74.2,10.2,15.6
2023,RIO DE JANEIRO,33126267,CE PROFESSOR HORACIO MACEDO,2,234.0,2023,Rio de Janeiro,33126267,CE PROFESSOR HORACIO MACEDO,Estadual,90.1,9.5,0.4
2023,RIO DE JANEIRO,33126747,CE MADRE TERESA DE CALCUTA,2,1211.0,2023,Rio de Janeiro,33126747,CE MADRE TERESA DE CALCUTA,Estadual,82.0,18.0,0.0
2023,RIO DE JANEIRO,33126755,CE MONTEIRO DE CARVALHO,2,216.0,2023,Rio de Janeiro,33126755,CE MONTEIRO DE CARVALHO,Estadual,72.9,27.1,0.0
2023,RIO DE JANEIRO,33126852,CE PROFESSORA MARIA NAZARETH CAVALCANTI SILVA,2,905.0,2023,Rio de Janeiro,33126852,CE PROFESSORA MARIA NAZARETH CAVALCANTI SILVA,Estadual,71.2,18.3,10.5
2023,RIO DE JANEIRO,33126941,CE CHIQUINHA GONZAGA,2,219.0,2023,Rio de Janeiro,33126941,CE CHIQUINHA GONZAGA,Estadual,77.8,17.1,5.1
2023,RIO DE JANEIRO,33127395,CE MINISTRO OROZIMBO NONATO,2,46.0,2023,Rio de Janeiro,33127395,CE MINISTRO OROZIMBO NONATO,Estadual,55.8,23.3,20.9
2023,RIO DE JANEIRO,33127514,CE MARECHAL RONDON,2,322.0,2023,Rio de Janeiro,33127514,CE MARECHAL RONDON,Estadual,65.6,28.4,6.0
2023,RIO DE JANEIRO,33128235,CIEP 339 MARIO TAMBORINDEGUY,2,1046.0,2023,Rio de Janeiro,33128235,CIEP 339 MARIO TAMBORINDEGUY,Estadual,72.3,19.2,8.5
2023,RIO DE JANEIRO,33128618,CE CARLOS MAGNO NAZARETH CERQUEIRA,2,566.0,2023,Rio de Janeiro,33128618,CE CARLOS MAGNO NAZARETH CERQUEIRA,Estadual,72.9,15.8,11.3
2023,RIO DE JANEIRO,33132879,CE DOM HELDER CAMARA,2,1077.0,2023,Rio de Janeiro,33132879,CE DOM HELDER CAMARA,Estadual,77.3,22.7,0.0
2023,RIO DE JANEIRO,33132887,CE COMPOSITOR MANACEIA JOSE DE ANDRADE,2,649.0,2023,Rio de Janeiro,33132887,CE COMPOSITOR MANACEIA JOSE DE ANDRADE,Estadual,72.7,18.8,8.5
2023,RIO DE JANEIRO,33134049,CE PROFESSORA MARIA TEREZINHA DE CARVALHO MACHADO,2,1768.0,2023,Rio de Janeiro,33134049,CE PROFESSORA MARIA TEREZINHA DE CARVALHO MACHADO,Estadual,73.3,8.0,18.7
2023,RIO DE JANEIRO,33135193,CE PROFESSOR JOSE DE SOUZA MARQUES,2,756.0,2023,Rio de Janeiro,33135193,CE PROFESSOR JOSE DE SOUZA MARQUES,Estadual,71.2,24.2,4.6
2023,RIO DE JANEIRO,33136424,CE PROFESSORA VILMA ATANAZIO,2,797.0,2023,Rio de Janeiro,33136424,CE PROFESSORA VILMA ATANAZIO,Estadual,83.7,16.0,0.3
2023,RIO DE JANEIRO,33136432,CE PROFESSORA VANIA DO AMARAL MATIAS EDDE,2,990.0,2023,Rio de Janeiro,33136432,CE PROFESSORA VANIA DO AMARAL MATIAS EDDE,Estadual,79.8,14.0,6.2
2023,RIO DE JANEIRO,33136459,CE PROFESSORA ALBA CANIZARES DO NASCIMENTO,2,176.0,2023,Rio de Janeiro,33136459,CE PROFESSORA ALBA CANIZARES DO NASCIMENTO,Estadual,64.4,5.1,30.5
2023,RIO DE JANEIRO,33136475,CE MONSENHOR MIGUEL DE SANTA MARIA MOCHON,2,263.0,2023,Rio de Janeiro,33136475,CE MONSENHOR MIGUEL DE SANTA MARIA MOCHON,Estadual,90.9,7.5,1.6
2023,RIO DE JANEIRO,33136483,CE GANDHI,2,200.0,2023,Rio de Janeiro,33136483,CE GANDHI,Estadual,77.0,23.0,0.0
2023,RIO DE JANEIRO,33136505,CE PROFESSORA JEANNETTE DE SOUZA COELHO MANNARINO,2,2398.0,2023,Rio de Janeiro,33136505,CE PROFESSORA JEANNETTE DE SOUZA COELHO MANNARINO,Estadual,81.8,12.5,5.7
2023,RIO DE JANEIRO,33136513,CE ROSARIA TROTTA,2,217.0,2023,Rio de Janeiro,33136513,CE ROSARIA TROTTA,Estadual,65.6,28.7,5.7
2023,RIO DE JANEIRO,33136696,CE LIBERDADE,2,485.0,2023,Rio de Janeiro,33136696,CE LIBERDADE,Estadual,80.6,8.8,10.6
2023,RIO DE JANEIRO,33138354,CE PROFESSOR OZEAS GOMES LARANGEIRAS,2,537.0,2023,Rio de Janeiro,33138354,CE PROFESSOR OZEAS GOMES LARANGEIRAS,Estadual,87.7,10.6,1.7
2023,RIO DE JANEIRO,33138648,CE STELLA MATUTINA,2,994.0,2023,Rio de Janeiro,33138648,CE STELLA MATUTINA,Estadual,80.7,17.1,2.2
2023,RIO DE JANEIRO,33139156,CE PROFESSORA SONIA REGINA SCUDESE DESSIMONI PINTO,2,521.0,2023,Rio de Janeiro,33139156,CE PROFESSORA SONIA REGINA SCUDESE DESSIMONI PINTO,Estadual,73.9,22.8,3.3
2023,RIO DE JANEIRO,33140030,CE CONDE PEREIRA CARNEIRO,2,246.0,2023,Rio de Janeiro,33140030,CE CONDE PEREIRA CARNEIRO,Estadual,58.6,16.0,25.4
2023,RIO DE JANEIRO,33140049,CE OSWALDO TEIXEIRA,2,105.0,2023,Rio de Janeiro,33140049,CE OSWALDO TEIXEIRA,Estadual,81.7,9.6,8.7
2023,RIO DE JANEIRO,33140669,CE JORNALISTA TIM LOPES,2,1286.0,2023,Rio de Janeiro,33140669,CE JORNALISTA TIM LOPES,Estadual,64.8,28.1,7.1
2023,RIO DE JANEIRO,33140715,CE ANTONIO HOUAISS,2,1110.0,2023,Rio de Janeiro,33140715,CE ANTONIO HOUAISS,Estadual,70.4,23.3,6.3
2023,NITERÓI,33056498,CE MANUEL DE ABREU,2,571.0,2023,Niterói,33056498,CE MANUEL DE ABREU,Estadual,73.9,20.1,6.0
2023,NITERÓI,33056501,CE MARIA PEREIRA DAS NEVES,2,93.0,2023,Niterói,33056501,CE MARIA PEREIRA DAS NEVES,Estadual,74.2,24.7,1.1
2023,NITERÓI,33056560,CE PINTO LIMA,2,159.0,2023,Niterói,33056560,CE PINTO LIMA,Estadual,82.9,12.7,4.4
2023,NITERÓI,33057010,E T E HENRIQUE LAGE,2,485.0,2023,Niterói,33057010,E T E HENRIQUE LAGE,Estadual,92.0,7.6,0.4
2023,NITERÓI,33057117,IE PROFESSOR ISMAEL COUTINHO,2,247.0,2023,Niterói,33057117,IE PROFESSOR ISMAEL COUTINHO,Estadual,88.2,11.8,0.0
2023,NITERÓI,33057508,LICEU NILO PECANHA,2,1754.0,2023,Niterói,33057508,LICEU NILO PECANHA,Estadual,78.3,15.9,5.8
2023,NITERÓI,33057702,CE PROFESSORA ALCINA RODRIGUES DE LIMA,2,281.0,2023,Niterói,33057702,CE PROFESSORA ALCINA RODRIGUES DE LIMA,Estadual,77.8,17.0,5.2
2023,NITERÓI,33057737,CE ALMIRANTE TAMANDARE,2,372.0,2023,Niterói,33057737,CE ALMIRANTE TAMANDARE,Estadual,83.8,16.2,0.0
2023,NITERÓI,33057745,CE DOUTOR SOUZA SOARES,2,27.0,2023,Niterói,33057745,CE DOUTOR SOUZA SOARES,Estadual,87.1,9.7,3.2
2023,RIO DE JANEIRO,33062250,CE ALDEBARA,2,254.0,2023,Rio de Janeiro,33062250,CE ALDEBARA,Estadual,74.8,25.2,0.0
2023,RIO DE JANEIRO,33062277,CE CUBA,2,116.0,2023,Rio de Janeiro,33062277,CE CUBA,Estadual,59.1,10.4,30.5
2023,RIO DE JANEIRO,33062374,CE REVERENDO HUGH CLARENCE TUCKER,2,402.0,2023,Rio de Janeiro,33062374,CE REVERENDO HUGH CLARENCE TUCKER,Estadual,68.9,10.6,20.5
2023,RIO DE JANEIRO,33062668,CE JULIA KUBITSCHEK,2,741.0,2023,Rio de Janeiro,33062668,CE JULIA KUBITSCHEK,Estadual,82.9,11.8,5.3
2023,RIO DE JANEIRO,33062676,CE SOUZA AGUIAR,2,827.0,2023,Rio de Janeiro,33062676,CE SOUZA AGUIAR,Estadual,64.5,25.6,9.9
2023,RIO DE JANEIRO,33062919,CE PAULO DE FRONTIN,2,1109.0,2023,Rio de Janeiro,33062919,CE PAULO DE FRONTIN,Estadual,70.1,16.4,13.5
2023,RIO DE JANEIRO,33062927,CE TOMAS ANTONIO GONZAGA,2,101.0,2023,Rio de Janeiro,33062927,CE TOMAS ANTONIO GONZAGA,Estadual,63.1,11.7,25.2
2023,NITERÓI,33056471,CE JOSE BONIFACIO,2,102.0,2023,Niterói,33056471,CE JOSE BONIFACIO,Estadual,76.7,18.6,4.7
2023,NITERÓI,33056439,CE EMBAIXADOR RAUL FERNANDES,2,59.0,2023,Niterói,33056439,CE EMBAIXADOR RAUL FERNANDES,Estadual,64.9,24.6,10.5
2023,NITERÓI,33056358,CE CONSELHEIRO JOSINO,2,92.0,2023,Niterói,33056358,CE CONSELHEIRO JOSINO,Estadual,73.1,16.7,10.2
2023,NITERÓI,33055785,CE ZULEIKA RAPOSO VALLADARES,2,150.0,2023,Niterói,33055785,CE ZULEIKA RAPOSO VALLADARES,Estadual,87.0,8.9,4.1
2023,NITERÓI,33055769,CE RAUL VIDAL,2,554.0,2023,Niterói,33055769,CE RAUL VIDAL,Estadual,68.5,23.4,8.1
2023,NITERÓI,33055637,CE BRIGADEIRO CASTRIOTO,2,84.0,2023,Niterói,33055637,CE BRIGADEIRO CASTRIOTO,Estadual,91.5,7.3,1.2
2023,NITERÓI,33055629,CE BALTAZAR BERNARDINO,2,215.0,2023,Niterói,33055629,CE BALTAZAR BERNARDINO,Estadual,74.0,26.0,0.0
2023,NITERÓI,33055610,CE AURELINO LEAL,2,245.0,2023,Niterói,33055610,CE AURELINO LEAL,Estadual,50.2,43.8,6.0
2023,NITERÓI,33055467,CIEP 251 DONA MARIA PORTUGAL,2,52.0,2023,Niterói,33055467,CIEP 251 DONA MARIA PORTUGAL,Estadual,78.6,7.1,14.3
2023,MARICÁ,33054339,CE FRANCISCO JOSE DO NASCIMENTO,2,384.0,2023,Maricá,33054339,CE FRANCISCO JOSE DO NASCIMENTO,Estadual,77.1,22.9,0.0
2023,MARICÁ,33054215,CE EUCLYDES PAULO DA SILVA,2,427.0,2023,Maricá,33054215,CE EUCLYDES PAULO DA SILVA,Estadual,82.2,10.2,7.6
2023,SÃO GONÇALO,33051879,CE DOUTOR MOACYR MEIRELLES PADILHA,2,333.0,2023,São Gonçalo,33051879,CE DOUTOR MOACYR MEIRELLES PADILHA,Estadual,53.4,31.3,15.3
2024,NITERÓI,33055653,CE CONSELHEIRO MACEDO SOARES,2,382.0,2024,Niterói,33055653,CE CONSELHEIRO MACEDO SOARES,Estadual,66.5,24.0,9.5
2024,NITERÓI,33055645,CE CIZINIO SOARES PINTO,2,240.0,2024,Niterói,33055645,CE CIZINIO SOARES PINTO,Estadual,62.2,19.6,18.2
2024,NITERÓI,33055637,CE BRIGADEIRO CASTRIOTO BRASILESPANHA,2,164.0,2024,Niterói,33055637,CE BRIGADEIRO CASTRIOTO BRASILESPANHA,Estadual,97.4,1.9,0.7
2024,NITERÓI,33055629,CE BALTAZAR BERNARDINO,2,266.0,2024,Niterói,33055629,CE BALTAZAR BERNARDINO,Estadual,62.7,25.1,12.2
2024,NITERÓI,33055610,CE AURELINO LEAL,2,196.0,2024,Niterói,33055610,CE AURELINO LEAL,Estadual,65.5,23.7,10.8
2024,NITERÓI,33055467,CIEP 251 DONA MARIA PORTUGAL BRASILPARAGUAI,2,40.0,2024,Niterói,33055467,CIEP 251 DONA MARIA PORTUGAL BRASILPARAGUAI,Estadual,90.2,4.9,4.9
2024,SÃO GONÇALO,33090904,CE VILA GUARANI,2,74.0,2024,São Gonçalo,33090904,CE VILA GUARANI,Estadual,66.7,15.3,18.0
2024,SÃO GONÇALO,33090882,CE MAUA,2,212.0,2024,São Gonçalo,33090882,CE MAUA,Estadual,93.9,6.1,0.0
2024,SÃO GONÇALO,33090840,CE DOUTOR ARMANDO SA COUTO,2,129.0,2024,São Gonçalo,33090840,CE DOUTOR ARMANDO SA COUTO,Estadual,89.6,10.4,0.0
2024,SÃO GONÇALO,33090823,CE CORONEL SERRADO,2,157.0,2024,São Gonçalo,33090823,CE CORONEL SERRADO,Estadual,81.4,12.4,6.2
2024,SÃO GONÇALO,33090815,CE ALECRIM,2,121.0,2024,São Gonçalo,33090815,CE ALECRIM,Estadual,96.7,3.3,0.0
2024,SÃO GONÇALO,33090726,CE TRASILBO FILGUEIRAS,2,550.0,2024,São Gonçalo,33090726,CE TRASILBO FILGUEIRAS,Estadual,80.1,14.9,5.0
2024,SÃO GONÇALO,33090459,CE PROFESSORA ODYSSEA SILVEIRA DE SIQUEIRA,2,126.0,2024,São Gonçalo,33090459,CE PROFESSORA ODYSSEA SILVEIRA DE SIQUEIRA,Estadual,89.0,11.0,0.0
2024,SÃO GONÇALO,33090440,CE PROFESSOR FRANCISCO DE PAULA ACHILLES,2,85.0,2024,São Gonçalo,33090440,CE PROFESSOR FRANCISCO DE PAULA ACHILLES,Estadual,92.3,6.4,1.3
2024,SÃO GONÇALO,33090432,CE PROFESSORA DALILA DE OLIVEIRA COSTA,2,229.0,2024,São Gonçalo,33090432,CE PROFESSORA DALILA DE OLIVEIRA COSTA,Estadual,76.8,23.2,0.0
2024,SÃO GONÇALO,33090424,CE PROFESSORA ADELIA MARTINS,2,115.0,2024,São Gonçalo,33090424,CE PROFESSORA ADELIA MARTINS,Estadual,76.6,18.9,4.5
2024,SÃO GONÇALO,33091340,CE CAPITAO OSWALDO ORNELLAS,2,294.0,2024,São Gonçalo,33091340,CE CAPITAO OSWALDO ORNELLAS,Estadual,87.1,7.1,5.8
2024,SÃO GONÇALO,33091200,CE WALTER ORLANDINE,2,1117.0,2024,São Gonçalo,33091200,CE WALTER ORLANDINE,Estadual,88.4,11.4,0.2
2024,SÃO GONÇALO,33091196,CE SANTOS DIAS,2,339.0,2024,São Gonçalo,33091196,CE SANTOS DIAS,Estadual,84.2,14.0,1.8
2024,SÃO GONÇALO,33103909,CIEP 238 DOUTOR ILTON FARIA DA COSTA,2,295.0,2024,São Gonçalo,33103909,CIEP 238 DOUTOR ILTON FARIA DA COSTA,Estadual,69.7,18.8,11.5
2024,MARICÁ,33054177,CE DOUTOR JOAO GOMES DE MATTOS SOBRINHO,2,651.0,2024,Maricá,33054177,CE DOUTOR JOAO GOMES DE MATTOS SOBRINHO,Estadual,72.8,20.0,7.2
2024,MARICÁ,33102414,CIEP 259 PROFESSORA MARIA DO AMPARO RANGEL DE SOUZA,2,1387.0,2024,Maricá,33102414,CIEP 259 PROFESSORA MARIA DO AMPARO RANGEL DE SOUZA,Estadual,68.7,25.2,6.1
2024,MARICÁ,33054339,CE FRANCISCO JOSE DO NASCIMENTO,2,390.0,2024,Maricá,33054339,CE FRANCISCO JOSE DO NASCIMENTO,Estadual,77.6,22.4,0.0
2024,MARICÁ,33053995,CE PROFESSORA CACILDA SILVA,2,170.0,2024,Maricá,33053995,CE PROFESSORA CACILDA SILVA,Estadual,82.6,16.8,0.6
2024,MARICÁ,33053952,CE DOMICIO DA GAMA,2,390.0,2024,Maricá,33053952,CE DOMICIO DA GAMA,Estadual,90.1,9.9,0.0
2024,MARICÁ,33053910,CE ELISIARIO MATTA,2,1373.0,2024,Maricá,33053910,CE ELISIARIO MATTA,Estadual,74.1,13.8,12.1
2024,NITERÓI,33056501,CE MARIA PEREIRA DAS NEVES,2,101.0,2024,Niterói,33056501,CE MARIA PEREIRA DAS NEVES,Estadual,67.4,22.1,10.5
2024,NITERÓI,33056498,CE MANUEL DE ABREU,2,487.0,2024,Niterói,33056498,CE MANUEL DE ABREU,Estadual,83.5,14.6,1.9
2024,NITERÓI,33056480,CE LEOPOLDO FROES,2,151.0,2024,Niterói,33056480,CE LEOPOLDO FROES,Estadual,79.1,20.9,0.0
2024,NITERÓI,33056471,CE JOSE BONIFACIO,2,100.0,2024,Niterói,33056471,CE JOSE BONIFACIO,Estadual,74.5,21.4,4.1
2024,NITERÓI,33056439,CE EMBAIXADOR RAUL FERNANDES,2,63.0,2024,Niterói,33056439,CE EMBAIXADOR RAUL FERNANDES,Estadual,57.1,35.7,7.2
2024,NITERÓI,33056358,CE CONSELHEIRO JOSINO,2,80.0,2024,Niterói,33056358,CE CONSELHEIRO JOSINO,Estadual,76.1,16.9,7.0
2024,NITERÓI,33057702,CE PROFESSORA ALCINA RODRIGUES DE LIMA,2,338.0,2024,Niterói,33057702,CE PROFESSORA ALCINA RODRIGUES DE LIMA,Estadual,77.9,16.0,6.1
2024,NITERÓI,33057508,LICEU NILO PECANHA,2,1662.0,2024,Niterói,33057508,LICEU NILO PECANHA,Estadual,74.6,21.6,3.8
2024,NITERÓI,33057117,IE PROFESSOR ISMAEL COUTINHO,2,226.0,2024,Niterói,33057117,IE PROFESSOR ISMAEL COUTINHO,Estadual,86.4,13.6,0.0
2024,NITERÓI,33057010,E T E HENRIQUE LAGE,2,571.0,2024,Niterói,33057010,E T E HENRIQUE LAGE,Estadual,92.3,7.2,0.5
2024,NITERÓI,33056560,CE PINTO LIMA,2,157.0,2024,Niterói,33056560,CE PINTO LIMA,Estadual,79.6,17.8,2.6
2024,NITERÓI,33056510,CE MENEZES VIEIRA,2,29.0,2024,Niterói,33056510,CE MENEZES VIEIRA,Estadual,95.8,4.2,0.0
2024,RIO DE JANEIRO,33065276,CE ANDRE MAUROIS,2,1688.0,2024,Rio de Janeiro,33065276,CE ANDRE MAUROIS,Estadual,64.5,21.6,13.9
2024,RIO DE JANEIRO,33065217,CE PROFESSOR ANTONIO MARIA TEIXEIRA FILHO,2,403.0,2024,Rio de Janeiro,33065217,CE PROFESSOR ANTONIO MARIA TEIXEIRA FILHO,Estadual,86.8,7.8,5.4
2024,RIO DE JANEIRO,33064792,CE CASTELNUOVO,2,81.0,2024,Rio de Janeiro,33064792,CE CASTELNUOVO,Estadual,63.3,3.8,32.9
2024,RIO DE JANEIRO,33064652,CE PEDRO ALVARES CABRAL,2,855.0,2024,Rio de Janeiro,33064652,CE PEDRO ALVARES CABRAL,Estadual,78.5,17.6,3.9
2024,RIO DE JANEIRO,33064644,CE INFANTE DOM HENRIQUE,2,913.0,2024,Rio de Janeiro,33064644,CE INFANTE DOM HENRIQUE,Estadual,93.3,6.7,0.0
2024,RIO DE JANEIRO,33063907,CE PROFESSOR JOAO BORGES DE MORAES,2,296.0,2024,Rio de Janeiro,33063907,CE PROFESSOR JOAO BORGES DE MORAES,Estadual,85.1,9.6,5.3
2024,NITERÓI,33055785,CE ZULEIKA RAPOSO VALLADARES,2,141.0,2024,Niterói,33055785,CE ZULEIKA RAPOSO VALLADARES,Estadual,88.1,8.1,3.8
2024,NITERÓI,33055769,CE RAUL VIDAL,2,512.0,2024,Niterói,33055769,CE RAUL VIDAL,Estadual,66.8,25.4,7.8
2024,NITERÓI,33055750,CE PAULO ASSIS RIBEIRO,2,564.0,2024,Niterói,33055750,CE PAULO ASSIS RIBEIRO,Estadual,67.5,21.1,11.4
2024,NITERÓI,33055742,CE MULLULO DA VEIGA,2,168.0,2024,Niterói,33055742,CE MULLULO DA VEIGA,Estadual,55.3,24.1,20.6
2024,RIO DE JANEIRO,33063052,CE MEM DE SA,2,70.0,2024,Rio de Janeiro,33063052,CE MEM DE SA,Estadual,70.4,5.6,24.0
2024,RIO DE JANEIRO,33062927,CE TOMAS ANTONIO GONZAGA,2,131.0,2024,Rio de Janeiro,33062927,CE TOMAS ANTONIO GONZAGA,Estadual,54.1,27.1,18.8
2024,RIO DE JANEIRO,33062919,CE PAULO DE FRONTIN,2,1214.0,2024,Rio de Janeiro,33062919,CE PAULO DE FRONTIN,Estadual,67.3,25.8,6.9
2024,RIO DE JANEIRO,33062676,CE SOUZA AGUIAR,2,821.0,2024,Rio de Janeiro,33062676,CE SOUZA AGUIAR,Estadual,67.1,20.0,12.9
2024,RIO DE JANEIRO,33062668,CE JULIA KUBITSCHEK,2,782.0,2024,Rio de Janeiro,33062668,CE JULIA KUBITSCHEK,Estadual,79.4,12.6,8.0
2024,RIO DE JANEIRO,33062374,CE REVERENDO HUGH CLARENCE TUCKER,2,402.0,2024,Rio de Janeiro,33062374,CE REVERENDO HUGH CLARENCE TUCKER,Estadual,64.3,12.3,23.4
2024,RIO DE JANEIRO,33068852,CE PROFESSOR CLOVIS MONTEIRO,2,1062.0,2024,Rio de Janeiro,33068852,CE PROFESSOR CLOVIS MONTEIRO,Estadual,59.9,21.9,18.2
2024,RIO DE JANEIRO,33068844,CE BAHIA,2,605.0,2024,Rio de Janeiro,33068844,CE BAHIA,Estadual,80.3,9.0,10.7
2024,RIO DE JANEIRO,33068011,CE AFONSO PENA,2,508.0,2024,Rio de Janeiro,33068011,CE AFONSO PENA,Estadual,83.3,16.2,0.5
2024,RIO DE JANEIRO,33067791,CE JOAO ALFREDO,2,945.0,2024,Rio de Janeiro,33067791,CE JOAO ALFREDO,Estadual,55.8,36.3,7.9
2024,RIO DE JANEIRO,33067783,CE FRANCISCO CAMPOS,2,92.0,2024,Rio de Janeiro,33067783,CE FRANCISCO CAMPOS,Estadual,53.0,23.0,24.0
2024,RIO DE JANEIRO,33067252,INSTITUTO SUPERIOR DE EDUCACAO DO RIO DE JANEIRO,2,590.0,2024,Rio de Janeiro,33067252,INSTITUTO SUPERIOR DE EDUCACAO DO RIO DE JANEIRO,Estadual,86.2,13.3,0.5
2024,NITERÓI,33102503,CE DAVID CAPISTRANO,2,539.0,2024,Niterói,33102503,CE DAVID CAPISTRANO,Estadual,78.9,19.0,2.1
2024,NITERÓI,33096805,CIEP 449 GOVERNADOR LEONEL DE MOURA BRIZOLA BRASIL FRANCA,2,253.0,2024,Niterói,33096805,CIEP 449 GOVERNADOR LEONEL DE MOURA BRIZOLA BRASIL FRANCA,Estadual,87.0,13.0,0.0
2024,NITERÓI,33057745,CE DOUTOR SOUZA SOARES,2,32.0,2024,Niterói,33057745,CE DOUTOR SOUZA SOARES,Estadual,93.5,3.2,3.3
2024,NITERÓI,33057737,CE ALMIRANTE TAMANDARE,2,338.0,2024,Niterói,33057737,CE ALMIRANTE TAMANDARE,Estadual,82.3,17.1,0.6
2024,RIO DE JANEIRO,33066523,INSTITUTO DE APLICACAO FERNANDO RODRIGUES DA SILVEIRA CAP-UERJ,2,325.0,2024,Rio de Janeiro,33066523,INSTITUTO DE APLICACAO FERNANDO RODRIGUES DA SILVEIRA CAP-UERJ,Estadual,92.9,7.1,0.0
2024,RIO DE JANEIRO,33066140,CE GONCALVES DIAS,2,213.0,2024,Rio de Janeiro,33066140,CE GONCALVES DIAS,Estadual,66.3,12.9,20.8
2024,RIO DE JANEIRO,33066043,CE PROFESSOR ERNESTO FARIA,2,443.0,2024,Rio de Janeiro,33066043,CE PROFESSOR ERNESTO FARIA,Estadual,77.1,16.5,6.4
2024,RIO DE JANEIRO,33066035,CE OLAVO BILAC,2,1285.0,2024,Rio de Janeiro,33066035,CE OLAVO BILAC,Estadual,75.9,17.8,6.3
2024,RIO DE JANEIRO,33066027,CE NILO PECANHA,2,76.0,2024,Rio de Janeiro,33066027,CE NILO PECANHA,Estadual,52.6,15.4,32.0
2024,RIO DE JANEIRO,33065284,CE IGNACIO AZEVEDO DO AMARAL,2,579.0,2024,Rio de Janeiro,33065284,CE IGNACIO AZEVEDO DO AMARAL,Estadual,83.1,11.0,5.9
2024,RIO DE JANEIRO,33071543,CE BOLIVAR,2,55.0,2024,Rio de Janeiro,33071543,CE BOLIVAR,Estadual,89.5,3.5,7.0
2024,RIO DE JANEIRO,33071535,CE AGRIPINO GRIECO,2,234.0,2024,Rio de Janeiro,33071535,CE AGRIPINO GRIECO,Estadual,68.5,20.3,11.2
2024,RIO DE JANEIRO,33070946,E T E JUSCELINO KUBITSCHEK,2,474.0,2024,Rio de Janeiro,33070946,E T E JUSCELINO KUBITSCHEK,Estadual,92.5,7.1,0.4
2024,RIO DE JANEIRO,33070326,CE TERESA CRISTINA,2,49.0,2024,Rio de Janeiro,33070326,CE TERESA CRISTINA,Estadual,79.6,14.3,6.1
2024,RIO DE JANEIRO,33070199,CE JOAO MARQUES DOS REIS,2,83.0,2024,Rio de Janeiro,33070199,CE JOAO MARQUES DOS REIS,Estadual,60.0,13.8,26.2
2024,RIO DE JANEIRO,33070172,CE EMBAIXADOR BARROS HURTADO,2,15.0,2024,Rio de Janeiro,33070172,CE EMBAIXADOR BARROS HURTADO,Estadual,87.5,0.0,12.5
2024,RIO DE JANEIRO,33063877,CE DEODORO,2,32.0,2024,Rio de Janeiro,33063877,CE DEODORO,Estadual,68.8,15.6,15.6
2024,RIO DE JANEIRO,33063400,CE MEXICO,2,8.0,2024,Rio de Janeiro,33063400,CE MEXICO,Estadual,100.0,0.0,0.0
2024,RIO DE JANEIRO,33063397,CE AMARO CAVALCANTI,2,1399.0,2024,Rio de Janeiro,33063397,CE AMARO CAVALCANTI,Estadual,67.7,19.5,12.8
2024,RIO DE JANEIRO,33063389,CE CHICO ANYSIO,2,311.0,2024,Rio de Janeiro,33063389,CE CHICO ANYSIO,Estadual,92.6,7.4,0.0
2024,RIO DE JANEIRO,33069956,CE REPUBLICA DE ANGOLA,2,179.0,2024,Rio de Janeiro,33069956,CE REPUBLICA DE ANGOLA,Estadual,71.8,22.4,5.8
2024,RIO DE JANEIRO,33069948,CE JOSE MARTI,2,219.0,2024,Rio de Janeiro,33069948,CE JOSE MARTI,Estadual,52.2,33.8,14.0
2024,RIO DE JANEIRO,33069930,CE HEITOR LIRA,2,892.0,2024,Rio de Janeiro,33069930,CE HEITOR LIRA,Estadual,78.2,14.1,7.7
2024,RIO DE JANEIRO,33069921,CE GOMES FREIRE DE ANDRADE,2,1463.0,2024,Rio de Janeiro,33069921,CE GOMES FREIRE DE ANDRADE,Estadual,74.2,17.0,8.8
2024,RIO DE JANEIRO,33069034,CE TENENTE GENERAL NAPION,2,398.0,2024,Rio de Janeiro,33069034,CE TENENTE GENERAL NAPION,Estadual,73.3,13.5,13.2
2024,RIO DE JANEIRO,33069026,CE RUY BARBOSA,2,220.0,2024,Rio de Janeiro,33069026,CE RUY BARBOSA,Estadual,63.3,28.4,8.3
2024,RIO DE JANEIRO,33074038,CE ITALIA,2,265.0,2024,Rio de Janeiro,33074038,CE ITALIA,Estadual,67.3,9.9,22.8
2024,RIO DE JANEIRO,33073368,CE PASTOR MIRANDA PINTO,2,46.0,2024,Rio de Janeiro,33073368,CE PASTOR MIRANDA PINTO,Estadual,73.5,8.2,18.3
2024,RIO DE JANEIRO,33072370,CE VIRGILIO DE MELO FRANCO,2,163.0,2024,Rio de Janeiro,33072370,CE VIRGILIO DE MELO FRANCO,Estadual,80.0,6.7,13.3
2024,RIO DE JANEIRO,33072337,CE SARMIENTO,2,108.0,2024,Rio de Janeiro,33072337,CE SARMIENTO,Estadual,76.4,10.4,13.2
2024,RIO DE JANEIRO,33072280,CE PERNAMBUCO,2,202.0,2024,Rio de Janeiro,33072280,CE PERNAMBUCO,Estadual,67.6,32.4,0.0
2024,RIO DE JANEIRO,33072248,CE HISPANO BRASILEIRO JOAO CABRAL DE MELO NETO,2,260.0,2024,Rio de Janeiro,33072248,CE HISPANO BRASILEIRO JOAO CABRAL DE MELO NETO,Estadual,98.0,2.0,0.0
2024,RIO DE JANEIRO,33067228,ESCOLA TECNICA ESTADUAL FERREIRA VIANA,2,665.0,2024,Rio de Janeiro,33067228,ESCOLA TECNICA ESTADUAL FERREIRA VIANA,Estadual,83.3,15.8,0.9
2024,RIO DE JANEIRO,33066620,CE SOARES PEREIRA,2,67.0,2024,Rio de Janeiro,33066620,CE SOARES PEREIRA,Estadual,67.1,5.7,27.2
2024,RIO DE JANEIRO,33066612,CE PROFESSOR CLOVIS SALGADO,2,332.0,2024,Rio de Janeiro,33066612,CE PROFESSOR CLOVIS SALGADO,Estadual,70.3,11.3,18.4
2024,RIO DE JANEIRO,33066590,CE ANTONIO PRADO JUNIOR,2,1255.0,2024,Rio de Janeiro,33066590,CE ANTONIO PRADO JUNIOR,Estadual,68.8,26.7,4.5
2024,RIO DE JANEIRO,33071969,CE VISCONDE DE CAIRU,2,886.0,2024,Rio de Janeiro,33071969,CE VISCONDE DE CAIRU,Estadual,55.0,39.6,5.4
2024,RIO DE JANEIRO,33071594,CE OLINTO DA GAMA BOTELHO,2,660.0,2024,Rio de Janeiro,33071594,CE OLINTO DA GAMA BOTELHO,Estadual,79.1,20.2,0.7
2024,RIO DE JANEIRO,33071586,CE MARANHAO,2,224.0,2024,Rio de Janeiro,33071586,CE MARANHAO,Estadual,80.0,14.9,5.1
2024,RIO DE JANEIRO,33071578,CE FRANCISCO JOBIM,2,51.0,2024,Rio de Janeiro,33071578,CE FRANCISCO JOBIM,Estadual,60.0,24.0,16.0
2024,RIO DE JANEIRO,33071560,CE DELFIM MOREIRA,2,339.0,2024,Rio de Janeiro,33071560,CE DELFIM MOREIRA,Estadual,53.3,38.7,8.0
2024,RIO DE JANEIRO,33071551,CE CENTRAL DO BRASIL,2,1151.0,2024,Rio de Janeiro,33071551,CE CENTRAL DO BRASIL,Estadual,74.3,24.6,1.1
2024,RIO DE JANEIRO,33075689,CE CARDEAL ARCOVERDE,2,133.0,2024,Rio de Janeiro,33075689,CE CARDEAL ARCOVERDE,Estadual,75.4,19.0,5.6
2024,RIO DE JANEIRO,33075220,CE PROFESSOR SOUSA DA SILVEIRA,2,127.0,2024,Rio de Janeiro,33075220,CE PROFESSOR SOUSA DA SILVEIRA,Estadual,74.8,8.7,16.5
2024,RIO DE JANEIRO,33075212,CE PROFESSOR JOSE ACCIOLI,2,433.0,2024,Rio de Janeiro,33075212,CE PROFESSOR JOSE ACCIOLI,Estadual,90.4,9.4,0.2
2024,RIO DE JANEIRO,33075204,CE MARQUES REBELO,2,112.0,2024,Rio de Janeiro,33075204,CE MARQUES REBELO,Estadual,69.9,12.4,17.7
2024,RIO DE JANEIRO,33075190,CE LUIZ DE CAMOES,2,230.0,2024,Rio de Janeiro,33075190,CE LUIZ DE CAMOES,Estadual,68.2,22.4,9.4
2024,RIO DE JANEIRO,33075182,CE CIDADE DE LISBOA,2,136.0,2024,Rio de Janeiro,33075182,CE CIDADE DE LISBOA,Estadual,65.3,9.9,24.8
2024,RIO DE JANEIRO,33070164,CE CONDE DE AGROLONGO,2,64.0,2024,Rio de Janeiro,33070164,CE CONDE DE AGROLONGO,Estadual,82.0,18.0,0.0
2024,RIO DE JANEIRO,33070156,CE CHILE,2,216.0,2024,Rio de Janeiro,33070156,CE CHILE,Estadual,69.7,10.9,19.4
2024,RIO DE JANEIRO,33070148,CE BRANT HORTA,2,107.0,2024,Rio de Janeiro,33070148,CE BRANT HORTA,Estadual,64.6,15.6,19.8
2024,RIO DE JANEIRO,33069964,CE REPUBLICA DE GUINE BISSAU,2,277.0,2024,Rio de Janeiro,33069964,CE REPUBLICA DE GUINE BISSAU,Estadual,66.2,16.9,16.9
2024,RIO DE JANEIRO,33074267,CE RODRIGO OTAVIO FILHO,2,943.0,2024,Rio de Janeiro,33074267,CE RODRIGO OTAVIO FILHO,Estadual,72.4,17.4,10.2
2024,RIO DE JANEIRO,33074232,CE OLIMPIA DO COUTO,2,383.0,2024,Rio de Janeiro,33074232,CE OLIMPIA DO COUTO,Estadual,76.6,10.8,12.6
2024,RIO DE JANEIRO,33074160,CE ADLAI STEVENSON,2,89.0,2024,Rio de Janeiro,33074160,CE ADLAI STEVENSON,Estadual,73.7,5.3,21.0
2024,RIO DE JANEIRO,33074151,CE MATO GROSSO,2,2035.0,2024,Rio de Janeiro,33074151,CE MATO GROSSO,Estadual,88.4,11.6,0.0
2024,RIO DE JANEIRO,33074054,CE NUNO ALVARES PEREIRA,2,109.0,2024,Rio de Janeiro,33074054,CE NUNO ALVARES PEREIRA,Estadual,66.3,13.5,20.2
2024,RIO DE JANEIRO,33074046,CE JOSUE DE CASTRO,2,233.0,2024,Rio de Janeiro,33074046,CE JOSUE DE CASTRO,Estadual,61.7,20.4,17.9
2024,RIO DE JANEIRO,33077150,CE CARDEAL DOM EUGENIO DE ARAUJO SALES,2,444.0,2024,Rio de Janeiro,33077150,CE CARDEAL DOM EUGENIO DE ARAUJO SALES,Estadual,70.1,21.2,8.7
2024,RIO DE JANEIRO,33077142,CE MAHATMA GANDHI,2,168.0,2024,Rio de Janeiro,33077142,CE MAHATMA GANDHI,Estadual,71.8,28.2,0.0
2024,RIO DE JANEIRO,33077134,CE ENGENHEIRO BERNARDO SAYAO,2,205.0,2024,Rio de Janeiro,33077134,CE ENGENHEIRO BERNARDO SAYAO,Estadual,77.3,6.6,16.1
2024,RIO DE JANEIRO,33077126,CE EDUARDO MONDLANE,2,529.0,2024,Rio de Janeiro,33077126,CE EDUARDO MONDLANE,Estadual,75.8,20.5,3.7
2024,RIO DE JANEIRO,33077118,CE CARLOS LACERDA,2,315.0,2024,Rio de Janeiro,33077118,CE CARLOS LACERDA,Estadual,89.9,10.1,0.0
2024,RIO DE JANEIRO,33077100,CE BRIGADEIRO SCHORCHT,2,1630.0,2024,Rio de Janeiro,33077100,CE BRIGADEIRO SCHORCHT,Estadual,73.2,19.2,7.6
2024,RIO DE JANEIRO,33072205,CE LAURO SODRE,2,54.0,2024,Rio de Janeiro,33072205,CE LAURO SODRE,Estadual,80.0,10.0,10.0
2024,RIO DE JANEIRO,33072183,CE JOSE EDUARDO DE MACEDO SOARES,2,150.0,2024,Rio de Janeiro,33072183,CE JOSE EDUARDO DE MACEDO SOARES,Estadual,72.2,19.0,8.8
2024,RIO DE JANEIRO,33072094,CE JOAO KOPKE,2,74.0,2024,Rio de Janeiro,33072094,CE JOAO KOPKE,Estadual,67.9,11.5,20.6
2024,RIO DE JANEIRO,33072078,CE BARAO DE MACAUBAS,2,217.0,2024,Rio de Janeiro,33072078,CE BARAO DE MACAUBAS,Estadual,65.1,15.8,19.1
2024,RIO DE JANEIRO,33075883,CE VIRIATO CORREA,2,165.0,2024,Rio de Janeiro,33075883,CE VIRIATO CORREA,Estadual,59.0,32.5,8.5
2024,RIO DE JANEIRO,33075867,CE SANTOS DUMONT,2,174.0,2024,Rio de Janeiro,33075867,CE SANTOS DUMONT,Estadual,74.7,16.9,8.4
2024,RIO DE JANEIRO,33075832,CE PARANA,2,155.0,2024,Rio de Janeiro,33075832,CE PARANA,Estadual,60.5,23.7,15.8
2024,RIO DE JANEIRO,33075816,CE OLEGARIO MARIANO,2,227.0,2024,Rio de Janeiro,33075816,CE OLEGARIO MARIANO,Estadual,64.7,19.8,15.5
2024,RIO DE JANEIRO,33075760,CE FRANCISCO PALHETA,2,115.0,2024,Rio de Janeiro,33075760,CE FRANCISCO PALHETA,Estadual,74.5,11.8,13.7
2024,RIO DE JANEIRO,33075719,CE CONDE AFONSO CELSO,2,138.0,2024,Rio de Janeiro,33075719,CE CONDE AFONSO CELSO,Estadual,76.9,10.4,12.7
2024,RIO DE JANEIRO,33079390,CE PROFESSOR DALTRO SANTOS,2,233.0,2024,Rio de Janeiro,33079390,CE PROFESSOR DALTRO SANTOS,Estadual,61.8,33.6,4.6
2024,RIO DE JANEIRO,33079382,CE NICARAGUA,2,198.0,2024,Rio de Janeiro,33079382,CE NICARAGUA,Estadual,72.1,16.3,11.6
2024,RIO DE JANEIRO,33079374,CE LEOPOLDINA DA SILVEIRA,2,1421.0,2024,Rio de Janeiro,33079374,CE LEOPOLDINA DA SILVEIRA,Estadual,83.2,10.6,6.2
2024,RIO DE JANEIRO,33079366,CE JORGE ZARUR,2,705.0,2024,Rio de Janeiro,33079366,CE JORGE ZARUR,Estadual,76.3,22.5,1.2
2024,RIO DE JANEIRO,33079358,CE COLLECCHIO,2,1373.0,2024,Rio de Janeiro,33079358,CE COLLECCHIO,Estadual,67.5,17.6,14.9
2024,RIO DE JANEIRO,33079340,CE BANGU,2,1400.0,2024,Rio de Janeiro,33079340,CE BANGU,Estadual,60.9,22.3,16.8
2024,RIO DE JANEIRO,33075174,CE CHARLES CHAPLIN,2,99.0,2024,Rio de Janeiro,33075174,CE CHARLES CHAPLIN,Estadual,45.9,31.6,22.5
2024,RIO DE JANEIRO,33075166,IE CARMELA DUTRA,2,1015.0,2024,Rio de Janeiro,33075166,IE CARMELA DUTRA,Estadual,78.5,17.7,3.8
2024,RIO DE JANEIRO,33075034,ESCOLA TECNICA ESTADUAL OSCAR TENORIO,2,676.0,2024,Rio de Janeiro,33075034,ESCOLA TECNICA ESTADUAL OSCAR TENORIO,Estadual,87.0,10.4,2.6
2024,RIO DE JANEIRO,33074798,CE AMAPA,2,91.0,2024,Rio de Janeiro,33074798,CE AMAPA,Estadual,69.3,17.0,13.7
2024,RIO DE JANEIRO,33077525,CE MARECHAL CANROBERT PEREIRA DA COSTA,2,71.0,2024,Rio de Janeiro,33077525,CE MARECHAL CANROBERT PEREIRA DA COSTA,Estadual,69.3,21.3,9.4
2024,RIO DE JANEIRO,33077452,CE EMBAIXADOR DIAS CARNEIRO,2,245.0,2024,Rio de Janeiro,33077452,CE EMBAIXADOR DIAS CARNEIRO,Estadual,97.1,2.9,0.0
2024,RIO DE JANEIRO,33077371,CE ALINA DE BRITO,2,502.0,2024,Rio de Janeiro,33077371,CE ALINA DE BRITO,Estadual,71.3,13.0,15.7
2024,RIO DE JANEIRO,33077185,CE SENADOR TEOTONIO VILELA,2,211.0,2024,Rio de Janeiro,33077185,CE SENADOR TEOTONIO VILELA,Estadual,62.9,30.9,6.2
2024,RIO DE JANEIRO,33077177,CE PRESIDENTE JOAO GOULART,2,231.0,2024,Rio de Janeiro,33077177,CE PRESIDENTE JOAO GOULART,Estadual,75.5,13.2,11.3
2024,RIO DE JANEIRO,33077169,CE EUNICE WEAVER,2,358.0,2024,Rio de Janeiro,33077169,CE EUNICE WEAVER,Estadual,82.5,10.2,7.3
2024,RIO DE JANEIRO,33082235,CE AMAZONAS,2,575.0,2024,Rio de Janeiro,33082235,CE AMAZONAS,Estadual,82.0,12.7,5.3
2024,RIO DE JANEIRO,33082227,CE ALMIRANTE FRONTIN,2,81.0,2024,Rio de Janeiro,33082227,CE ALMIRANTE FRONTIN,Estadual,67.5,13.3,19.2
2024,RIO DE JANEIRO,33082146,CE DOUTOR ALBERT SABIN,2,1660.0,2024,Rio de Janeiro,33082146,CE DOUTOR ALBERT SABIN,Estadual,83.7,13.6,2.7
2024,RIO DE JANEIRO,33082049,CE PROFESSOR FERNANDO ANTONIO RAJA GABAGLIA,2,1314.0,2024,Rio de Janeiro,33082049,CE PROFESSOR FERNANDO ANTONIO RAJA GABAGLIA,Estadual,90.0,8.6,1.4
2024,RIO DE JANEIRO,33082030,CE FREIRE ALLEMAO,2,79.0,2024,Rio de Janeiro,33082030,CE FREIRE ALLEMAO,Estadual,76.0,8.0,16.0
2024,RIO DE JANEIRO,33082022,CE FRANCISCO CALDEIRA DE ALVARENGA,2,956.0,2024,Rio de Janeiro,33082022,CE FRANCISCO CALDEIRA DE ALVARENGA,Estadual,74.4,10.7,14.9
2024,RIO DE JANEIRO,33077088,CE ADALGISA MONTEIRO,2,402.0,2024,Rio de Janeiro,33077088,CE ADALGISA MONTEIRO,Estadual,82.5,4.6,12.9
2024,RIO DE JANEIRO,33076502,ESCOLA TECNICA ESTADUAL VISCONDE DE MAUA,2,422.0,2024,Rio de Janeiro,33076502,ESCOLA TECNICA ESTADUAL VISCONDE DE MAUA,Estadual,88.4,10.2,1.4
2024,RIO DE JANEIRO,33076480,E T E REPUBLICA,2,1226.0,2024,Rio de Janeiro,33076480,E T E REPUBLICA,Estadual,77.9,22.1,0.0
2024,RIO DE JANEIRO,33075891,CE WALDEMIRO POTSCH,2,109.0,2024,Rio de Janeiro,33075891,CE WALDEMIRO POTSCH,Estadual,79.6,16.3,4.1
2024,RIO DE JANEIRO,33079811,CE MILTON CAMPOS,2,76.0,2024,Rio de Janeiro,33079811,CE MILTON CAMPOS,Estadual,80.7,19.3,0.0
2024,RIO DE JANEIRO,33079803,CE MARIETA CUNHA DA SILVA,2,491.0,2024,Rio de Janeiro,33079803,CE MARIETA CUNHA DA SILVA,Estadual,71.8,27.5,0.7
2024,RIO DE JANEIRO,33079714,CE ENGENHEIRO JOAO THOME,2,153.0,2024,Rio de Janeiro,33079714,CE ENGENHEIRO JOAO THOME,Estadual,79.6,12.6,7.8
2024,RIO DE JANEIRO,33079706,CE DALVA DE OLIVEIRA,2,210.0,2024,Rio de Janeiro,33079706,CE DALVA DE OLIVEIRA,Estadual,74.6,8.5,16.9
2024,RIO DE JANEIRO,33079668,CE BARONESA DE SAAVEDRA,2,19.0,2024,Rio de Janeiro,33079668,CE BARONESA DE SAAVEDRA,Estadual,65.0,20.0,15.0
2024,RIO DE JANEIRO,33079404,CE REPUBLICA DE MOCAMBIQUE,2,163.0,2024,Rio de Janeiro,33079404,CE REPUBLICA DE MOCAMBIQUE,Estadual,72.3,11.9,15.8
2024,RIO DE JANEIRO,33086540,CE ACARI,2,85.0,2024,Rio de Janeiro,33086540,CE ACARI,Estadual,61.6,20.9,17.5
2024,RIO DE JANEIRO,33086427,CE AUGUSTO RUSCHI,2,48.0,2024,Rio de Janeiro,33086427,CE AUGUSTO RUSCHI,Estadual,72.9,22.9,4.2
2024,RIO DE JANEIRO,33085838,CE ROTARY,2,64.0,2024,Rio de Janeiro,33085838,CE ROTARY,Estadual,54.5,45.5,0.0
2024,RIO DE JANEIRO,33085765,CE DUNSHEE DE ABRANCHES,2,215.0,2024,Rio de Janeiro,33085765,CE DUNSHEE DE ABRANCHES,Estadual,70.6,8.9,20.5
2024,RIO DE JANEIRO,33085498,CE PREFEITO MENDES DE MORAES,2,1409.0,2024,Rio de Janeiro,33085498,CE PREFEITO MENDES DE MORAES,Estadual,68.2,30.3,1.5
2024,RIO DE JANEIRO,33085480,CE LEONEL AZEVEDO,2,253.0,2024,Rio de Janeiro,33085480,CE LEONEL AZEVEDO,Estadual,48.8,26.8,24.4
2024,RIO DE JANEIRO,33079331,CE AGOSTINHO NETO,2,200.0,2024,Rio de Janeiro,33079331,CE AGOSTINHO NETO,Estadual,75.9,7.4,16.7
2024,RIO DE JANEIRO,33079323,CE STUART EDGAR ANGEL JONES,2,1085.0,2024,Rio de Janeiro,33079323,CE STUART EDGAR ANGEL JONES,Estadual,78.4,19.6,2.0
2024,RIO DE JANEIRO,33077576,CE VICTOR HUGO,2,243.0,2024,Rio de Janeiro,33077576,CE VICTOR HUGO,Estadual,77.1,12.6,10.3
2024,RIO DE JANEIRO,33077568,CE ROSA DO POVO,2,272.0,2024,Rio de Janeiro,33077568,CE ROSA DO POVO,Estadual,76.9,16.7,6.4
2024,RIO DE JANEIRO,33082430,CE PROFESSOR VIEIRA FAZENDA,2,186.0,2024,Rio de Janeiro,33082430,CE PROFESSOR VIEIRA FAZENDA,Estadual,79.4,10.0,10.6
2024,RIO DE JANEIRO,33082375,CE RAINHA VITORIA,2,91.0,2024,Rio de Janeiro,33082375,CE RAINHA VITORIA,Estadual,73.1,17.2,9.7
2024,RIO DE JANEIRO,33082359,CE JUREMA PECANHA GIRAUD,2,220.0,2024,Rio de Janeiro,33082359,CE JUREMA PECANHA GIRAUD,Estadual,55.6,43.2,1.2
2024,RIO DE JANEIRO,33082332,CE PRESIDENTE ANTONIO CARLOS,2,222.0,2024,Rio de Janeiro,33082332,CE PRESIDENTE ANTONIO CARLOS,Estadual,57.1,5.2,37.7
2024,RIO DE JANEIRO,33082316,CE JOAO PROENCA,2,266.0,2024,Rio de Janeiro,33082316,CE JOAO PROENCA,Estadual,38.8,55.8,5.4
2024,RIO DE JANEIRO,33082286,CE GEORGE WASHINGTON,2,82.0,2024,Rio de Janeiro,33082286,CE GEORGE WASHINGTON,Estadual,81.3,11.3,7.4
2024,RIO DE JANEIRO,33088420,CE DEBORAH MENDES DE MORAES,2,774.0,2024,Rio de Janeiro,33088420,CE DEBORAH MENDES DE MORAES,Estadual,90.7,7.3,2.0
2024,RIO DE JANEIRO,33088179,CE MAX FLEIUSS,2,113.0,2024,Rio de Janeiro,33088179,CE MAX FLEIUSS,Estadual,71.2,9.0,19.8
2024,RIO DE JANEIRO,33088152,CE JORNALISTA RODOLFO FERNANDES,2,957.0,2024,Rio de Janeiro,33088152,CE JORNALISTA RODOLFO FERNANDES,Estadual,65.3,4.7,30.0
2024,RIO DE JANEIRO,33087750,CE ALMIRANTE TAMANDARE,2,130.0,2024,Rio de Janeiro,33087750,CE ALMIRANTE TAMANDARE,Estadual,68.8,9.6,21.6
2024,RIO DE JANEIRO,33087733,CE GOLDA MEIR,2,161.0,2024,Rio de Janeiro,33087733,CE GOLDA MEIR,Estadual,74.0,15.6,10.4
2024,RIO DE JANEIRO,33087725,CE GILSON AMADO,2,438.0,2024,Rio de Janeiro,33087725,CE GILSON AMADO,Estadual,76.3,18.4,5.3
2024,RIO DE JANEIRO,33081743,CIE MIECIMO DA SILVA,2,470.0,2024,Rio de Janeiro,33081743,CIE MIECIMO DA SILVA,Estadual,95.1,4.9,0.0
2024,RIO DE JANEIRO,33079943,CE JOAO SALIM MIGUEL,2,643.0,2024,Rio de Janeiro,33079943,CE JOAO SALIM MIGUEL,Estadual,92.9,7.1,0.0
2024,RIO DE JANEIRO,33079900,CE RAMIZ GALVAO,2,169.0,2024,Rio de Janeiro,33079900,CE RAMIZ GALVAO,Estadual,70.9,20.9,8.2
2024,RIO DE JANEIRO,33079820,CE MOACYR PADILHA,2,185.0,2024,Rio de Janeiro,33079820,CE MOACYR PADILHA,Estadual,75.4,11.5,13.1
2024,RIO DE JANEIRO,33086613,CE PROFESSORA ELIANE MARTINS DANTAS BRASIL ALEMANHA,2,240.0,2024,Rio de Janeiro,33086613,CE PROFESSORA ELIANE MARTINS DANTAS BRASIL ALEMANHA,Estadual,94.1,5.9,0.0
2024,RIO DE JANEIRO,33086605,CE PROFESSOR MANUEL MAURICIO DE ALBUQUERQUE,2,451.0,2024,Rio de Janeiro,33086605,CE PROFESSOR MANUEL MAURICIO DE ALBUQUERQUE,Estadual,67.5,13.5,19.0
2024,RIO DE JANEIRO,33086591,CE PROFESSOR JOEL DE OLIVEIRA,2,644.0,2024,Rio de Janeiro,33086591,CE PROFESSOR JOEL DE OLIVEIRA,Estadual,80.1,19.9,0.0
2024,RIO DE JANEIRO,33086583,CE MARECHAL JOAO BAPTISTA DE MATTOS,2,1683.0,2024,Rio de Janeiro,33086583,CE MARECHAL JOAO BAPTISTA DE MATTOS,Estadual,68.6,25.5,5.9
2024,RIO DE JANEIRO,33086575,CE GUADALUPE,2,71.0,2024,Rio de Janeiro,33086575,CE GUADALUPE,Estadual,72.6,11.0,16.4
2024,RIO DE JANEIRO,33086567,CE GRACILIANO RAMOS,2,43.0,2024,Rio de Janeiro,33086567,CE GRACILIANO RAMOS,Estadual,73.3,2.2,24.5
2024,RIO DE JANEIRO,33106614,CIEP 386 GUILHERME DA SILVEIRA FILHO,2,1563.0,2024,Rio de Janeiro,33106614,CIEP 386 GUILHERME DA SILVEIRA FILHO,Estadual,79.2,14.1,6.7
2024,RIO DE JANEIRO,33106606,CIEP 224 TARSO DE CASTRO,2,757.0,2024,Rio de Janeiro,33106606,CIEP 224 TARSO DE CASTRO,Estadual,57.2,18.6,24.2
2024,RIO DE JANEIRO,33106592,CIEP 435 HELIO PELLEGRINO,2,1051.0,2024,Rio de Janeiro,33106592,CIEP 435 HELIO PELLEGRINO,Estadual,82.8,11.6,5.6
2024,RIO DE JANEIRO,33106584,CIEP 336 OCTAVIO MALTA,2,1348.0,2024,Rio de Janeiro,33106584,CIEP 336 OCTAVIO MALTA,Estadual,77.2,12.8,10.0
2024,RIO DE JANEIRO,33106550,CIEP 223 OLYMPIO MARQUES DOS SANTOS,2,805.0,2024,Rio de Janeiro,33106550,CIEP 223 OLYMPIO MARQUES DOS SANTOS,Estadual,66.0,31.4,2.6
2024,RIO DE JANEIRO,33105294,CIEP 311 DEPUTADO BOCAYUVA CUNHA,2,1633.0,2024,Rio de Janeiro,33105294,CIEP 311 DEPUTADO BOCAYUVA CUNHA,Estadual,66.0,14.1,19.9
2024,RIO DE JANEIRO,33085463,CE ANITA GARIBALDI,2,294.0,2024,Rio de Janeiro,33085463,CE ANITA GARIBALDI,Estadual,78.1,15.2,6.7
2024,RIO DE JANEIRO,33084459,CE PESTALOZZI,2,416.0,2024,Rio de Janeiro,33084459,CE PESTALOZZI,Estadual,73.0,24.7,2.3
2024,RIO DE JANEIRO,33084238,CE BARAO DO RIO BRANCO,2,1768.0,2024,Rio de Janeiro,33084238,CE BARAO DO RIO BRANCO,Estadual,84.5,11.3,4.2
2024,RIO DE JANEIRO,33083592,IE SARAH KUBITSCHEK,2,2319.0,2024,Rio de Janeiro,33083592,IE SARAH KUBITSCHEK,Estadual,88.8,11.2,0.0
2024,RIO DE JANEIRO,33102210,CIEP 241 NACAO MANGUEIRENSE GOVERNADOR LEONEL DE MOURA BRIZOLA,2,936.0,2024,Rio de Janeiro,33102210,CIEP 241 NACAO MANGUEIRENSE GOVERNADOR LEONEL DE MOURA BRIZOLA,Estadual,64.5,35.4,0.1
2024,RIO DE JANEIRO,33100659,CAIC NACOES UNIDAS,2,559.0,2024,Rio de Janeiro,33100659,CAIC NACOES UNIDAS,Estadual,74.5,19.8,5.7
2024,RIO DE JANEIRO,33097283,CIEP 321 DOUTOR ULISSES GUIMARAES,2,2415.0,2024,Rio de Janeiro,33097283,CIEP 321 DOUTOR ULISSES GUIMARAES,Estadual,71.1,18.7,10.2
2024,RIO DE JANEIRO,33097038,CIEP 326 PROFESSOR CESAR PERNETTA,2,958.0,2024,Rio de Janeiro,33097038,CIEP 326 PROFESSOR CESAR PERNETTA,Estadual,58.9,41.1,0.0
2024,RIO DE JANEIRO,33096759,CIEP 173 RAINHA NZINGA DE ANGOLA,2,387.0,2024,Rio de Janeiro,33096759,CIEP 173 RAINHA NZINGA DE ANGOLA,Estadual,53.8,35.4,10.8
2024,RIO DE JANEIRO,33095078,CE BERNARDO DE VASCONCELOS,2,294.0,2024,Rio de Janeiro,33095078,CE BERNARDO DE VASCONCELOS,Estadual,79.7,3.3,17.0
2024,RIO DE JANEIRO,33110654,CIEP 092 FEDERICO FELLINI,2,777.0,2024,Rio de Janeiro,33110654,CIEP 092 FEDERICO FELLINI,Estadual,69.9,26.3,3.8
2024,RIO DE JANEIRO,33110646,CIEP 323 MARIA WERNECK DE CASTRO,2,393.0,2024,Rio de Janeiro,33110646,CIEP 323 MARIA WERNECK DE CASTRO,Estadual,74.4,12.7,12.9
2024,RIO DE JANEIRO,33110638,CIEP 205 FREI AGOSTINHO FINCIAS,2,345.0,2024,Rio de Janeiro,33110638,CIEP 205 FREI AGOSTINHO FINCIAS,Estadual,64.2,18.0,17.8
2024,RIO DE JANEIRO,33110476,CIEP 418 ANTONIO CARLOS BERNARDES MUSSUM,2,92.0,2024,Rio de Janeiro,33110476,CIEP 418 ANTONIO CARLOS BERNARDES MUSSUM,Estadual,93.1,6.9,0.0
2024,RIO DE JANEIRO,33106746,CIEP 165 BRIGADEIRO SERGIO CARVALHO,2,1013.0,2024,Rio de Janeiro,33106746,CIEP 165 BRIGADEIRO SERGIO CARVALHO,Estadual,66.9,27.4,5.7
2024,RIO DE JANEIRO,33106738,CIEP 433 TOGO RENAN SOARES KANELA,2,1334.0,2024,Rio de Janeiro,33106738,CIEP 433 TOGO RENAN SOARES KANELA,Estadual,72.7,25.7,1.6
2024,RIO DE JANEIRO,33087644,CE VICENTE JANNUZZI,2,2189.0,2024,Rio de Janeiro,33087644,CE VICENTE JANNUZZI,Estadual,89.8,5.7,4.5
2024,RIO DE JANEIRO,33086796,CE PARAIBA,2,80.0,2024,Rio de Janeiro,33086796,CE PARAIBA,Estadual,50.0,26.2,23.8
2024,RIO DE JANEIRO,33086737,CE COELHO NETO,2,165.0,2024,Rio de Janeiro,33086737,CE COELHO NETO,Estadual,57.3,23.8,18.9
2024,RIO DE JANEIRO,33086729,CE BELGICA,2,359.0,2024,Rio de Janeiro,33086729,CE BELGICA,Estadual,70.5,19.5,10.0
2024,RIO DE JANEIRO,33106681,CIEP 305 HEITOR DOS PRAZERES,2,2175.0,2024,Rio de Janeiro,33106681,CIEP 305 HEITOR DOS PRAZERES,Estadual,71.4,6.0,22.6
2024,RIO DE JANEIRO,33106673,CIEP 392 MARIO DE ANDRADE,2,1292.0,2024,Rio de Janeiro,33106673,CIEP 392 MARIO DE ANDRADE,Estadual,69.9,21.1,9.0
2024,RIO DE JANEIRO,33106665,CIEP 432 ALBERTO CAVALCANTI,2,431.0,2024,Rio de Janeiro,33106665,CIEP 432 ALBERTO CAVALCANTI,Estadual,74.0,18.0,8.0
2024,RIO DE JANEIRO,33106657,CIEP 183 JOAO VITTA,2,1233.0,2024,Rio de Janeiro,33106657,CIEP 183 JOAO VITTA,Estadual,62.0,29.4,8.6
2024,RIO DE JANEIRO,33106649,CIEP 312 RAUL RYFF,2,707.0,2024,Rio de Janeiro,33106649,CIEP 312 RAUL RYFF,Estadual,86.6,12.1,1.3
2024,RIO DE JANEIRO,33106630,CIEP 382 ASPIRANTE FRANCISCO MEGA,2,1369.0,2024,Rio de Janeiro,33106630,CIEP 382 ASPIRANTE FRANCISCO MEGA,Estadual,68.3,18.3,13.4
2024,RIO DE JANEIRO,33126105,CE FINLANDIA,2,394.0,2024,Rio de Janeiro,33126105,CE FINLANDIA,Estadual,82.7,7.0,10.3
2024,RIO DE JANEIRO,33125805,CE TEOFILO MOREIRA DA COSTA,2,357.0,2024,Rio de Janeiro,33125805,CE TEOFILO MOREIRA DA COSTA,Estadual,87.5,10.8,1.7
2024,RIO DE JANEIRO,33125740,CE PAULO FREIRE,2,502.0,2024,Rio de Janeiro,33125740,CE PAULO FREIRE,Estadual,73.6,18.0,8.4
2024,RIO DE JANEIRO,33125627,CE MINISTRO MARCOS FREIRE,2,369.0,2024,Rio de Janeiro,33125627,CE MINISTRO MARCOS FREIRE,Estadual,73.5,26.2,0.3
2024,RIO DE JANEIRO,33125341,CE CORA CORALINA,2,175.0,2024,Rio de Janeiro,33125341,CE CORA CORALINA,Estadual,56.6,9.0,34.4
2024,RIO DE JANEIRO,33125333,CE IRINEU JOSE FERREIRA,2,897.0,2024,Rio de Janeiro,33125333,CE IRINEU JOSE FERREIRA,Estadual,86.6,12.0,1.4
2024,RIO DE JANEIRO,33105219,CIEP 379 RAUL SEIXAS,2,448.0,2024,Rio de Janeiro,33105219,CIEP 379 RAUL SEIXAS,Estadual,73.7,11.5,14.8
2024,RIO DE JANEIRO,33105103,CIEP 303 GP AYRTON SENNA,2,1080.0,2024,Rio de Janeiro,33105103,CIEP 303 GP AYRTON SENNA,Estadual,61.9,34.4,3.7
2024,RIO DE JANEIRO,33105065,CAIC EUCLYDES DA CUNHA,2,2281.0,2024,Rio de Janeiro,33105065,CAIC EUCLYDES DA CUNHA,Estadual,81.0,11.7,7.3
2024,RIO DE JANEIRO,33104638,CIEP 195 ANIBAL MACHADO,2,26.0,2024,Rio de Janeiro,33104638,CIEP 195 ANIBAL MACHADO,Estadual,76.0,8.0,16.0
2024,RIO DE JANEIRO,33120692,CAIC THEOPHILO DE SOUZA PINTO,2,681.0,2024,Rio de Janeiro,33120692,CAIC THEOPHILO DE SOUZA PINTO,Estadual,49.0,31.4,19.6
2024,RIO DE JANEIRO,33117977,ESCOLA TECNICA ESTADUAL SANTA CRUZ,2,736.0,2024,Rio de Janeiro,33117977,ESCOLA TECNICA ESTADUAL SANTA CRUZ,Estadual,95.4,4.0,0.6
2024,RIO DE JANEIRO,33117969,ESCOLA TECNICA ESTADUAL ADOLPHO BLOCH,2,543.0,2024,Rio de Janeiro,33117969,ESCOLA TECNICA ESTADUAL ADOLPHO BLOCH,Estadual,94.2,4.6,1.2
2024,RIO DE JANEIRO,33117950,CE PROFESSOR AUGUSTO MOTTA,2,123.0,2024,Rio de Janeiro,33117950,CE PROFESSOR AUGUSTO MOTTA,Estadual,57.8,16.4,25.8
2024,RIO DE JANEIRO,33111707,CE CANDEIA,2,16.0,2024,Rio de Janeiro,33111707,CE CANDEIA,Estadual,91.7,8.3,0.0
2024,RIO DE JANEIRO,33111626,CE LUIZA MAHIN,2,11.0,2024,Rio de Janeiro,33111626,CE LUIZA MAHIN,Estadual,100.0,0.0,0.0
2024,RIO DE JANEIRO,33132887,CE COMPOSITOR MANACEIA JOSE DE ANDRADE,2,590.0,2024,Rio de Janeiro,33132887,CE COMPOSITOR MANACEIA JOSE DE ANDRADE,Estadual,78.6,13.2,8.2
2024,RIO DE JANEIRO,33132879,CE DOM HELDER CAMARA,2,995.0,2024,Rio de Janeiro,33132879,CE DOM HELDER CAMARA,Estadual,67.5,29.5,3.0
2024,RIO DE JANEIRO,33128618,CE CARLOS MAGNO NAZARETH CERQUEIRA,2,565.0,2024,Rio de Janeiro,33128618,CE CARLOS MAGNO NAZARETH CERQUEIRA,Estadual,70.0,18.5,11.5
2024,RIO DE JANEIRO,33128235,CIEP 339 MARIO TAMBORINDEGUY,2,953.0,2024,Rio de Janeiro,33128235,CIEP 339 MARIO TAMBORINDEGUY,Estadual,72.9,12.7,14.4
2024,RIO DE JANEIRO,33127514,CE MARECHAL RONDON,2,345.0,2024,Rio de Janeiro,33127514,CE MARECHAL RONDON,Estadual,56.7,33.7,9.6
2024,RIO DE JANEIRO,33127395,CE MINISTRO OROZIMBO NONATO,2,60.0,2024,Rio de Janeiro,33127395,CE MINISTRO OROZIMBO NONATO,Estadual,44.1,32.2,23.7
2024,RIO DE JANEIRO,33106720,CIEP 313 RUBEM BRAGA,2,700.0,2024,Rio de Janeiro,33106720,CIEP 313 RUBEM BRAGA,Estadual,61.7,20.7,17.6
2024,RIO DE JANEIRO,33106711,CIEP 362 ROBERTO BURLE MARX,2,902.0,2024,Rio de Janeiro,33106711,CIEP 362 ROBERTO BURLE MARX,Estadual,70.8,17.2,12.0
2024,RIO DE JANEIRO,33106703,CIEP 244 OSWALDO ARANHA,2,680.0,2024,Rio de Janeiro,33106703,CIEP 244 OSWALDO ARANHA,Estadual,67.5,25.2,7.3
2024,RIO DE JANEIRO,33106690,CIEP 225 MARIO QUINTANA,2,1695.0,2024,Rio de Janeiro,33106690,CIEP 225 MARIO QUINTANA,Estadual,79.2,17.9,2.9
2024,RIO DE JANEIRO,33126267,CE PROFESSOR HORACIO MACEDO,2,234.0,2024,Rio de Janeiro,33126267,CE PROFESSOR HORACIO MACEDO,Estadual,87.6,12.4,0.0
2024,RIO DE JANEIRO,33126259,CE ROSA LUXEMBURGO,2,124.0,2024,Rio de Janeiro,33126259,CE ROSA LUXEMBURGO,Estadual,63.6,19.5,16.9
2024,RIO DE JANEIRO,33126232,CE COMPOSITOR LUIZ GONZAGA,2,228.0,2024,Rio de Janeiro,33126232,CE COMPOSITOR LUIZ GONZAGA,Estadual,81.6,7.0,11.4
2024,RIO DE JANEIRO,33126224,CE HERBERT DE SOUZA,2,370.0,2024,Rio de Janeiro,33126224,CE HERBERT DE SOUZA,Estadual,71.8,18.0,10.2
2024,RIO DE JANEIRO,33126216,CE PROFESSORA DIUMA MADEIRA SALLES DE SOUZA,2,437.0,2024,Rio de Janeiro,33126216,CE PROFESSORA DIUMA MADEIRA SALLES DE SOUZA,Estadual,71.9,26.6,1.5
2024,RIO DE JANEIRO,33126160,CE OLGA BENARIO PRESTES,2,2146.0,2024,Rio de Janeiro,33126160,CE OLGA BENARIO PRESTES,Estadual,78.4,11.2,10.4
2024,RIO DE JANEIRO,33140669,CE JORNALISTA TIM LOPES,2,1275.0,2024,Rio de Janeiro,33140669,CE JORNALISTA TIM LOPES,Estadual,66.1,23.1,10.8
2024,RIO DE JANEIRO,33140049,CE OSWALDO TEIXEIRA,2,128.0,2024,Rio de Janeiro,33140049,CE OSWALDO TEIXEIRA,Estadual,83.1,8.1,8.8
2024,RIO DE JANEIRO,33140030,CE CONDE PEREIRA CARNEIRO,2,215.0,2024,Rio de Janeiro,33140030,CE CONDE PEREIRA CARNEIRO,Estadual,52.3,25.0,22.7
2024,RIO DE JANEIRO,33139156,CE PROFESSORA SONIA REGINA SCUDESE DESSIMONI PINTO,2,468.0,2024,Rio de Janeiro,33139156,CE PROFESSORA SONIA REGINA SCUDESE DESSIMONI PINTO,Estadual,76.0,22.6,1.4
2024,RIO DE JANEIRO,33138648,CE STELLA MATUTINA,2,883.0,2024,Rio de Janeiro,33138648,CE STELLA MATUTINA,Estadual,82.6,11.9,5.5
2024,RIO DE JANEIRO,33138354,CE PROFESSOR OZEAS GOMES LARANGEIRAS,2,558.0,2024,Rio de Janeiro,33138354,CE PROFESSOR OZEAS GOMES LARANGEIRAS,Estadual,85.6,6.6,7.8
2024,RIO DE JANEIRO,33125317,CE PROFESSORA LUIZA MARINHO,2,1242.0,2024,Rio de Janeiro,33125317,CE PROFESSORA LUIZA MARINHO,Estadual,79.5,15.6,4.9
2024,RIO DE JANEIRO,33125304,CE MISSIONARIO MARIO WAY,2,1600.0,2024,Rio de Janeiro,33125304,CE MISSIONARIO MARIO WAY,Estadual,87.0,11.6,1.4
2024,RIO DE JANEIRO,33124922,CE OLAVO JOSINO DE SALLES,2,325.0,2024,Rio de Janeiro,33124922,CE OLAVO JOSINO DE SALLES,Estadual,61.7,26.5,11.8
2024,RIO DE JANEIRO,33124620,CE PADRE CARLOS LEONCIO DA SILVA,2,39.0,2024,Rio de Janeiro,33124620,CE PADRE CARLOS LEONCIO DA SILVA,Estadual,63.0,37.0,0.0
2024,RIO DE JANEIRO,33136475,CE MONSENHOR MIGUEL DE SANTA MARIA MOCHON,2,261.0,2024,Rio de Janeiro,33136475,CE MONSENHOR MIGUEL DE SANTA MARIA MOCHON,Estadual,86.8,12.8,0.4
2024,RIO DE JANEIRO,33136459,CE PROFESSORA ALBA CANIZARES DO NASCIMENTO,2,196.0,2024,Rio de Janeiro,33136459,CE PROFESSORA ALBA CANIZARES DO NASCIMENTO,Estadual,67.0,8.1,24.9
2024,RIO DE JANEIRO,33136432,CE PROFESSORA VANIA DO AMARAL MATIAS EDDE,2,949.0,2024,Rio de Janeiro,33136432,CE PROFESSORA VANIA DO AMARAL MATIAS EDDE,Estadual,82.2,10.7,7.1
2024,RIO DE JANEIRO,33136424,CE PROFESSORA VILMA ATANAZIO,2,702.0,2024,Rio de Janeiro,33136424,CE PROFESSORA VILMA ATANAZIO,Estadual,85.5,12.9,1.6
2024,RIO DE JANEIRO,33135193,CE PROFESSOR JOSE DE SOUZA MARQUES,2,669.0,2024,Rio de Janeiro,33135193,CE PROFESSOR JOSE DE SOUZA MARQUES,Estadual,66.2,23.6,10.2
2024,RIO DE JANEIRO,33134049,CE PROFESSORA MARIA TEREZINHA DE CARVALHO MACHADO,2,1717.0,2024,Rio de Janeiro,33134049,CE PROFESSORA MARIA TEREZINHA DE CARVALHO MACHADO,Estadual,70.0,13.3,16.7
2024,SÃO GONÇALO,33088900,CIEP 249 PASTOR WALDEMAR ZARRO,2,361.0,2024,São Gonçalo,33088900,CIEP 249 PASTOR WALDEMAR ZARRO,Estadual,62.0,19.0,19.0
2024,SÃO GONÇALO,33088896,CIEP 306 DEPUTADO DAVID QUINDERE,2,84.0,2024,São Gonçalo,33088896,CIEP 306 DEPUTADO DAVID QUINDERE,Estadual,90.1,9.9,0.0
2024,SÃO GONÇALO,33088870,CIEP 430 CARLOS MARIGHELLA,2,83.0,2024,São Gonçalo,33088870,CIEP 430 CARLOS MARIGHELLA,Estadual,82.1,6.0,11.9
2024,SÃO GONÇALO,33051879,CE DOUTOR MOACYR MEIRELLES PADILHA,2,308.0,2024,São Gonçalo,33051879,CE DOUTOR MOACYR MEIRELLES PADILHA,Estadual,70.2,17.7,12.1
2024,RIO DE JANEIRO,33558230,CE DEPUTADO PEDRO FERNANDES,2,1070.0,2024,Rio de Janeiro,33558230,CE DEPUTADO PEDRO FERNANDES,Estadual,67.7,16.2,16.1
2024,RIO DE JANEIRO,33508232,CE JORNALISTA ARTUR DA TAVOLA,2,367.0,2024,Rio de Janeiro,33508232,CE JORNALISTA ARTUR DA TAVOLA,Estadual,78.8,17.0,4.2
2024,RIO DE JANEIRO,33126941,CE CHIQUINHA GONZAGA,2,197.0,2024,Rio de Janeiro,33126941,CE CHIQUINHA GONZAGA,Estadual,84.2,14.6,1.2
2024,RIO DE JANEIRO,33126852,CE PROFESSORA MARIA NAZARETH CAVALCANTI SILVA,2,878.0,2024,Rio de Janeiro,33126852,CE PROFESSORA MARIA NAZARETH CAVALCANTI SILVA,Estadual,64.2,31.9,3.9
2024,RIO DE JANEIRO,33126755,CE MONTEIRO DE CARVALHO,2,249.0,2024,Rio de Janeiro,33126755,CE MONTEIRO DE CARVALHO,Estadual,75.5,21.4,3.1
2024,RIO DE JANEIRO,33126747,CE MADRE TERESA DE CALCUTA,2,1169.0,2024,Rio de Janeiro,33126747,CE MADRE TERESA DE CALCUTA,Estadual,80.9,19.0,0.1
2024,RIO DE JANEIRO,33173010,CE JORNALISTA MAURICIO AZEDO BRASILINDIA,2,179.0,2024,Rio de Janeiro,33173010,CE JORNALISTA MAURICIO AZEDO BRASILINDIA,Estadual,90.9,8.0,1.1
2024,RIO DE JANEIRO,33170150,CE HEBE CAMARGO,2,411.0,2024,Rio de Janeiro,33170150,CE HEBE CAMARGO,Estadual,93.7,6.3,0.0
2024,RIO DE JANEIRO,33157065,CE ERICH WALTER HEINE,2,544.0,2024,Rio de Janeiro,33157065,CE ERICH WALTER HEINE,Estadual,97.5,2.5,0.0
2024,RIO DE JANEIRO,33149119,CE CARLOS ARNOLDO ABRUZZINI DA FONSECA,2,1574.0,2024,Rio de Janeiro,33149119,CE CARLOS ARNOLDO ABRUZZINI DA FONSECA,Estadual,70.4,22.5,7.1
2024,RIO DE JANEIRO,33146950,CE PROFESSORA MARIA DE LOURDES DE OLIVEIRA LAVOR TIA LAVOR,2,1370.0,2024,Rio de Janeiro,33146950,CE PROFESSORA MARIA DE LOURDES DE OLIVEIRA LAVOR TIA LAVOR,Estadual,69.9,23.2,6.9
2024,RIO DE JANEIRO,33140715,CE ANTONIO HOUAISS,2,962.0,2024,Rio de Janeiro,33140715,CE ANTONIO HOUAISS,Estadual,70.8,24.8,4.4
2024,SÃO GONÇALO,33090157,CIEP 126 ALMEDORINA AZEREDO,2,53.0,2024,São Gonçalo,33090157,CIEP 126 ALMEDORINA AZEREDO,Estadual,80.8,15.4,3.8
2024,SÃO GONÇALO,33089841,IE CLELIA NANCI,2,877.0,2024,São Gonçalo,33089841,IE CLELIA NANCI,Estadual,85.2,14.8,0.0
2024,SÃO GONÇALO,33089469,CE PROFESSORA ANTONIETA PALMEIRA,2,394.0,2024,São Gonçalo,33089469,CE PROFESSORA ANTONIETA PALMEIRA,Estadual,91.2,6.5,2.3
2024,SÃO GONÇALO,33089426,CE MONSENHOR BARENCO COELHO,2,274.0,2024,São Gonçalo,33089426,CE MONSENHOR BARENCO COELHO,Estadual,67.8,23.0,9.2
2024,SÃO GONÇALO,33089396,CE LAURO CORREA,2,258.0,2024,São Gonçalo,33089396,CE LAURO CORREA,Estadual,76.6,13.9,9.5
2024,SÃO GONÇALO,33089388,CE FREDERICO AZEVEDO,2,338.0,2024,São Gonçalo,33089388,CE FREDERICO AZEVEDO,Estadual,72.3,18.8,8.9
2024,RIO DE JANEIRO,33136696,CE LIBERDADE,2,504.0,2024,Rio de Janeiro,33136696,CE LIBERDADE,Estadual,82.1,10.6,7.3
2024,RIO DE JANEIRO,33136513,CE ROSARIA TROTTA,2,221.0,2024,Rio de Janeiro,33136513,CE ROSARIA TROTTA,Estadual,61.4,24.2,14.4
2024,RIO DE JANEIRO,33136505,CE PROFESSORA JEANNETTE DE SOUZA COELHO MANNARINO,2,2381.0,2024,Rio de Janeiro,33136505,CE PROFESSORA JEANNETTE DE SOUZA COELHO MANNARINO,Estadual,82.4,13.7,3.9
2024,RIO DE JANEIRO,33136483,CE GANDHI,2,184.0,2024,Rio de Janeiro,33136483,CE GANDHI,Estadual,85.5,6.5,8.0
2024,SÃO GONÇALO,33089060,CE ISMAEL BRANCO,2,223.0,2024,São Gonçalo,33089060,CE ISMAEL BRANCO,Estadual,76.9,14.5,8.6
2024,SÃO GONÇALO,33089051,CE DOUTOR ADINO XAVIER,2,1150.0,2024,São Gonçalo,33089051,CE DOUTOR ADINO XAVIER,Estadual,84.8,10.5,4.7
2024,SÃO GONÇALO,33089043,CE ARMANDO GONCALVES,2,284.0,2024,São Gonçalo,33089043,CE ARMANDO GONCALVES,Estadual,78.6,21.4,0.0
2024,SÃO GONÇALO,33088950,CIEP 052 PROFESSORA ROMANDA GOUVEIA GONCALVES,2,58.0,2024,São Gonçalo,33088950,CIEP 052 PROFESSORA ROMANDA GOUVEIA GONCALVES,Estadual,88.2,11.8,0.0
2024,SÃO GONÇALO,33088942,CIEP 248 PROFESSOR TULIO RODRIGUES PERLINGEIRO,2,140.0,2024,São Gonçalo,33088942,CIEP 248 PROFESSOR TULIO RODRIGUES PERLINGEIRO,Estadual,79.7,9.8,10.5
2024,SÃO GONÇALO,33088926,CIEP 240 PROFESSOR HAROLDO TEIXEIRA VALLADAO,2,73.0,2024,São Gonçalo,33088926,CIEP 240 PROFESSOR HAROLDO TEIXEIRA VALLADAO,Estadual,91.2,7.4,1.4
2024,SÃO GONÇALO,33090173,CIEP 410 PATRICIA GALVAOPAGU,2,178.0,2024,São Gonçalo,33090173,CIEP 410 PATRICIA GALVAOPAGU,Estadual,83.2,14.5,2.3
2024,SÃO GONÇALO,33090165,CIEP 440 MAJOR JOAQUIM DE AZEVEDO COUTINHO,2,36.0,2024,São Gonçalo,33090165,CIEP 440 MAJOR JOAQUIM DE AZEVEDO COUTINHO,Estadual,72.4,13.8,13.8
2024,SÃO GONÇALO,33090149,CIEP 122 ERMEZINDA DIONISIO NECCO,2,267.0,2024,São Gonçalo,33090149,CIEP 122 ERMEZINDA DIONISIO NECCO,Estadual,73.8,20.4,5.8
2024,SÃO GONÇALO,33518238,CIEP 513 GEORGE SAVALLA GOMES PALHACO CAREQUINHA,2,87.0,2024,São Gonçalo,33518238,CIEP 513 GEORGE SAVALLA GOMES PALHACO CAREQUINHA,Estadual,65.8,22.8,11.4
2024,SÃO GONÇALO,33507210,CE COMENDADOR VALENTIM DOS SANTOS DINIZ,2,224.0,2024,São Gonçalo,33507210,CE COMENDADOR VALENTIM DOS SANTOS DINIZ,Estadual,95.8,4.2,0.0
2024,SÃO GONÇALO,33104182,CIEP 409 PROFESSORA ALAIDE DE FIGUEREDO SANTOS,2,292.0,2024,São Gonçalo,33104182,CIEP 409 PROFESSORA ALAIDE DE FIGUEREDO SANTOS,Estadual,82.5,10.5,7.0
2024,RIO DE JANEIRO,33439222,CE COMPOSITOR LUIZ CARLOS DA VILA,2,428.0,2024,Rio de Janeiro,33439222,CE COMPOSITOR LUIZ CARLOS DA VILA,Estadual,63.5,18.8,17.7
2024,RIO DE JANEIRO,33271208,CE JOSE LEITE LOPES,2,415.0,2024,Rio de Janeiro,33271208,CE JOSE LEITE LOPES,Estadual,85.0,15.0,0.0
2024,RIO DE JANEIRO,33186383,SEGUNDO COLEGIO DA POLICIA MILITAR DO ESTADO DO RIO DE JANEIRO,2,75.0,2024,Rio de Janeiro,33186383,SEGUNDO COLEGIO DA POLICIA MILITAR DO ESTADO DO RIO DE JANEIRO,Estadual,100.0,0.0,0.0
2024,RIO DE JANEIRO,33183724,CE ARTHUR ANTONIO SENDAS,2,71.0,2024,Rio de Janeiro,33183724,CE ARTHUR ANTONIO SENDAS,Estadual,95.9,2.7,1.4
2024,SÃO GONÇALO,33096970,CIEP 309 ZUZU ANGEL BRASILCOLOMBIA,2,149.0,2024,São Gonçalo,33096970,CIEP 309 ZUZU ANGEL BRASILCOLOMBIA,Estadual,85.8,14.2,0.0
2024,SÃO GONÇALO,33091897,CE CORONEL PM MARCUS JARDIM,2,238.0,2024,São Gonçalo,33091897,CE CORONEL PM MARCUS JARDIM,Estadual,91.7,8.3,0.0
2024,SÃO GONÇALO,33091382,CE CORONEL FRANCISCO LIMA,2,214.0,2024,São Gonçalo,33091382,CE CORONEL FRANCISCO LIMA,Estadual,88.6,10.9,0.5
2024,SÃO GONÇALO,33091323,CE SUBTENENTE PM MARCO ANTONIO GRIPP,2,130.0,2024,São Gonçalo,33091323,CE SUBTENENTE PM MARCO ANTONIO GRIPP,Estadual,91.5,8.5,0.0
2024,SÃO GONÇALO,33090831,CE DOM ANTONIO DE ALMEIDA MORAES JUNIOR,2,137.0,2024,São Gonçalo,33090831,CE DOM ANTONIO DE ALMEIDA MORAES JUNIOR,Estadual,97.8,1.5,0.7
2024,SÃO GONÇALO,33090327,CE DESEMBARGADOR FERREIRA PINTO,2,260.0,2024,São Gonçalo,33090327,CE DESEMBARGADOR FERREIRA PINTO,Estadual,80.9,14.5,4.6
2024,SÃO GONÇALO,33090688,CIEP 239 PROFESSORA ELZA VIANNA FIALHO,2,251.0,2024,São Gonçalo,33090688,CIEP 239 PROFESSORA ELZA VIANNA FIALHO,Estadual,77.2,14.0,8.8
2024,SÃO GONÇALO,33090670,CIEP 050 PABLO NERUDA,2,192.0,2024,São Gonçalo,33090670,CIEP 050 PABLO NERUDA,Estadual,76.2,11.9,11.9
2024,SÃO GONÇALO,33090653,CIEP 121 PROFESSOR JOADELIO CODECO,2,207.0,2024,São Gonçalo,33090653,CIEP 121 PROFESSOR JOADELIO CODECO,Estadual,91.2,8.8,0.0
2024,SÃO GONÇALO,33103925,CIEP 421 DEPUTADA CRISTINA TAVARES,2,45.0,2024,São Gonçalo,33103925,CIEP 421 DEPUTADA CRISTINA TAVARES,Estadual,90.7,7.0,2.3
2024,SÃO GONÇALO,33096988,CIEP 412 DOUTOR ZERBINI,2,80.0,2024,São Gonçalo,33096988,CIEP 412 DOUTOR ZERBINI,Estadual,84.0,14.7,1.3
2024,SÃO GONÇALO,33090475,CE VITAL BRASIL,2,219.0,2024,São Gonçalo,33090475,CE VITAL BRASIL,Estadual,85.8,11.3,2.9
2024,SÃO GONÇALO,33089124,CE PADRE MANUEL DA NOBREGA,2,220.0,2024,São Gonçalo,33089124,CE PADRE MANUEL DA NOBREGA,Estadual,80.9,12.6,6.5
2024,SÃO GONÇALO,33089108,CE PANDIA CALOGERAS,2,1090.0,2024,São Gonçalo,33089108,CE PANDIA CALOGERAS,Estadual,81.6,18.4,0.0
2024,SÃO GONÇALO,33089094,CE NILO PECANHA,2,817.0,2024,São Gonçalo,33089094,CE NILO PECANHA,Estadual,83.2,15.8,1.0
2024,SÃO GONÇALO,33089086,CE MINISTRO JOSE DE MOURA E SILVA,2,174.0,2024,São Gonçalo,33089086,CE MINISTRO JOSE DE MOURA E SILVA,Estadual,84.6,13.0,2.4
2024,SÃO GONÇALO,33090378,CE ELIZA MARIA DUTRA,2,204.0,2024,São Gonçalo,33090378,CE ELIZA MARIA DUTRA,Estadual,87.4,10.1,2.5
2024,SÃO GONÇALO,33090351,CE DOUTOR RODOLPHO SIQUEIRA,2,287.0,2024,São Gonçalo,33090351,CE DOUTOR RODOLPHO SIQUEIRA,Estadual,84.2,13.0,2.8
2024,SÃO GONÇALO,33090343,CE DOUTOR HUMBERTO SOEIRO DE CARVALHO,2,133.0,2024,São Gonçalo,33090343,CE DOUTOR HUMBERTO SOEIRO DE CARVALHO,Estadual,78.8,17.4,3.8
2024,SÃO GONÇALO,33090300,CE AUGUSTO CEZARIO DIAZ ANDRE,2,480.0,2024,São Gonçalo,33090300,CE AUGUSTO CEZARIO DIAZ ANDRE,Estadual,87.3,7.2,5.5
2024,SÃO GONÇALO,33090270,CE AMANDA VELASCO,2,444.0,2024,São Gonçalo,33090270,CE AMANDA VELASCO,Estadual,81.7,7.8,10.5
2024,SÃO GONÇALO,33090246,CE DORVAL FERREIRA DA CUNHA,2,285.0,2024,São Gonçalo,33090246,CE DORVAL FERREIRA DA CUNHA,Estadual,76.9,23.1,0.0
2024,SÃO GONÇALO,33114366,CE MARIO TAMBORINDEGUY,2,82.0,2024,São Gonçalo,33114366,CE MARIO TAMBORINDEGUY,Estadual,88.2,7.9,3.9
2024,SÃO GONÇALO,33091765,CE PAULINO PINHEIRO BAPTISTA,2,246.0,2024,São Gonçalo,33091765,CE PAULINO PINHEIRO BAPTISTA,Estadual,77.1,20.3,2.6
2024,SÃO GONÇALO,33091757,CIEP 246 PROFESSORA ADALGISA CABRAL DE FARIA,2,234.0,2024,São Gonçalo,33091757,CIEP 246 PROFESSORA ADALGISA CABRAL DE FARIA,Estadual,79.2,10.8,10.0
2024,SÃO GONÇALO,33103879,CIEP 413 ADAO PEREIRA NUNES BRASIL MEXICO,2,205.0,2024,São Gonçalo,33103879,CIEP 413 ADAO PEREIRA NUNES BRASIL MEXICO,Estadual,98.0,2.0,0.0
2024,SÃO GONÇALO,33091447,CE MELCHIADES PICANCO,2,194.0,2024,São Gonçalo,33091447,CE MELCHIADES PICANCO,Estadual,86.8,7.4,5.8
2024,SÃO GONÇALO,33091390,CE CORONEL JOAO TARCISIO BUENO,2,141.0,2024,São Gonçalo,33091390,CE CORONEL JOAO TARCISIO BUENO,Estadual,78.5,18.1,3.4
2024,SÃO GONÇALO,33103968,CIEP 439 LUIZ GONZAGA JUNIOR GONZAGUINHA,2,156.0,2024,São Gonçalo,33103968,CIEP 439 LUIZ GONZAGA JUNIOR GONZAGUINHA,Estadual,82.6,6.3,11.1
2024,SÃO GONÇALO,33103941,CIEP 422 NICANOR FERREIRA NUNES,2,33.0,2024,São Gonçalo,33103941,CIEP 422 NICANOR FERREIRA NUNES,Estadual,78.8,21.2,0.0
2024,SÃO GONÇALO,33103917,CIEP 423 MORA GUIMARAES,2,83.0,2024,São Gonçalo,33103917,CIEP 423 MORA GUIMARAES,Estadual,90.7,9.3,0.0
2024,SÃO GONÇALO,33103887,CIEP 408 SERGIO CARDOSO,2,43.0,2024,São Gonçalo,33103887,CIEP 408 SERGIO CARDOSO,Estadual,85.0,12.5,2.5
2024,NITERÓI,33055734,CE MACHADO DE ASSIS,2,304.0,2024,Niterói,33055734,CE MACHADO DE ASSIS,Estadual,76.9,17.8,5.3
2024,NITERÓI,33055726,CE JOAQUIM TAVORA,2,495.0,2024,Niterói,33055726,CE JOAQUIM TAVORA,Estadual,71.7,24.1,4.2
2024,NITERÓI,33055700,CE HILARIO RIBEIRO,2,236.0,2024,Niterói,33055700,CE HILARIO RIBEIRO,Estadual,74.4,13.7,11.9
2024,NITERÓI,33055696,CE GUILHERME BRIGGS BRASIL ESPANHA,2,257.0,2024,Niterói,33055696,CE GUILHERME BRIGGS BRASIL ESPANHA,Estadual,95.8,1.9,2.3
2024,NITERÓI,33055670,CE FERNANDO MAGALHAES,2,178.0,2024,Niterói,33055670,CE FERNANDO MAGALHAES,Estadual,82.7,14.5,2.8
2024,NITERÓI,33055661,CE DOUTOR LUCIANO PESTRE,2,109.0,2024,Niterói,33055661,CE DOUTOR LUCIANO PESTRE,Estadual,79.2,20.8,0.0
2024,RIO DE JANEIRO,33062277,CE CUBA,2,123.0,2024,Rio de Janeiro,33062277,CE CUBA,Estadual,67.8,10.7,21.5
2024,RIO DE JANEIRO,33062250,CE ALDEBARA,2,259.0,2024,Rio de Janeiro,33062250,CE ALDEBARA,Estadual,66.0,32.0,2.0
2024,NITERÓI,33172919,CE MATEMATICO JOAQUIM GOMES DE SOUSA INTERCULTURAL BRASILCHINA,2,196.0,2024,Niterói,33172919,CE MATEMATICO JOAQUIM GOMES DE SOUSA INTERCULTURAL BRASILCHINA,Estadual,89.4,10.1,0.5
2024,NITERÓI,33153795,COL DA POLICIA MILITAR DO EST DO RIO DE JANEIRO,2,62.0,2024,Niterói,33153795,COL DA POLICIA MILITAR DO EST DO RIO DE JANEIRO,Estadual,83.1,16.9,0.0
2024,NITERÓI,33108579,CIEP 448 RUY FRAZAO SOARES,2,228.0,2024,Niterói,33108579,CIEP 448 RUY FRAZAO SOARES,Estadual,70.8,25.5,3.7
2024,NITERÓI,33102520,CIEP 307 DJANIRA,2,235.0,2024,Niterói,33102520,CIEP 307 DJANIRA,Estadual,76.5,23.1,0.4
2024,MARICÁ,33183562,CE PROFESSOR DARCY RIBEIRO,2,1317.0,2024,Maricá,33183562,CE PROFESSOR DARCY RIBEIRO,Estadual,82.2,12.2,5.6
2024,MARICÁ,33096929,CIEP 391 PROFESSOR ROBSON MENDONCA LOU,2,320.0,2024,Maricá,33096929,CIEP 391 PROFESSOR ROBSON MENDONCA LOU,Estadual,52.6,29.8,17.6
2024,MARICÁ,33054215,CE EUCLYDES PAULO DA SILVA,2,465.0,2024,Maricá,33054215,CE EUCLYDES PAULO DA SILVA,Estadual,80.8,15.0,4.2
2024,MARICÁ,33054185,CE CAIO FRANCISCO DE FIGUEIREDO,2,586.0,2024,Maricá,33054185,CE CAIO FRANCISCO DE FIGUEIREDO,Estadual,77.5,11.7,10.8
2025,SÃO GONÇALO,33114366,CE MARIO TAMBORINDEGUY,2,100.0,2025,São Gonçalo,33114366,CE MARIO TAMBORINDEGUY,Estadual,84.7,7.1,8.2
2025,SÃO GONÇALO,33091765,CE PAULINO PINHEIRO BAPTISTA,2,188.0,2025,São Gonçalo,33091765,CE PAULINO PINHEIRO BAPTISTA,Estadual,93.9,2.8,3.3
2025,SÃO GONÇALO,33091757,CIEP 246 PROFESSORA ADALGISA CABRAL DE FARIA,2,233.0,2025,São Gonçalo,33091757,CIEP 246 PROFESSORA ADALGISA CABRAL DE FARIA,Estadual,83.5,10.0,6.5
2025,SÃO GONÇALO,33103879,CIEP 413 ADAO PEREIRA NUNES BRASIL MEXICO,2,162.0,2025,São Gonçalo,33103879,CIEP 413 ADAO PEREIRA NUNES BRASIL MEXICO,Estadual,98.7,1.3,0.0
2025,SÃO GONÇALO,33091447,CE MELCHIADES PICANCO,2,208.0,2025,São Gonçalo,33091447,CE MELCHIADES PICANCO,Estadual,92.8,3.4,3.8
2025,SÃO GONÇALO,33091390,CE CORONEL JOAO TARCISIO BUENO,2,134.0,2025,São Gonçalo,33091390,CE CORONEL JOAO TARCISIO BUENO,Estadual,86.6,13.4,0.0
2025,SÃO GONÇALO,33103941,CIEP 422 NICANOR FERREIRA NUNES,2,45.0,2025,São Gonçalo,33103941,CIEP 422 NICANOR FERREIRA NUNES,Estadual,97.4,2.6,0.0
2025,SÃO GONÇALO,33103917,CIEP 423 MORA GUIMARAES,2,94.0,2025,São Gonçalo,33103917,CIEP 423 MORA GUIMARAES,Estadual,93.5,0.0,6.5
2025,SÃO GONÇALO,33103887,CIEP 408 SERGIO CARDOSO,2,29.0,2025,São Gonçalo,33103887,CIEP 408 SERGIO CARDOSO,Estadual,79.2,0.0,20.8
2025,SÃO GONÇALO,33096988,CIEP 412 DOUTOR ZERBINI,2,60.0,2025,São Gonçalo,33096988,CIEP 412 DOUTOR ZERBINI,Estadual,96.6,3.4,0.0
2025,SÃO GONÇALO,33090904,CE VILA GUARANI,2,83.0,2025,São Gonçalo,33090904,CE VILA GUARANI,Estadual,94.0,1.2,4.8
2025,SÃO GONÇALO,33090882,CE MAUA,2,208.0,2025,São Gonçalo,33090882,CE MAUA,Estadual,96.0,4.0,0.0
2025,SÃO GONÇALO,33090840,CE DOUTOR ARMANDO SA COUTO,2,106.0,2025,São Gonçalo,33090840,CE DOUTOR ARMANDO SA COUTO,Estadual,99.0,1.0,0.0
2025,SÃO GONÇALO,33090823,CE CORONEL SERRADO,2,153.0,2025,São Gonçalo,33090823,CE CORONEL SERRADO,Estadual,92.6,2.0,5.4
2025,SÃO GONÇALO,33090815,CE ALECRIM,2,128.0,2025,São Gonçalo,33090815,CE ALECRIM,Estadual,97.7,1.6,0.7
2025,SÃO GONÇALO,33090726,CE TRASILBO FILGUEIRAS,2,508.0,2025,São Gonçalo,33090726,CE TRASILBO FILGUEIRAS,Estadual,84.4,8.4,7.2
2025,SÃO GONÇALO,33090440,CE PROFESSOR FRANCISCO DE PAULA ACHILLES,2,86.0,2025,São Gonçalo,33090440,CE PROFESSOR FRANCISCO DE PAULA ACHILLES,Estadual,100.0,0.0,0.0
2025,SÃO GONÇALO,33090432,CE PROFESSORA DALILA DE OLIVEIRA COSTA,2,237.0,2025,São Gonçalo,33090432,CE PROFESSORA DALILA DE OLIVEIRA COSTA,Estadual,87.5,12.5,0.0
2025,SÃO GONÇALO,33090424,CE PROFESSORA ADELIA MARTINS,2,121.0,2025,São Gonçalo,33090424,CE PROFESSORA ADELIA MARTINS,Estadual,99.2,0.8,0.0
2025,SÃO GONÇALO,33090378,CE ELIZA MARIA DUTRA,2,181.0,2025,São Gonçalo,33090378,CE ELIZA MARIA DUTRA,Estadual,98.8,0.0,1.2
2025,SÃO GONÇALO,33090351,CE DOUTOR RODOLPHO SIQUEIRA,2,251.0,2025,São Gonçalo,33090351,CE DOUTOR RODOLPHO SIQUEIRA,Estadual,91.2,5.6,3.2
2025,SÃO GONÇALO,33090343,CE DOUTOR HUMBERTO SOEIRO DE CARVALHO,2,131.0,2025,São Gonçalo,33090343,CE DOUTOR HUMBERTO SOEIRO DE CARVALHO,Estadual,94.4,2.4,3.2
2025,SÃO GONÇALO,33090300,CE AUGUSTO CEZARIO DIAZ ANDRE,2,476.0,2025,São Gonçalo,33090300,CE AUGUSTO CEZARIO DIAZ ANDRE,Estadual,91.0,4.6,4.4
2025,SÃO GONÇALO,33090270,CE AMANDA VELASCO,2,394.0,2025,São Gonçalo,33090270,CE AMANDA VELASCO,Estadual,87.9,1.6,10.5
2025,SÃO GONÇALO,33090246,CE DORVAL FERREIRA DA CUNHA,2,251.0,2025,São Gonçalo,33090246,CE DORVAL FERREIRA DA CUNHA,Estadual,90.0,10.0,0.0
2025,SÃO GONÇALO,33090173,CIEP 410 PATRICIA GALVAOPAGU,2,167.0,2025,São Gonçalo,33090173,CIEP 410 PATRICIA GALVAOPAGU,Estadual,97.0,1.8,1.2
2025,NITERÓI,33055653,CE CONSELHEIRO MACEDO SOARES,2,318.0,2025,Niterói,33055653,CE CONSELHEIRO MACEDO SOARES,Estadual,76.2,11.1,12.7
2025,NITERÓI,33055645,CE CIZINIO SOARES PINTO,2,182.0,2025,Niterói,33055645,CE CIZINIO SOARES PINTO,Estadual,79.7,3.8,16.5
2025,NITERÓI,33055637,CE BRIGADEIRO CASTRIOTO BRASILESPANHA,2,217.0,2025,Niterói,33055637,CE BRIGADEIRO CASTRIOTO BRASILESPANHA,Estadual,100.0,0.0,0.0
2025,NITERÓI,33055629,CE BALTAZAR BERNARDINO,2,217.0,2025,Niterói,33055629,CE BALTAZAR BERNARDINO,Estadual,79.5,9.8,10.7
2025,NITERÓI,33055610,CE AURELINO LEAL,2,126.0,2025,Niterói,33055610,CE AURELINO LEAL,Estadual,96.6,2.5,0.9
2025,NITERÓI,33055467,CIEP 251 DONA MARIA PORTUGAL BRASILPARAGUAI,2,15.0,2025,Niterói,33055467,CIEP 251 DONA MARIA PORTUGAL BRASILPARAGUAI,Estadual,100.0,0.0,0.0
2025,MARICÁ,33054177,CE DOUTOR JOAO GOMES DE MATTOS SOBRINHO,2,606.0,2025,Maricá,33054177,CE DOUTOR JOAO GOMES DE MATTOS SOBRINHO,Estadual,89.1,3.3,7.6
2025,MARICÁ,33183562,CE PROFESSOR DARCY RIBEIRO,2,1601.0,2025,Maricá,33183562,CE PROFESSOR DARCY RIBEIRO,Estadual,90.5,6.8,2.7
2025,MARICÁ,33102414,CIEP 259 PROFESSORA MARIA DO AMPARO RANGEL DE SOUZA,2,1382.0,2025,Maricá,33102414,CIEP 259 PROFESSORA MARIA DO AMPARO RANGEL DE SOUZA,Estadual,75.3,15.6,9.1
2025,MARICÁ,33053995,CE PROFESSORA CACILDA SILVA,2,152.0,2025,Maricá,33053995,CE PROFESSORA CACILDA SILVA,Estadual,96.5,2.8,0.7
2025,MARICÁ,33053952,CE DOMICIO DA GAMA,2,381.0,2025,Maricá,33053952,CE DOMICIO DA GAMA,Estadual,98.6,1.4,0.0
2025,MARICÁ,33053910,CE ELISIARIO MATTA,2,1443.0,2025,Maricá,33053910,CE ELISIARIO MATTA,Estadual,94.8,3.9,1.3
2025,NITERÓI,33056501,CE MARIA PEREIRA DAS NEVES,2,94.0,2025,Niterói,33056501,CE MARIA PEREIRA DAS NEVES,Estadual,84.0,3.2,12.8
2025,NITERÓI,33056498,CE MANUEL DE ABREU,2,484.0,2025,Niterói,33056498,CE MANUEL DE ABREU,Estadual,94.2,2.2,3.6
2025,NITERÓI,33056480,CE LEOPOLDO FROES,2,134.0,2025,Niterói,33056480,CE LEOPOLDO FROES,Estadual,85.4,13.8,0.8
2025,NITERÓI,33056471,CE JOSE BONIFACIO BRASILITALIA,2,73.0,2025,Niterói,33056471,CE JOSE BONIFACIO BRASILITALIA,Estadual,91.3,1.4,7.3
2025,NITERÓI,33056439,CE EMBAIXADOR RAUL FERNANDES,2,57.0,2025,Niterói,33056439,CE EMBAIXADOR RAUL FERNANDES,Estadual,72.7,5.5,21.8
2025,NITERÓI,33056358,CE CONSELHEIRO JOSINO,2,62.0,2025,Niterói,33056358,CE CONSELHEIRO JOSINO,Estadual,89.1,0.0,10.9
2025,NITERÓI,33055734,CE MACHADO DE ASSIS,2,314.0,2025,Niterói,33055734,CE MACHADO DE ASSIS,Estadual,88.3,6.3,5.4
2025,NITERÓI,33055726,CE JOAQUIM TAVORA,2,483.0,2025,Niterói,33055726,CE JOAQUIM TAVORA,Estadual,91.3,8.7,0.0
2025,NITERÓI,33055700,CE HILARIO RIBEIRO,2,229.0,2025,Niterói,33055700,CE HILARIO RIBEIRO,Estadual,84.5,0.0,15.5
2025,NITERÓI,33055696,CE GUILHERME BRIGGS BRASILESPANHA,2,250.0,2025,Niterói,33055696,CE GUILHERME BRIGGS BRASILESPANHA,Estadual,99.2,0.8,0.0
2025,NITERÓI,33055670,CE FERNANDO MAGALHAES,2,163.0,2025,Niterói,33055670,CE FERNANDO MAGALHAES,Estadual,96.3,0.6,3.1
2025,NITERÓI,33055661,CE DOUTOR LUCIANO PESTRE,2,143.0,2025,Niterói,33055661,CE DOUTOR LUCIANO PESTRE,Estadual,86.0,9.6,4.4
2025,RIO DE JANEIRO,33062277,CE CUBA,2,100.0,2025,Rio de Janeiro,33062277,CE CUBA,Estadual,79.2,3.8,17.0
2025,RIO DE JANEIRO,33062250,CE ALDEBARA,2,221.0,2025,Rio de Janeiro,33062250,CE ALDEBARA,Estadual,100.0,0.0,0.0
2025,NITERÓI,33172919,CE MATEMATICO JOAQUIM GOMES DE SOUSA INTERCULTURAL BRASILCHINA,2,238.0,2025,Niterói,33172919,CE MATEMATICO JOAQUIM GOMES DE SOUSA INTERCULTURAL BRASILCHINA,Estadual,98.1,1.9,0.0
2025,NITERÓI,33153795,COL DA POLICIA MILITAR DO EST DO RIO DE JANEIRO,2,87.0,2025,Niterói,33153795,COL DA POLICIA MILITAR DO EST DO RIO DE JANEIRO,Estadual,84.3,15.7,0.0
2025,NITERÓI,33108579,CIEP 448 RUY FRAZAO SOARES,2,176.0,2025,Niterói,33108579,CIEP 448 RUY FRAZAO SOARES,Estadual,82.1,8.9,9.0
2025,NITERÓI,33102520,CIEP 307 DJANIRA,2,239.0,2025,Niterói,33102520,CIEP 307 DJANIRA,Estadual,87.9,5.2,6.9
2025,MARICÁ,33054339,CE FRANCISCO JOSE DO NASCIMENTO,2,381.0,2025,Maricá,33054339,CE FRANCISCO JOSE DO NASCIMENTO,Estadual,91.1,7.5,1.4
2025,MARICÁ,33096929,CIEP 391 PROFESSOR ROBSON MENDONCA LOU,2,227.0,2025,Maricá,33096929,CIEP 391 PROFESSOR ROBSON MENDONCA LOU,Estadual,62.9,14.3,22.8
2025,MARICÁ,33054215,CE EUCLYDES PAULO DA SILVA,2,449.0,2025,Maricá,33054215,CE EUCLYDES PAULO DA SILVA,Estadual,87.8,2.7,9.5
2025,MARICÁ,33054185,CE CAIO FRANCISCO DE FIGUEIREDO,2,503.0,2025,Maricá,33054185,CE CAIO FRANCISCO DE FIGUEIREDO,Estadual,94.9,1.9,3.2
2025,NITERÓI,33057702,CE PROFESSORA ALCINA RODRIGUES DE LIMA,2,368.0,2025,Niterói,33057702,CE PROFESSORA ALCINA RODRIGUES DE LIMA,Estadual,88.6,1.9,9.5
2025,NITERÓI,33057508,LICEU NILO PECANHA,2,1410.0,2025,Niterói,33057508,LICEU NILO PECANHA,Estadual,87.0,3.9,9.1
2025,NITERÓI,33057117,IE PROFESSOR ISMAEL COUTINHO,2,189.0,2025,Niterói,33057117,IE PROFESSOR ISMAEL COUTINHO,Estadual,97.0,3.0,0.0
2025,NITERÓI,33057010,E T E HENRIQUE LAGE,2,644.0,2025,Niterói,33057010,E T E HENRIQUE LAGE,Estadual,94.4,5.6,0.0
2025,NITERÓI,33056560,CE PINTO LIMA,2,147.0,2025,Niterói,33056560,CE PINTO LIMA,Estadual,91.5,7.7,0.8
2025,NITERÓI,33056510,CE MENEZES VIEIRA,2,31.0,2025,Niterói,33056510,CE MENEZES VIEIRA,Estadual,96.4,3.6,0.0
2025,RIO DE JANEIRO,33065276,CE ANDRE MAUROIS,2,1356.0,2025,Rio de Janeiro,33065276,CE ANDRE MAUROIS,Estadual,78.0,18.2,3.8
2025,RIO DE JANEIRO,33065217,CE PROFESSOR ANTONIO MARIA TEIXEIRA FILHO,2,357.0,2025,Rio de Janeiro,33065217,CE PROFESSOR ANTONIO MARIA TEIXEIRA FILHO,Estadual,95.4,3.2,1.4
2025,RIO DE JANEIRO,33064792,CE CASTELNUOVO,2,110.0,2025,Rio de Janeiro,33064792,CE CASTELNUOVO,Estadual,48.2,0.0,51.8
2025,RIO DE JANEIRO,33064652,CE PEDRO ALVARES CABRAL,2,825.0,2025,Rio de Janeiro,33064652,CE PEDRO ALVARES CABRAL,Estadual,89.8,6.3,3.9
2025,RIO DE JANEIRO,33064644,CE INFANTE DOM HENRIQUE,2,848.0,2025,Rio de Janeiro,33064644,CE INFANTE DOM HENRIQUE,Estadual,95.8,4.1,0.1
2025,RIO DE JANEIRO,33063907,CE PROFESSOR JOAO BORGES DE MORAES,2,319.0,2025,Rio de Janeiro,33063907,CE PROFESSOR JOAO BORGES DE MORAES,Estadual,90.5,4.9,4.6
2025,NITERÓI,33055785,CE ZULEIKA RAPOSO VALLADARES,2,121.0,2025,Niterói,33055785,CE ZULEIKA RAPOSO VALLADARES,Estadual,97.4,0.9,1.7
2025,NITERÓI,33055769,CE RAUL VIDAL,2,490.0,2025,Niterói,33055769,CE RAUL VIDAL,Estadual,77.9,10.4,11.7
2025,NITERÓI,33055750,CE PAULO ASSIS RIBEIRO,2,508.0,2025,Niterói,33055750,CE PAULO ASSIS RIBEIRO,Estadual,77.5,11.0,11.5
2025,NITERÓI,33055742,CE MULLULO DA VEIGA,2,158.0,2025,Niterói,33055742,CE MULLULO DA VEIGA,Estadual,74.8,10.7,14.5
2025,RIO DE JANEIRO,33063052,CE MEM DE SA,2,70.0,2025,Rio de Janeiro,33063052,CE MEM DE SA,Estadual,81.7,0.0,18.3
2025,RIO DE JANEIRO,33062927,CE TOMAS ANTONIO GONZAGA,2,129.0,2025,Rio de Janeiro,33062927,CE TOMAS ANTONIO GONZAGA,Estadual,79.7,0.8,19.5
2025,RIO DE JANEIRO,33062919,CE PAULO DE FRONTIN,2,1149.0,2025,Rio de Janeiro,33062919,CE PAULO DE FRONTIN,Estadual,79.3,17.2,3.5
2025,RIO DE JANEIRO,33062676,CE SOUZA AGUIAR,2,795.0,2025,Rio de Janeiro,33062676,CE SOUZA AGUIAR,Estadual,88.6,3.1,8.3
2025,RIO DE JANEIRO,33062668,CE JULIA KUBITSCHEK,2,744.0,2025,Rio de Janeiro,33062668,CE JULIA KUBITSCHEK,Estadual,92.4,5.1,2.5
2025,RIO DE JANEIRO,33062374,CE REVERENDO HUGH CLARENCE TUCKER,2,383.0,2025,Rio de Janeiro,33062374,CE REVERENDO HUGH CLARENCE TUCKER,Estadual,65.4,11.5,23.1
2025,RIO DE JANEIRO,33068852,CE PROFESSOR CLOVIS MONTEIRO,2,1029.0,2025,Rio de Janeiro,33068852,CE PROFESSOR CLOVIS MONTEIRO,Estadual,81.6,9.7,8.7
2025,RIO DE JANEIRO,33068844,CE BAHIA,2,563.0,2025,Rio de Janeiro,33068844,CE BAHIA,Estadual,83.6,4.2,12.2
2025,RIO DE JANEIRO,33068011,CE AFONSO PENA,2,535.0,2025,Rio de Janeiro,33068011,CE AFONSO PENA,Estadual,82.1,4.3,13.6
2025,RIO DE JANEIRO,33067791,CE JOAO ALFREDO,2,802.0,2025,Rio de Janeiro,33067791,CE JOAO ALFREDO,Estadual,74.9,24.0,1.1
2025,RIO DE JANEIRO,33067783,CE FRANCISCO CAMPOS,2,61.0,2025,Rio de Janeiro,33067783,CE FRANCISCO CAMPOS,Estadual,84.1,1.6,14.3
2025,RIO DE JANEIRO,33067252,INSTITUTO SUPERIOR DE EDUCACAO DO RIO DE JANEIRO,2,638.0,2025,Rio de Janeiro,33067252,INSTITUTO SUPERIOR DE EDUCACAO DO RIO DE JANEIRO,Estadual,88.8,11.0,0.2
2025,NITERÓI,33102503,CE DAVID CAPISTRANO,2,449.0,2025,Niterói,33102503,CE DAVID CAPISTRANO,Estadual,93.3,4.3,2.4
2025,NITERÓI,33096805,CIEP 449 GOVERNADOR LEONEL DE MOURA BRIZOLA BRASIL FRANCA,2,267.0,2025,Niterói,33096805,CIEP 449 GOVERNADOR LEONEL DE MOURA BRIZOLA BRASIL FRANCA,Estadual,96.8,3.2,0.0
2025,NITERÓI,33057745,CE DOUTOR SOUZA SOARES,2,34.0,2025,Niterói,33057745,CE DOUTOR SOUZA SOARES,Estadual,90.6,0.0,9.4
2025,NITERÓI,33057737,CE ALMIRANTE TAMANDARE,2,304.0,2025,Niterói,33057737,CE ALMIRANTE TAMANDARE,Estadual,86.0,3.8,10.2
2025,RIO DE JANEIRO,33066523,INSTITUTO DE APLICACAO FERNANDO RODRIGUES DA SILVEIRA CAP-UERJ,2,315.0,2025,Rio de Janeiro,33066523,INSTITUTO DE APLICACAO FERNANDO RODRIGUES DA SILVEIRA CAP-UERJ,Estadual,93.0,6.7,0.3
2025,RIO DE JANEIRO,33066140,CE GONCALVES DIAS,2,191.0,2025,Rio de Janeiro,33066140,CE GONCALVES DIAS,Estadual,70.3,4.7,25.0
2025,RIO DE JANEIRO,33066043,CE PROFESSOR ERNESTO FARIA,2,458.0,2025,Rio de Janeiro,33066043,CE PROFESSOR ERNESTO FARIA,Estadual,81.8,18.2,0.0
2025,RIO DE JANEIRO,33066035,CE OLAVO BILAC,2,1184.0,2025,Rio de Janeiro,33066035,CE OLAVO BILAC,Estadual,83.1,16.9,0.0
2025,RIO DE JANEIRO,33066027,CE NILO PECANHA,2,59.0,2025,Rio de Janeiro,33066027,CE NILO PECANHA,Estadual,57.8,12.5,29.7
2025,RIO DE JANEIRO,33065284,CE IGNACIO AZEVEDO DO AMARAL,2,600.0,2025,Rio de Janeiro,33065284,CE IGNACIO AZEVEDO DO AMARAL,Estadual,97.3,2.7,0.0
2025,RIO DE JANEIRO,33071543,CE BOLIVAR,2,63.0,2025,Rio de Janeiro,33071543,CE BOLIVAR,Estadual,100.0,0.0,0.0
2025,RIO DE JANEIRO,33071535,CE AGRIPINO GRIECO,2,234.0,2025,Rio de Janeiro,33071535,CE AGRIPINO GRIECO,Estadual,81.4,11.2,7.4
2025,RIO DE JANEIRO,33070946,E T E JUSCELINO KUBITSCHEK,2,515.0,2025,Rio de Janeiro,33070946,E T E JUSCELINO KUBITSCHEK,Estadual,90.6,9.4,0.0
2025,RIO DE JANEIRO,33070326,CE TERESA CRISTINA,2,72.0,2025,Rio de Janeiro,33070326,CE TERESA CRISTINA,Estadual,84.3,2.9,12.8
2025,RIO DE JANEIRO,33070199,CE JOAO MARQUES DOS REIS,2,88.0,2025,Rio de Janeiro,33070199,CE JOAO MARQUES DOS REIS,Estadual,90.0,2.2,7.8
2025,RIO DE JANEIRO,33070172,CE EMBAIXADOR BARROS HURTADO,2,56.0,2025,Rio de Janeiro,33070172,CE EMBAIXADOR BARROS HURTADO,Estadual,93.8,2.1,4.1
2025,RIO DE JANEIRO,33063877,CE DEODORO,2,30.0,2025,Rio de Janeiro,33063877,CE DEODORO,Estadual,93.9,3.0,3.1
2025,RIO DE JANEIRO,33063400,CE MEXICO,2,14.0,2025,Rio de Janeiro,33063400,CE MEXICO,Estadual,100.0,0.0,0.0
2025,RIO DE JANEIRO,33063397,CE SENOR ABRAVANEL,2,1153.0,2025,Rio de Janeiro,33063397,CE SENOR ABRAVANEL,Estadual,78.2,10.9,10.9
2025,RIO DE JANEIRO,33063389,CE CHICO ANYSIO,2,287.0,2025,Rio de Janeiro,33063389,CE CHICO ANYSIO,Estadual,97.5,1.8,0.7
2025,RIO DE JANEIRO,33069956,CE REPUBLICA DE ANGOLA,2,148.0,2025,Rio de Janeiro,33069956,CE REPUBLICA DE ANGOLA,Estadual,82.4,14.1,3.5
2025,RIO DE JANEIRO,33069948,CE JOSE MARTI,2,198.0,2025,Rio de Janeiro,33069948,CE JOSE MARTI,Estadual,73.3,0.0,26.7
2025,RIO DE JANEIRO,33069930,CE HEITOR LIRA,2,845.0,2025,Rio de Janeiro,33069930,CE HEITOR LIRA,Estadual,90.6,3.7,5.7
2025,RIO DE JANEIRO,33069921,CE GOMES FREIRE DE ANDRADE,2,1413.0,2025,Rio de Janeiro,33069921,CE GOMES FREIRE DE ANDRADE,Estadual,91.4,5.6,3.0
2025,RIO DE JANEIRO,33069034,CE TENENTE GENERAL NAPION,2,315.0,2025,Rio de Janeiro,33069034,CE TENENTE GENERAL NAPION,Estadual,83.7,6.3,10.0
2025,RIO DE JANEIRO,33069026,CE RUY BARBOSA,2,240.0,2025,Rio de Janeiro,33069026,CE RUY BARBOSA,Estadual,80.1,10.2,9.7
2025,RIO DE JANEIRO,33074038,CE ITALIA,2,241.0,2025,Rio de Janeiro,33074038,CE ITALIA,Estadual,84.3,0.0,15.7
2025,RIO DE JANEIRO,33073368,CE PASTOR MIRANDA PINTO,2,39.0,2025,Rio de Janeiro,33073368,CE PASTOR MIRANDA PINTO,Estadual,86.1,0.0,13.9
2025,RIO DE JANEIRO,33072370,CE VIRGILIO DE MELO FRANCO,2,158.0,2025,Rio de Janeiro,33072370,CE VIRGILIO DE MELO FRANCO,Estadual,88.1,1.3,10.6
2025,RIO DE JANEIRO,33072337,CE SARMIENTO,2,93.0,2025,Rio de Janeiro,33072337,CE SARMIENTO,Estadual,93.5,6.5,0.0
2025,RIO DE JANEIRO,33072280,CE PERNAMBUCO,2,256.0,2025,Rio de Janeiro,33072280,CE PERNAMBUCO,Estadual,85.9,14.1,0.0
2025,RIO DE JANEIRO,33072248,CE HISPANO BRASILEIRO JOAO CABRAL DE MELO NETO,2,243.0,2025,Rio de Janeiro,33072248,CE HISPANO BRASILEIRO JOAO CABRAL DE MELO NETO,Estadual,100.0,0.0,0.0
2025,RIO DE JANEIRO,33067228,ESCOLA TECNICA ESTADUAL FERREIRA VIANA,2,772.0,2025,Rio de Janeiro,33067228,ESCOLA TECNICA ESTADUAL FERREIRA VIANA,Estadual,81.2,15.0,3.8
2025,RIO DE JANEIRO,33066620,CE SOARES PEREIRA,2,60.0,2025,Rio de Janeiro,33066620,CE SOARES PEREIRA,Estadual,70.0,21.7,8.3
2025,RIO DE JANEIRO,33066612,CE PROFESSOR CLOVIS SALGADO,2,296.0,2025,Rio de Janeiro,33066612,CE PROFESSOR CLOVIS SALGADO,Estadual,77.6,0.0,22.4
2025,RIO DE JANEIRO,33066590,CE ANTONIO PRADO JUNIOR,2,1063.0,2025,Rio de Janeiro,33066590,CE ANTONIO PRADO JUNIOR,Estadual,84.9,13.5,1.6
2025,RIO DE JANEIRO,33071969,CE VISCONDE DE CAIRU,2,638.0,2025,Rio de Janeiro,33071969,CE VISCONDE DE CAIRU,Estadual,79.6,17.9,2.5
2025,RIO DE JANEIRO,33071594,CE OLINTO DA GAMA BOTELHO,2,604.0,2025,Rio de Janeiro,33071594,CE OLINTO DA GAMA BOTELHO,Estadual,92.5,7.0,0.5
2025,RIO DE JANEIRO,33071586,CE MARANHAO,2,190.0,2025,Rio de Janeiro,33071586,CE MARANHAO,Estadual,96.9,1.9,1.2
2025,RIO DE JANEIRO,33071578,CE FRANCISCO JOBIM,2,48.0,2025,Rio de Janeiro,33071578,CE FRANCISCO JOBIM,Estadual,83.7,0.0,16.3
2025,RIO DE JANEIRO,33071560,CE DELFIM MOREIRA,2,246.0,2025,Rio de Janeiro,33071560,CE DELFIM MOREIRA,Estadual,72.0,24.8,3.2
2025,RIO DE JANEIRO,33071551,CE CENTRAL DO BRASIL,2,1043.0,2025,Rio de Janeiro,33071551,CE CENTRAL DO BRASIL,Estadual,99.0,1.0,0.0
2025,RIO DE JANEIRO,33075689,CE CARDEAL ARCOVERDE,2,114.0,2025,Rio de Janeiro,33075689,CE CARDEAL ARCOVERDE,Estadual,85.6,1.8,12.6
2025,RIO DE JANEIRO,33075220,CE PROFESSOR SOUSA DA SILVEIRA,2,151.0,2025,Rio de Janeiro,33075220,CE PROFESSOR SOUSA DA SILVEIRA,Estadual,86.8,0.7,12.5
2025,RIO DE JANEIRO,33075212,CE PROFESSOR JOSE ACCIOLI,2,432.0,2025,Rio de Janeiro,33075212,CE PROFESSOR JOSE ACCIOLI,Estadual,96.5,2.4,1.1
2025,RIO DE JANEIRO,33075204,CE MARQUES REBELO,2,139.0,2025,Rio de Janeiro,33075204,CE MARQUES REBELO,Estadual,89.4,2.3,8.3
2025,RIO DE JANEIRO,33075190,CE LUIZ DE CAMOES,2,225.0,2025,Rio de Janeiro,33075190,CE LUIZ DE CAMOES,Estadual,80.2,9.5,10.3
2025,RIO DE JANEIRO,33075182,CE CIDADE DE LISBOA,2,118.0,2025,Rio de Janeiro,33075182,CE CIDADE DE LISBOA,Estadual,74.8,15.1,10.1
2025,RIO DE JANEIRO,33070164,CE CONDE DE AGROLONGO,2,69.0,2025,Rio de Janeiro,33070164,CE CONDE DE AGROLONGO,Estadual,91.5,8.5,0.0
2025,RIO DE JANEIRO,33070156,CE CHILE,2,232.0,2025,Rio de Janeiro,33070156,CE CHILE,Estadual,88.6,4.2,7.2
2025,RIO DE JANEIRO,33070148,CE BRANT HORTA,2,94.0,2025,Rio de Janeiro,33070148,CE BRANT HORTA,Estadual,82.8,3.0,14.2
2025,RIO DE JANEIRO,33069964,CE REPUBLICA DE GUINE BISSAU,2,262.0,2025,Rio de Janeiro,33069964,CE REPUBLICA DE GUINE BISSAU,Estadual,81.4,3.7,14.9
2025,RIO DE JANEIRO,33074267,CE RODRIGO OTAVIO FILHO,2,1063.0,2025,Rio de Janeiro,33074267,CE RODRIGO OTAVIO FILHO,Estadual,92.2,4.7,3.1
2025,RIO DE JANEIRO,33074232,CE OLIMPIA DO COUTO,2,376.0,2025,Rio de Janeiro,33074232,CE OLIMPIA DO COUTO,Estadual,93.2,0.3,6.5
2025,RIO DE JANEIRO,33074160,CE ADLAI STEVENSON,2,99.0,2025,Rio de Janeiro,33074160,CE ADLAI STEVENSON,Estadual,65.4,7.5,27.1
2025,RIO DE JANEIRO,33074151,CE MATO GROSSO,2,1803.0,2025,Rio de Janeiro,33074151,CE MATO GROSSO,Estadual,94.9,2.2,2.9
2025,RIO DE JANEIRO,33074054,CE NUNO ALVARES PEREIRA,2,112.0,2025,Rio de Janeiro,33074054,CE NUNO ALVARES PEREIRA,Estadual,79.0,0.0,21.0
2025,RIO DE JANEIRO,33074046,CE JOSUE DE CASTRO,2,221.0,2025,Rio de Janeiro,33074046,CE JOSUE DE CASTRO,Estadual,83.8,0.9,15.3
2025,RIO DE JANEIRO,33077150,CE CARDEAL DOM EUGENIO DE ARAUJO SALES,2,728.0,2025,Rio de Janeiro,33077150,CE CARDEAL DOM EUGENIO DE ARAUJO SALES,Estadual,94.4,2.3,3.3
2025,RIO DE JANEIRO,33077142,CE MAHATMA GANDHI,2,153.0,2025,Rio de Janeiro,33077142,CE MAHATMA GANDHI,Estadual,78.1,0.6,21.3
2025,RIO DE JANEIRO,33077134,CE ENGENHEIRO BERNARDO SAYAO,2,187.0,2025,Rio de Janeiro,33077134,CE ENGENHEIRO BERNARDO SAYAO,Estadual,87.7,0.6,11.7
2025,RIO DE JANEIRO,33077126,CE EDUARDO MONDLANE,2,497.0,2025,Rio de Janeiro,33077126,CE EDUARDO MONDLANE,Estadual,94.7,2.5,2.8
2025,RIO DE JANEIRO,33077118,CE CARLOS LACERDA,2,278.0,2025,Rio de Janeiro,33077118,CE CARLOS LACERDA,Estadual,96.5,3.5,0.0
2025,RIO DE JANEIRO,33077100,CE BRIGADEIRO SCHORCHT,2,1339.0,2025,Rio de Janeiro,33077100,CE BRIGADEIRO SCHORCHT,Estadual,90.2,8.5,1.3
2025,RIO DE JANEIRO,33072205,CE LAURO SODRE,2,69.0,2025,Rio de Janeiro,33072205,CE LAURO SODRE,Estadual,86.2,0.0,13.8
2025,RIO DE JANEIRO,33072183,CE JOSE EDUARDO DE MACEDO SOARES,2,153.0,2025,Rio de Janeiro,33072183,CE JOSE EDUARDO DE MACEDO SOARES,Estadual,84.1,0.7,15.2
2025,RIO DE JANEIRO,33072094,CE JOAO KOPKE,2,67.0,2025,Rio de Janeiro,33072094,CE JOAO KOPKE,Estadual,95.1,4.9,0.0
2025,RIO DE JANEIRO,33072078,CE BARAO DE MACAUBAS,2,221.0,2025,Rio de Janeiro,33072078,CE BARAO DE MACAUBAS,Estadual,81.1,0.5,18.4
2025,RIO DE JANEIRO,33075883,CE VIRIATO CORREA,2,144.0,2025,Rio de Janeiro,33075883,CE VIRIATO CORREA,Estadual,89.3,0.7,10.0
2025,RIO DE JANEIRO,33075867,CE SANTOS DUMONT,2,140.0,2025,Rio de Janeiro,33075867,CE SANTOS DUMONT,Estadual,96.6,1.4,2.0
2025,RIO DE JANEIRO,33075832,CE PARANA,2,140.0,2025,Rio de Janeiro,33075832,CE PARANA,Estadual,83.1,0.0,16.9
2025,RIO DE JANEIRO,33075816,CE OLEGARIO MARIANO,2,203.0,2025,Rio de Janeiro,33075816,CE OLEGARIO MARIANO,Estadual,80.9,5.3,13.8
2025,RIO DE JANEIRO,33075760,CE FRANCISCO PALHETA,2,137.0,2025,Rio de Janeiro,33075760,CE FRANCISCO PALHETA,Estadual,89.3,1.5,9.2
2025,RIO DE JANEIRO,33075719,CE CONDE AFONSO CELSO,2,110.0,2025,Rio de Janeiro,33075719,CE CONDE AFONSO CELSO,Estadual,87.4,0.0,12.6
2025,RIO DE JANEIRO,33079390,CE PROFESSOR DALTRO SANTOS,2,200.0,2025,Rio de Janeiro,33079390,CE PROFESSOR DALTRO SANTOS,Estadual,77.8,1.0,21.2
2025,RIO DE JANEIRO,33079382,CE NICARAGUA,2,150.0,2025,Rio de Janeiro,33079382,CE NICARAGUA,Estadual,85.4,3.3,11.3
2025,RIO DE JANEIRO,33079374,CE LEOPOLDINA DA SILVEIRA,2,1429.0,2025,Rio de Janeiro,33079374,CE LEOPOLDINA DA SILVEIRA,Estadual,94.4,1.6,4.0
2025,RIO DE JANEIRO,33079366,CE JORGE ZARUR,2,660.0,2025,Rio de Janeiro,33079366,CE JORGE ZARUR,Estadual,94.6,5.4,0.0
2025,RIO DE JANEIRO,33079358,CE COLLECCHIO,2,1197.0,2025,Rio de Janeiro,33079358,CE COLLECCHIO,Estadual,85.4,9.9,4.7
2025,RIO DE JANEIRO,33079340,CE BANGU,2,1078.0,2025,Rio de Janeiro,33079340,CE BANGU,Estadual,85.3,11.8,2.9
2025,RIO DE JANEIRO,33075174,CE CHARLES CHAPLIN,2,77.0,2025,Rio de Janeiro,33075174,CE CHARLES CHAPLIN,Estadual,58.2,20.3,21.5
2025,RIO DE JANEIRO,33075166,IE CARMELA DUTRA,2,999.0,2025,Rio de Janeiro,33075166,IE CARMELA DUTRA,Estadual,96.5,3.5,0.0
2025,RIO DE JANEIRO,33075034,ESCOLA TECNICA ESTADUAL OSCAR TENORIO,2,665.0,2025,Rio de Janeiro,33075034,ESCOLA TECNICA ESTADUAL OSCAR TENORIO,Estadual,90.0,3.2,6.8
2025,RIO DE JANEIRO,33074798,CE AMAPA,2,73.0,2025,Rio de Janeiro,33074798,CE AMAPA,Estadual,98.5,0.0,1.5
2025,RIO DE JANEIRO,33077525,CE MARECHAL CANROBERT PEREIRA DA COSTA,2,66.0,2025,Rio de Janeiro,33077525,CE MARECHAL CANROBERT PEREIRA DA COSTA,Estadual,85.1,7.5,7.4
2025,RIO DE JANEIRO,33077452,CE EMBAIXADOR DIAS CARNEIRO,2,257.0,2025,Rio de Janeiro,33077452,CE EMBAIXADOR DIAS CARNEIRO,Estadual,97.9,1.7,0.4
2025,RIO DE JANEIRO,33077371,CE ALINA DE BRITO,2,424.0,2025,Rio de Janeiro,33077371,CE ALINA DE BRITO,Estadual,82.1,2.7,15.2
2025,RIO DE JANEIRO,33077185,CE SENADOR TEOTONIO VILELA,2,166.0,2025,Rio de Janeiro,33077185,CE SENADOR TEOTONIO VILELA,Estadual,73.1,20.4,6.5
2025,RIO DE JANEIRO,33077177,CE PRESIDENTE JOAO GOULART,2,257.0,2025,Rio de Janeiro,33077177,CE PRESIDENTE JOAO GOULART,Estadual,88.5,0.0,11.5
2025,RIO DE JANEIRO,33077169,CE EUNICE WEAVER,2,298.0,2025,Rio de Janeiro,33077169,CE EUNICE WEAVER,Estadual,85.0,5.1,9.9
2025,RIO DE JANEIRO,33082235,CE AMAZONAS,2,584.0,2025,Rio de Janeiro,33082235,CE AMAZONAS,Estadual,92.0,3.5,4.5
2025,RIO DE JANEIRO,33082227,CE ALMIRANTE FRONTIN,2,85.0,2025,Rio de Janeiro,33082227,CE ALMIRANTE FRONTIN,Estadual,72.0,0.0,28.0
2025,RIO DE JANEIRO,33082146,CE DOUTOR ALBERT SABIN,2,1534.0,2025,Rio de Janeiro,33082146,CE DOUTOR ALBERT SABIN,Estadual,94.6,5.1,0.3
2025,RIO DE JANEIRO,33082049,CE PROFESSOR FERNANDO ANTONIO RAJA GABAGLIA,2,1164.0,2025,Rio de Janeiro,33082049,CE PROFESSOR FERNANDO ANTONIO RAJA GABAGLIA,Estadual,97.1,1.6,1.3
2025,RIO DE JANEIRO,33082030,CE FREIRE ALLEMAO,2,87.0,2025,Rio de Janeiro,33082030,CE FREIRE ALLEMAO,Estadual,96.2,1.3,2.5
2025,RIO DE JANEIRO,33082022,CE FRANCISCO CALDEIRA DE ALVARENGA,2,937.0,2025,Rio de Janeiro,33082022,CE FRANCISCO CALDEIRA DE ALVARENGA,Estadual,99.0,1.0,0.0
2025,RIO DE JANEIRO,33077088,CE ADALGISA MONTEIRO,2,373.0,2025,Rio de Janeiro,33077088,CE ADALGISA MONTEIRO,Estadual,94.5,3.0,2.5
2025,RIO DE JANEIRO,33076502,ESCOLA TECNICA ESTADUAL VISCONDE DE MAUA,2,544.0,2025,Rio de Janeiro,33076502,ESCOLA TECNICA ESTADUAL VISCONDE DE MAUA,Estadual,89.6,8.0,2.4
2025,RIO DE JANEIRO,33076480,E T E REPUBLICA,2,1109.0,2025,Rio de Janeiro,33076480,E T E REPUBLICA,Estadual,76.2,23.8,0.0
2025,RIO DE JANEIRO,33075891,CE WALDEMIRO POTSCH,2,89.0,2025,Rio de Janeiro,33075891,CE WALDEMIRO POTSCH,Estadual,98.9,0.0,1.1
2025,RIO DE JANEIRO,33079811,CE MILTON CAMPOS,2,72.0,2025,Rio de Janeiro,33079811,CE MILTON CAMPOS,Estadual,98.6,0.0,1.4
2025,RIO DE JANEIRO,33079803,CE MARIETA CUNHA DA SILVA,2,529.0,2025,Rio de Janeiro,33079803,CE MARIETA CUNHA DA SILVA,Estadual,92.9,5.4,1.7
2025,RIO DE JANEIRO,33079714,CE ENGENHEIRO JOAO THOME,2,156.0,2025,Rio de Janeiro,33079714,CE ENGENHEIRO JOAO THOME,Estadual,98.0,0.7,1.3
2025,RIO DE JANEIRO,33079706,CE DALVA DE OLIVEIRA,2,176.0,2025,Rio de Janeiro,33079706,CE DALVA DE OLIVEIRA,Estadual,88.1,1.7,10.2
2025,RIO DE JANEIRO,33079668,CE BARONESA DE SAAVEDRA,2,40.0,2025,Rio de Janeiro,33079668,CE BARONESA DE SAAVEDRA,Estadual,95.0,5.0,0.0
2025,RIO DE JANEIRO,33079404,CE REPUBLICA DE MOCAMBIQUE,2,125.0,2025,Rio de Janeiro,33079404,CE REPUBLICA DE MOCAMBIQUE,Estadual,90.6,3.9,5.5
2025,RIO DE JANEIRO,33086540,CE ACARI,2,82.0,2025,Rio de Janeiro,33086540,CE ACARI,Estadual,82.4,0.0,17.6
2025,RIO DE JANEIRO,33086427,CE AUGUSTO RUSCHI,2,50.0,2025,Rio de Janeiro,33086427,CE AUGUSTO RUSCHI,Estadual,90.2,5.9,3.9
2025,RIO DE JANEIRO,33085838,CE ROTARY,2,44.0,2025,Rio de Janeiro,33085838,CE ROTARY,Estadual,100.0,0.0,0.0
2025,RIO DE JANEIRO,33085765,CE DUNSHEE DE ABRANCHES,2,182.0,2025,Rio de Janeiro,33085765,CE DUNSHEE DE ABRANCHES,Estadual,87.3,12.7,0.0
2025,RIO DE JANEIRO,33085498,CE PREFEITO MENDES DE MORAES,2,1357.0,2025,Rio de Janeiro,33085498,CE PREFEITO MENDES DE MORAES,Estadual,78.5,21.5,0.0
2025,RIO DE JANEIRO,33085480,CE LEONEL AZEVEDO,2,249.0,2025,Rio de Janeiro,33085480,CE LEONEL AZEVEDO,Estadual,75.9,3.4,20.7
2025,RIO DE JANEIRO,33079331,CE AGOSTINHO NETO,2,186.0,2025,Rio de Janeiro,33079331,CE AGOSTINHO NETO,Estadual,97.4,1.0,1.6
2025,RIO DE JANEIRO,33079323,CE STUART EDGAR ANGEL JONES,2,1145.0,2025,Rio de Janeiro,33079323,CE STUART EDGAR ANGEL JONES,Estadual,88.8,10.6,0.6
2025,RIO DE JANEIRO,33077576,CE VICTOR HUGO,2,211.0,2025,Rio de Janeiro,33077576,CE VICTOR HUGO,Estadual,93.8,0.5,5.7
2025,RIO DE JANEIRO,33077568,CE ROSA DO POVO,2,281.0,2025,Rio de Janeiro,33077568,CE ROSA DO POVO,Estadual,82.2,6.2,11.6
2025,RIO DE JANEIRO,33082430,CE PROFESSOR VIEIRA FAZENDA,2,166.0,2025,Rio de Janeiro,33082430,CE PROFESSOR VIEIRA FAZENDA,Estadual,94.5,0.0,5.5
2025,RIO DE JANEIRO,33082375,CE RAINHA VITORIA,2,57.0,2025,Rio de Janeiro,33082375,CE RAINHA VITORIA,Estadual,78.6,7.1,14.3
2025,RIO DE JANEIRO,33082359,CE JUREMA PECANHA GIRAUD,2,219.0,2025,Rio de Janeiro,33082359,CE JUREMA PECANHA GIRAUD,Estadual,85.8,0.0,14.2
2025,RIO DE JANEIRO,33082332,CE PRESIDENTE ANTONIO CARLOS,2,211.0,2025,Rio de Janeiro,33082332,CE PRESIDENTE ANTONIO CARLOS,Estadual,74.5,0.9,24.6
2025,RIO DE JANEIRO,33082316,CE JOAO PROENCA,2,202.0,2025,Rio de Janeiro,33082316,CE JOAO PROENCA,Estadual,75.9,15.6,8.5
2025,RIO DE JANEIRO,33082286,CE GEORGE WASHINGTON,2,48.0,2025,Rio de Janeiro,33082286,CE GEORGE WASHINGTON,Estadual,96.2,0.0,3.8
2025,RIO DE JANEIRO,33088420,CE DEBORAH MENDES DE MORAES,2,704.0,2025,Rio de Janeiro,33088420,CE DEBORAH MENDES DE MORAES,Estadual,96.6,1.6,1.8
2025,RIO DE JANEIRO,33088179,CE MAX FLEIUSS,2,85.0,2025,Rio de Janeiro,33088179,CE MAX FLEIUSS,Estadual,80.2,2.3,17.5
2025,RIO DE JANEIRO,33088152,CE JORNALISTA RODOLFO FERNANDES,2,975.0,2025,Rio de Janeiro,33088152,CE JORNALISTA RODOLFO FERNANDES,Estadual,71.9,14.5,13.6
2025,RIO DE JANEIRO,33087750,CE ALMIRANTE TAMANDARE,2,133.0,2025,Rio de Janeiro,33087750,CE ALMIRANTE TAMANDARE,Estadual,67.7,20.0,12.3
2025,RIO DE JANEIRO,33087733,CE GOLDA MEIR,2,192.0,2025,Rio de Janeiro,33087733,CE GOLDA MEIR,Estadual,83.6,3.5,12.9
2025,RIO DE JANEIRO,33087725,CE GILSON AMADO,2,416.0,2025,Rio de Janeiro,33087725,CE GILSON AMADO,Estadual,81.0,14.1,4.9
2025,RIO DE JANEIRO,33081743,CIE MIECIMO DA SILVA,2,442.0,2025,Rio de Janeiro,33081743,CIE MIECIMO DA SILVA,Estadual,98.2,1.6,0.2
2025,RIO DE JANEIRO,33079943,CE JOAO SALIM MIGUEL,2,627.0,2025,Rio de Janeiro,33079943,CE JOAO SALIM MIGUEL,Estadual,98.1,1.9,0.0
2025,RIO DE JANEIRO,33079900,CE RAMIZ GALVAO,2,159.0,2025,Rio de Janeiro,33079900,CE RAMIZ GALVAO,Estadual,93.3,2.4,4.3
2025,RIO DE JANEIRO,33079820,CE MOACYR PADILHA,2,137.0,2025,Rio de Janeiro,33079820,CE MOACYR PADILHA,Estadual,84.0,3.1,12.9
2025,RIO DE JANEIRO,33086613,CE PROFESSORA ELIANE MARTINS DANTAS BRASIL ALEMANHA,2,289.0,2025,Rio de Janeiro,33086613,CE PROFESSORA ELIANE MARTINS DANTAS BRASIL ALEMANHA,Estadual,99.3,0.4,0.3
2025,RIO DE JANEIRO,33086605,CE PROFESSOR MANUEL MAURICIO DE ALBUQUERQUE,2,460.0,2025,Rio de Janeiro,33086605,CE PROFESSOR MANUEL MAURICIO DE ALBUQUERQUE,Estadual,85.8,3.7,10.5
2025,RIO DE JANEIRO,33086591,CE PROFESSOR JOEL DE OLIVEIRA,2,644.0,2025,Rio de Janeiro,33086591,CE PROFESSOR JOEL DE OLIVEIRA,Estadual,93.9,5.2,0.9
2025,RIO DE JANEIRO,33086583,CE MARECHAL JOAO BAPTISTA DE MATTOS,2,1805.0,2025,Rio de Janeiro,33086583,CE MARECHAL JOAO BAPTISTA DE MATTOS,Estadual,74.0,22.0,4.0
2025,RIO DE JANEIRO,33086575,CE GUADALUPE,2,64.0,2025,Rio de Janeiro,33086575,CE GUADALUPE,Estadual,87.0,5.8,7.2
2025,RIO DE JANEIRO,33086567,CE GRACILIANO RAMOS,2,33.0,2025,Rio de Janeiro,33086567,CE GRACILIANO RAMOS,Estadual,83.3,0.0,16.7
2025,RIO DE JANEIRO,33106614,CIEP 386 GUILHERME DA SILVEIRA FILHO,2,1424.0,2025,Rio de Janeiro,33106614,CIEP 386 GUILHERME DA SILVEIRA FILHO,Estadual,96.5,2.8,0.7
2025,RIO DE JANEIRO,33106606,CIEP 224 TARSO DE CASTRO,2,646.0,2025,Rio de Janeiro,33106606,CIEP 224 TARSO DE CASTRO,Estadual,91.5,3.1,5.4
2025,RIO DE JANEIRO,33106592,CIEP 435 HELIO PELLEGRINO,2,1030.0,2025,Rio de Janeiro,33106592,CIEP 435 HELIO PELLEGRINO,Estadual,94.6,3.8,1.6
2025,RIO DE JANEIRO,33106584,CIEP 336 OCTAVIO MALTA,2,868.0,2025,Rio de Janeiro,33106584,CIEP 336 OCTAVIO MALTA,Estadual,98.6,1.4,0.0
2025,RIO DE JANEIRO,33106550,CIEP 223 OLYMPIO MARQUES DOS SANTOS,2,710.0,2025,Rio de Janeiro,33106550,CIEP 223 OLYMPIO MARQUES DOS SANTOS,Estadual,85.9,11.8,2.3
2025,RIO DE JANEIRO,33105294,CIEP 311 DEPUTADO BOCAYUVA CUNHA,2,1360.0,2025,Rio de Janeiro,33105294,CIEP 311 DEPUTADO BOCAYUVA CUNHA,Estadual,99.8,0.2,0.0
2025,RIO DE JANEIRO,33085463,CE ANITA GARIBALDI,2,290.0,2025,Rio de Janeiro,33085463,CE ANITA GARIBALDI,Estadual,82.8,2.4,14.8
2025,RIO DE JANEIRO,33084459,CE PESTALOZZI,2,386.0,2025,Rio de Janeiro,33084459,CE PESTALOZZI,Estadual,92.8,6.3,0.9
2025,RIO DE JANEIRO,33084238,CE BARAO DO RIO BRANCO,2,1841.0,2025,Rio de Janeiro,33084238,CE BARAO DO RIO BRANCO,Estadual,95.0,0.9,4.1
2025,RIO DE JANEIRO,33083592,IE SARAH KUBITSCHEK,2,2285.0,2025,Rio de Janeiro,33083592,IE SARAH KUBITSCHEK,Estadual,97.7,2.1,0.2
2025,RIO DE JANEIRO,33102210,CIEP 241 NACAO MANGUEIRENSE GOVERNADOR LEONEL DE MOURA BRIZOLA,2,841.0,2025,Rio de Janeiro,33102210,CIEP 241 NACAO MANGUEIRENSE GOVERNADOR LEONEL DE MOURA BRIZOLA,Estadual,81.0,10.2,8.8
2025,RIO DE JANEIRO,33100659,CAIC NACOES UNIDAS,2,587.0,2025,Rio de Janeiro,33100659,CAIC NACOES UNIDAS,Estadual,87.4,1.9,10.7
2025,RIO DE JANEIRO,33097283,CIEP 321 DOUTOR ULYSSES GUIMARAES,2,2275.0,2025,Rio de Janeiro,33097283,CIEP 321 DOUTOR ULYSSES GUIMARAES,Estadual,83.7,12.1,4.2
2025,RIO DE JANEIRO,33097038,CIEP 326 PROFESSOR CESAR PERNETTA,2,898.0,2025,Rio de Janeiro,33097038,CIEP 326 PROFESSOR CESAR PERNETTA,Estadual,99.7,0.0,0.3
2025,RIO DE JANEIRO,33096759,CIEP 173 RAINHA NZINGA DE ANGOLA,2,378.0,2025,Rio de Janeiro,33096759,CIEP 173 RAINHA NZINGA DE ANGOLA,Estadual,88.0,5.3,6.7
2025,RIO DE JANEIRO,33095078,CE BERNARDO DE VASCONCELOS,2,284.0,2025,Rio de Janeiro,33095078,CE BERNARDO DE VASCONCELOS,Estadual,86.2,0.4,13.4
2025,RIO DE JANEIRO,33110654,CIEP 092 FEDERICO FELLINI,2,720.0,2025,Rio de Janeiro,33110654,CIEP 092 FEDERICO FELLINI,Estadual,86.0,5.4,8.6
2025,RIO DE JANEIRO,33110646,CIEP 323 MARIA WERNECK DE CASTRO,2,380.0,2025,Rio de Janeiro,33110646,CIEP 323 MARIA WERNECK DE CASTRO,Estadual,84.8,3.7,11.5
2025,RIO DE JANEIRO,33110638,CIEP 205 FREI AGOSTINHO FINCIAS,2,365.0,2025,Rio de Janeiro,33110638,CIEP 205 FREI AGOSTINHO FINCIAS,Estadual,80.3,1.6,18.1
2025,RIO DE JANEIRO,33110476,CIEP 418 ANTONIO CARLOS BERNARDES MUSSUM,2,83.0,2025,Rio de Janeiro,33110476,CIEP 418 ANTONIO CARLOS BERNARDES MUSSUM,Estadual,97.5,2.5,0.0
2025,RIO DE JANEIRO,33106746,CIEP 165 BRIGADEIRO SERGIO CARVALHO,2,897.0,2025,Rio de Janeiro,33106746,CIEP 165 BRIGADEIRO SERGIO CARVALHO,Estadual,81.9,12.8,5.3
2025,RIO DE JANEIRO,33106738,CIEP 433 TOGO RENAN SOARES KANELA,2,1240.0,2025,Rio de Janeiro,33106738,CIEP 433 TOGO RENAN SOARES KANELA,Estadual,84.8,12.5,2.7
2025,RIO DE JANEIRO,33087644,CE VICENTE JANNUZZI,2,2224.0,2025,Rio de Janeiro,33087644,CE VICENTE JANNUZZI,Estadual,94.9,1.5,3.6
2025,RIO DE JANEIRO,33086796,CE PARAIBA,2,60.0,2025,Rio de Janeiro,33086796,CE PARAIBA,Estadual,71.4,28.6,0.0
2025,RIO DE JANEIRO,33086737,CE COELHO NETO,2,95.0,2025,Rio de Janeiro,33086737,CE COELHO NETO,Estadual,94.6,0.9,4.5
2025,RIO DE JANEIRO,33086729,CE BELGICA,2,307.0,2025,Rio de Janeiro,33086729,CE BELGICA,Estadual,81.9,4.1,14.0
2025,RIO DE JANEIRO,33106681,CIEP 305 HEITOR DOS PRAZERES,2,1906.0,2025,Rio de Janeiro,33106681,CIEP 305 HEITOR DOS PRAZERES,Estadual,94.6,0.6,4.8
2025,RIO DE JANEIRO,33106673,CIEP 392 MARIO DE ANDRADE,2,1204.0,2025,Rio de Janeiro,33106673,CIEP 392 MARIO DE ANDRADE,Estadual,97.1,2.9,0.0
2025,RIO DE JANEIRO,33106665,CIEP 432 ALBERTO CAVALCANTI,2,419.0,2025,Rio de Janeiro,33106665,CIEP 432 ALBERTO CAVALCANTI,Estadual,96.2,0.3,3.5
2025,RIO DE JANEIRO,33106657,CIEP 183 JOAO VITTA,2,958.0,2025,Rio de Janeiro,33106657,CIEP 183 JOAO VITTA,Estadual,98.9,0.2,0.9
2025,RIO DE JANEIRO,33106649,CIEP 312 RAUL RYFF,2,756.0,2025,Rio de Janeiro,33106649,CIEP 312 RAUL RYFF,Estadual,95.1,3.2,1.7
2025,RIO DE JANEIRO,33106630,CIEP 382 ASPIRANTE FRANCISCO MEGA,2,1150.0,2025,Rio de Janeiro,33106630,CIEP 382 ASPIRANTE FRANCISCO MEGA,Estadual,89.1,8.5,2.4
2025,RIO DE JANEIRO,33126105,CE FINLANDIA,2,339.0,2025,Rio de Janeiro,33126105,CE FINLANDIA,Estadual,96.3,0.3,3.4
2025,RIO DE JANEIRO,33125805,CE TEOFILO MOREIRA DA COSTA,2,344.0,2025,Rio de Janeiro,33125805,CE TEOFILO MOREIRA DA COSTA,Estadual,95.6,4.4,0.0
2025,RIO DE JANEIRO,33125740,CE PAULO FREIRE,2,416.0,2025,Rio de Janeiro,33125740,CE PAULO FREIRE,Estadual,91.5,2.9,5.6
2025,RIO DE JANEIRO,33125627,CE MINISTRO MARCOS FREIRE,2,269.0,2025,Rio de Janeiro,33125627,CE MINISTRO MARCOS FREIRE,Estadual,96.5,3.1,0.4
2025,RIO DE JANEIRO,33125341,CE CORA CORALINA,2,103.0,2025,Rio de Janeiro,33125341,CE CORA CORALINA,Estadual,91.1,0.0,8.9
2025,RIO DE JANEIRO,33125333,CE IRINEU JOSE FERREIRA,2,897.0,2025,Rio de Janeiro,33125333,CE IRINEU JOSE FERREIRA,Estadual,97.1,2.9,0.0
2025,RIO DE JANEIRO,33105219,CIEP 379 RAUL SEIXAS,2,374.0,2025,Rio de Janeiro,33105219,CIEP 379 RAUL SEIXAS,Estadual,90.7,2.8,6.5
2025,RIO DE JANEIRO,33105103,CIEP 303 GP AYRTON SENNA,2,923.0,2025,Rio de Janeiro,33105103,CIEP 303 GP AYRTON SENNA,Estadual,82.0,17.0,1.0
2025,RIO DE JANEIRO,33105065,CAIC EUCLYDES DA CUNHA,2,2162.0,2025,Rio de Janeiro,33105065,CAIC EUCLYDES DA CUNHA,Estadual,90.0,4.6,5.4
2025,RIO DE JANEIRO,33104638,CIEP 195 ANIBAL MACHADO,2,34.0,2025,Rio de Janeiro,33104638,CIEP 195 ANIBAL MACHADO,Estadual,84.4,3.1,12.5
2025,RIO DE JANEIRO,33120692,CAIC THEOPHILO DE SOUZA PINTO,2,641.0,2025,Rio de Janeiro,33120692,CAIC THEOPHILO DE SOUZA PINTO,Estadual,74.9,24.5,0.6
2025,RIO DE JANEIRO,33117977,ESCOLA TECNICA ESTADUAL SANTA CRUZ,2,749.0,2025,Rio de Janeiro,33117977,ESCOLA TECNICA ESTADUAL SANTA CRUZ,Estadual,94.2,3.8,2.0
2025,RIO DE JANEIRO,33117969,ESCOLA TECNICA ESTADUAL ADOLPHO BLOCH,2,605.0,2025,Rio de Janeiro,33117969,ESCOLA TECNICA ESTADUAL ADOLPHO BLOCH,Estadual,96.3,3.2,0.5
2025,RIO DE JANEIRO,33117950,CE PROFESSOR AUGUSTO MOTTA,2,90.0,2025,Rio de Janeiro,33117950,CE PROFESSOR AUGUSTO MOTTA,Estadual,85.7,1.2,13.1
2025,RIO DE JANEIRO,33111707,CE CANDEIA,2,11.0,2025,Rio de Janeiro,33111707,CE CANDEIA,Estadual,100.0,0.0,0.0
2025,RIO DE JANEIRO,33111626,CE LUIZA MAHIN,2,13.0,2025,Rio de Janeiro,33111626,CE LUIZA MAHIN,Estadual,100.0,0.0,0.0
2025,RIO DE JANEIRO,33132887,CE COMPOSITOR MANACEIA JOSE DE ANDRADE,2,586.0,2025,Rio de Janeiro,33132887,CE COMPOSITOR MANACEIA JOSE DE ANDRADE,Estadual,91.5,2.6,5.9
2025,RIO DE JANEIRO,33132879,CE DOM HELDER CAMARA,2,934.0,2025,Rio de Janeiro,33132879,CE DOM HELDER CAMARA,Estadual,87.6,4.2,8.2
2025,RIO DE JANEIRO,33128618,CE CARLOS MAGNO NAZARETH CERQUEIRA,2,486.0,2025,Rio de Janeiro,33128618,CE CARLOS MAGNO NAZARETH CERQUEIRA,Estadual,93.8,2.8,3.4
2025,RIO DE JANEIRO,33128235,CIEP 339 MARIO TAMBORINDEGUY,2,902.0,2025,Rio de Janeiro,33128235,CIEP 339 MARIO TAMBORINDEGUY,Estadual,78.7,19.6,1.7
2025,RIO DE JANEIRO,33127514,CE MARECHAL RONDON,2,274.0,2025,Rio de Janeiro,33127514,CE MARECHAL RONDON,Estadual,80.4,16.7,2.9
2025,RIO DE JANEIRO,33127395,CE MINISTRO OROZIMBO NONATO,2,60.0,2025,Rio de Janeiro,33127395,CE MINISTRO OROZIMBO NONATO,Estadual,75.5,3.8,20.7
2025,RIO DE JANEIRO,33106720,CIEP 313 RUBEM BRAGA,2,541.0,2025,Rio de Janeiro,33106720,CIEP 313 RUBEM BRAGA,Estadual,89.7,2.4,7.9
2025,RIO DE JANEIRO,33106711,CIEP 362 ROBERTO BURLE MARX,2,849.0,2025,Rio de Janeiro,33106711,CIEP 362 ROBERTO BURLE MARX,Estadual,86.1,7.1,6.8
2025,RIO DE JANEIRO,33106703,CIEP 244 OSWALDO ARANHA,2,607.0,2025,Rio de Janeiro,33106703,CIEP 244 OSWALDO ARANHA,Estadual,87.3,12.7,0.0
2025,RIO DE JANEIRO,33106690,CIEP 225 MARIO QUINTANA,2,1704.0,2025,Rio de Janeiro,33106690,CIEP 225 MARIO QUINTANA,Estadual,92.2,6.6,1.2
2025,RIO DE JANEIRO,33126267,CE PROFESSOR HORACIO MACEDO,2,248.0,2025,Rio de Janeiro,33126267,CE PROFESSOR HORACIO MACEDO,Estadual,98.7,1.3,0.0
2025,RIO DE JANEIRO,33126259,CE ROSA LUXEMBURGO,2,112.0,2025,Rio de Janeiro,33126259,CE ROSA LUXEMBURGO,Estadual,81.4,11.5,7.1
2025,RIO DE JANEIRO,33126232,CE COMPOSITOR LUIZ GONZAGA,2,234.0,2025,Rio de Janeiro,33126232,CE COMPOSITOR LUIZ GONZAGA,Estadual,87.4,0.4,12.2
2025,RIO DE JANEIRO,33126224,CE HERBERT DE SOUZA,2,447.0,2025,Rio de Janeiro,33126224,CE HERBERT DE SOUZA,Estadual,87.8,1.8,10.4
2025,RIO DE JANEIRO,33126216,CE PROFESSORA DIUMA MADEIRA SALLES DE SOUZA,2,444.0,2025,Rio de Janeiro,33126216,CE PROFESSORA DIUMA MADEIRA SALLES DE SOUZA,Estadual,78.6,19.0,2.4
2025,RIO DE JANEIRO,33126160,CE OLGA BENARIO PRESTES,2,2150.0,2025,Rio de Janeiro,33126160,CE OLGA BENARIO PRESTES,Estadual,90.3,8.2,1.5
2025,RIO DE JANEIRO,33140669,CE JORNALISTA TIM LOPES,2,1267.0,2025,Rio de Janeiro,33140669,CE JORNALISTA TIM LOPES,Estadual,82.8,10.6,6.6
2025,RIO DE JANEIRO,33140049,CE OSWALDO TEIXEIRA,2,143.0,2025,Rio de Janeiro,33140049,CE OSWALDO TEIXEIRA,Estadual,95.0,0.7,4.3
2025,RIO DE JANEIRO,33140030,CE CONDE PEREIRA CARNEIRO,2,204.0,2025,Rio de Janeiro,33140030,CE CONDE PEREIRA CARNEIRO,Estadual,87.1,1.0,11.9
2025,RIO DE JANEIRO,33139156,CE PROFESSORA SONIA REGINA SCUDESE DESSIMONI PINTO,2,410.0,2025,Rio de Janeiro,33139156,CE PROFESSORA SONIA REGINA SCUDESE DESSIMONI PINTO,Estadual,97.9,2.1,0.0
2025,RIO DE JANEIRO,33138648,CE STELLA MATUTINA,2,865.0,2025,Rio de Janeiro,33138648,CE STELLA MATUTINA,Estadual,84.6,7.4,8.0
2025,RIO DE JANEIRO,33138354,CE PROFESSOR OZEAS GOMES LARANGEIRAS,2,512.0,2025,Rio de Janeiro,33138354,CE PROFESSOR OZEAS GOMES LARANGEIRAS,Estadual,95.2,0.6,4.2
2025,RIO DE JANEIRO,33125317,CE PROFESSORA LUIZA MARINHO,2,1057.0,2025,Rio de Janeiro,33125317,CE PROFESSORA LUIZA MARINHO,Estadual,92.7,2.5,4.8
2025,RIO DE JANEIRO,33125304,CE MISSIONARIO MARIO WAY,2,1566.0,2025,Rio de Janeiro,33125304,CE MISSIONARIO MARIO WAY,Estadual,97.1,2.9,0.0
2025,RIO DE JANEIRO,33124922,CE OLAVO JOSINO DE SALLES,2,286.0,2025,Rio de Janeiro,33124922,CE OLAVO JOSINO DE SALLES,Estadual,80.6,2.1,17.3
2025,RIO DE JANEIRO,33124620,CE PADRE CARLOS LEONCIO DA SILVA,2,29.0,2025,Rio de Janeiro,33124620,CE PADRE CARLOS LEONCIO DA SILVA,Estadual,100.0,0.0,0.0
2025,RIO DE JANEIRO,33136475,CE MONSENHOR MIGUEL DE SANTA MARIA MOCHON,2,296.0,2025,Rio de Janeiro,33136475,CE MONSENHOR MIGUEL DE SANTA MARIA MOCHON,Estadual,94.5,5.5,0.0
2025,RIO DE JANEIRO,33136459,CE PROFESSORA ALBA CANIZARES DO NASCIMENTO,2,158.0,2025,Rio de Janeiro,33136459,CE PROFESSORA ALBA CANIZARES DO NASCIMENTO,Estadual,94.3,2.9,2.8
2025,RIO DE JANEIRO,33136432,CE PROFESSORA VANIA DO AMARAL MATIAS EDDE,2,938.0,2025,Rio de Janeiro,33136432,CE PROFESSORA VANIA DO AMARAL MATIAS EDDE,Estadual,94.4,3.9,1.7
2025,RIO DE JANEIRO,33136424,CE PROFESSORA VILMA ATANAZIO,2,676.0,2025,Rio de Janeiro,33136424,CE PROFESSORA VILMA ATANAZIO,Estadual,96.3,3.4,0.3
2025,RIO DE JANEIRO,33135193,CE PROFESSOR JOSE DE SOUZA MARQUES,2,546.0,2025,Rio de Janeiro,33135193,CE PROFESSOR JOSE DE SOUZA MARQUES,Estadual,79.8,11.1,9.1
2025,RIO DE JANEIRO,33134049,CE PROFESSORA MARIA TEREZINHA DE CARVALHO MACHADO,2,1636.0,2025,Rio de Janeiro,33134049,CE PROFESSORA MARIA TEREZINHA DE CARVALHO MACHADO,Estadual,80.4,12.5,7.1
2025,SÃO GONÇALO,33088900,CIEP 249 PASTOR WALDEMAR ZARRO,2,332.0,2025,São Gonçalo,33088900,CIEP 249 PASTOR WALDEMAR ZARRO,Estadual,81.2,7.3,11.5
2025,SÃO GONÇALO,33088896,CIEP 306 DEPUTADO DAVID QUINDERE,2,72.0,2025,São Gonçalo,33088896,CIEP 306 DEPUTADO DAVID QUINDERE,Estadual,95.3,1.6,3.1
2025,SÃO GONÇALO,33088870,CIEP 430 CARLOS MARIGHELLA,2,83.0,2025,São Gonçalo,33088870,CIEP 430 CARLOS MARIGHELLA,Estadual,91.5,0.0,8.5
2025,RIO DE JANEIRO,33558230,CE DEPUTADO PEDRO FERNANDES,2,1042.0,2025,Rio de Janeiro,33558230,CE DEPUTADO PEDRO FERNANDES,Estadual,80.1,9.8,10.1
2025,RIO DE JANEIRO,33508232,CE JORNALISTA ARTUR DA TAVOLA,2,314.0,2025,Rio de Janeiro,33508232,CE JORNALISTA ARTUR DA TAVOLA,Estadual,94.3,1.6,4.1
2025,RIO DE JANEIRO,33439222,CE COMPOSITOR LUIZ CARLOS DA VILA,2,488.0,2025,Rio de Janeiro,33439222,CE COMPOSITOR LUIZ CARLOS DA VILA,Estadual,85.0,8.6,6.4
2025,RIO DE JANEIRO,33126941,CE CHIQUINHA GONZAGA,2,151.0,2025,Rio de Janeiro,33126941,CE CHIQUINHA GONZAGA,Estadual,89.4,0.0,10.6
2025,RIO DE JANEIRO,33126852,CE PROFESSORA MARIA NAZARETH CAVALCANTI SILVA,2,783.0,2025,Rio de Janeiro,33126852,CE PROFESSORA MARIA NAZARETH CAVALCANTI SILVA,Estadual,81.2,16.9,1.9
2025,RIO DE JANEIRO,33126755,CE MONTEIRO DE CARVALHO,2,271.0,2025,Rio de Janeiro,33126755,CE MONTEIRO DE CARVALHO,Estadual,89.7,3.8,6.5
2025,RIO DE JANEIRO,33126747,CE MADRE TERESA DE CALCUTA,2,1090.0,2025,Rio de Janeiro,33126747,CE MADRE TERESA DE CALCUTA,Estadual,96.0,2.2,1.8
2025,RIO DE JANEIRO,33173010,CE JORNALISTA MAURICIO AZEDO BRASILINDIA,2,161.0,2025,Rio de Janeiro,33173010,CE JORNALISTA MAURICIO AZEDO BRASILINDIA,Estadual,97.5,1.9,0.6
2025,RIO DE JANEIRO,33170150,CE HEBE CAMARGO,2,423.0,2025,Rio de Janeiro,33170150,CE HEBE CAMARGO,Estadual,100.0,0.0,0.0
2025,RIO DE JANEIRO,33157065,CE ERICH WALTER HEINE,2,545.0,2025,Rio de Janeiro,33157065,CE ERICH WALTER HEINE,Estadual,97.4,2.4,0.2
2025,RIO DE JANEIRO,33149119,CE CARLOS ARNOLDO ABRUZZINI DA FONSECA,2,1577.0,2025,Rio de Janeiro,33149119,CE CARLOS ARNOLDO ABRUZZINI DA FONSECA,Estadual,86.4,2.1,11.5
2025,RIO DE JANEIRO,33146950,CE PROFESSORA MARIA DE LOURDES DE OLIVEIRA LAVOR TIA LAVOR,2,1154.0,2025,Rio de Janeiro,33146950,CE PROFESSORA MARIA DE LOURDES DE OLIVEIRA LAVOR TIA LAVOR,Estadual,85.3,8.9,5.8
2025,RIO DE JANEIRO,33140715,CE ANTONIO HOUAISS,2,957.0,2025,Rio de Janeiro,33140715,CE ANTONIO HOUAISS,Estadual,87.6,0.0,12.4
2025,SÃO GONÇALO,33090157,CIEP 126 ALMEDORINA AZEREDO,2,48.0,2025,São Gonçalo,33090157,CIEP 126 ALMEDORINA AZEREDO,Estadual,91.3,4.3,4.4
2025,SÃO GONÇALO,33089841,IE CLELIA NANCI,2,833.0,2025,São Gonçalo,33089841,IE CLELIA NANCI,Estadual,96.1,3.9,0.0
2025,SÃO GONÇALO,33089469,CE PROFESSORA ANTONIETA PALMEIRA,2,378.0,2025,São Gonçalo,33089469,CE PROFESSORA ANTONIETA PALMEIRA,Estadual,94.5,3.7,1.8
2025,SÃO GONÇALO,33089426,CE MONSENHOR BARENCO COELHO,2,244.0,2025,São Gonçalo,33089426,CE MONSENHOR BARENCO COELHO,Estadual,76.5,13.2,10.3
2025,SÃO GONÇALO,33089396,CE LAURO CORREA,2,253.0,2025,São Gonçalo,33089396,CE LAURO CORREA,Estadual,93.3,4.6,2.1
2025,SÃO GONÇALO,33089388,CE FREDERICO AZEVEDO,2,308.0,2025,São Gonçalo,33089388,CE FREDERICO AZEVEDO,Estadual,91.5,6.5,2.0
2025,RIO DE JANEIRO,33136696,CE LIBERDADE,2,441.0,2025,Rio de Janeiro,33136696,CE LIBERDADE,Estadual,96.9,0.7,2.4
2025,RIO DE JANEIRO,33136513,CE ROSARIA TROTTA,2,177.0,2025,Rio de Janeiro,33136513,CE ROSARIA TROTTA,Estadual,82.2,2.8,15.0
2025,RIO DE JANEIRO,33136505,CE PROFESSORA JEANNETTE DE SOUZA COELHO MANNARINO,2,2206.0,2025,Rio de Janeiro,33136505,CE PROFESSORA JEANNETTE DE SOUZA COELHO MANNARINO,Estadual,95.5,3.9,0.6
2025,RIO DE JANEIRO,33136483,CE GANDHI,2,194.0,2025,Rio de Janeiro,33136483,CE GANDHI,Estadual,97.3,0.0,2.7
2025,SÃO GONÇALO,33089060,CE ISMAEL BRANCO,2,206.0,2025,São Gonçalo,33089060,CE ISMAEL BRANCO,Estadual,77.5,14.0,8.5
2025,SÃO GONÇALO,33089051,CE DOUTOR ADINO XAVIER,2,1130.0,2025,São Gonçalo,33089051,CE DOUTOR ADINO XAVIER,Estadual,95.9,3.5,0.6
2025,SÃO GONÇALO,33089043,CE ARMANDO GONCALVES,2,240.0,2025,São Gonçalo,33089043,CE ARMANDO GONCALVES,Estadual,90.0,5.8,4.2
2025,SÃO GONÇALO,33088950,CIEP 052 PROFESSORA ROMANDA GOUVEIA GONCALVES,2,62.0,2025,São Gonçalo,33088950,CIEP 052 PROFESSORA ROMANDA GOUVEIA GONCALVES,Estadual,100.0,0.0,0.0
2025,SÃO GONÇALO,33088942,CIEP 248 PROFESSOR TULIO RODRIGUES PERLINGEIRO,2,105.0,2025,São Gonçalo,33088942,CIEP 248 PROFESSOR TULIO RODRIGUES PERLINGEIRO,Estadual,89.0,0.0,11.0
2025,SÃO GONÇALO,33088926,CIEP 240 PROFESSOR HAROLDO TEIXEIRA VALLADAO,2,82.0,2025,São Gonçalo,33088926,CIEP 240 PROFESSOR HAROLDO TEIXEIRA VALLADAO,Estadual,98.6,0.0,1.4
2025,SÃO GONÇALO,33090165,CIEP 440 MAJOR JOAQUIM DE AZEVEDO COUTINHO,2,17.0,2025,São Gonçalo,33090165,CIEP 440 MAJOR JOAQUIM DE AZEVEDO COUTINHO,Estadual,82.4,0.0,17.6
2025,SÃO GONÇALO,33090149,CIEP 122 ERMEZINDA DIONISIO NECCO,2,248.0,2025,São Gonçalo,33090149,CIEP 122 ERMEZINDA DIONISIO NECCO,Estadual,82.1,11.8,6.1
2025,SÃO GONÇALO,33518238,CIEP 513 GEORGE SAVALLA GOMES PALHACO CAREQUINHA,2,100.0,2025,São Gonçalo,33518238,CIEP 513 GEORGE SAVALLA GOMES PALHACO CAREQUINHA,Estadual,79.0,13.0,8.0
2025,SÃO GONÇALO,33507210,CE COMENDADOR VALENTIM DOS SANTOS DINIZ,2,166.0,2025,São Gonçalo,33507210,CE COMENDADOR VALENTIM DOS SANTOS DINIZ,Estadual,99.4,0.6,0.0
2025,SÃO GONÇALO,33104182,CIEP 409 PROFESSORA ALAIDE DE FIGUEREDO SANTOS,2,266.0,2025,São Gonçalo,33104182,CIEP 409 PROFESSORA ALAIDE DE FIGUEREDO SANTOS,Estadual,90.2,8.6,1.2
2025,SÃO GONÇALO,33103968,CIEP 439 LUIZ GONZAGA JUNIOR GONZAGUINHA,2,127.0,2025,São Gonçalo,33103968,CIEP 439 LUIZ GONZAGA JUNIOR GONZAGUINHA,Estadual,91.9,5.7,2.4
2025,RIO DE JANEIRO,33271208,CE JOSE LEITE LOPES,2,378.0,2025,Rio de Janeiro,33271208,CE JOSE LEITE LOPES,Estadual,96.3,3.7,0.0
2025,RIO DE JANEIRO,33201471,CE PROFESSORA KATIA BARGHIGIANI AFFONSO,2,8.0,2025,Rio de Janeiro,33201471,CE PROFESSORA KATIA BARGHIGIANI AFFONSO,Estadual,100.0,0.0,0.0
2025,RIO DE JANEIRO,33186383,SEGUNDO COLEGIO DA POLICIA MILITAR DO ESTADO DO RIO DE JANEIRO,2,126.0,2025,Rio de Janeiro,33186383,SEGUNDO COLEGIO DA POLICIA MILITAR DO ESTADO DO RIO DE JANEIRO,Estadual,99.2,0.8,0.0
2025,RIO DE JANEIRO,33183724,CE ARTHUR ANTONIO SENDAS,2,77.0,2025,Rio de Janeiro,33183724,CE ARTHUR ANTONIO SENDAS,Estadual,75.9,24.1,0.0
2025,SÃO GONÇALO,33096970,CIEP 309 ZUZU ANGEL BRASILCOLOMBIA,2,88.0,2025,São Gonçalo,33096970,CIEP 309 ZUZU ANGEL BRASILCOLOMBIA,Estadual,97.5,2.5,0.0
2025,SÃO GONÇALO,33091897,CE CORONEL PM MARCUS JARDIM,2,235.0,2025,São Gonçalo,33091897,CE CORONEL PM MARCUS JARDIM,Estadual,99.6,0.4,0.0
2025,SÃO GONÇALO,33091382,CE CORONEL FRANCISCO LIMA,2,181.0,2025,São Gonçalo,33091382,CE CORONEL FRANCISCO LIMA,Estadual,99.4,0.0,0.6
2025,SÃO GONÇALO,33091323,CE SUBTENENTE PM MARCO ANTONIO GRIPP,2,120.0,2025,São Gonçalo,33091323,CE SUBTENENTE PM MARCO ANTONIO GRIPP,Estadual,100.0,0.0,0.0
2025,SÃO GONÇALO,33090831,CE DOM ANTONIO DE ALMEIDA MORAES JUNIOR,2,133.0,2025,São Gonçalo,33090831,CE DOM ANTONIO DE ALMEIDA MORAES JUNIOR,Estadual,98.4,0.0,1.6
2025,SÃO GONÇALO,33090327,CE DESEMBARGADOR FERREIRA PINTO,2,245.0,2025,São Gonçalo,33090327,CE DESEMBARGADOR FERREIRA PINTO,Estadual,88.8,7.4,3.8
2025,SÃO GONÇALO,33090688,CIEP 239 PROFESSORA ELZA VIANNA FIALHO,2,246.0,2025,São Gonçalo,33090688,CIEP 239 PROFESSORA ELZA VIANNA FIALHO,Estadual,85.2,6.6,8.2
2025,SÃO GONÇALO,33090670,CIEP 050 PABLO NERUDA,2,169.0,2025,São Gonçalo,33090670,CIEP 050 PABLO NERUDA,Estadual,85.3,10.0,4.7
2025,SÃO GONÇALO,33090653,CIEP 121 PROFESSOR JOADELIO CODECO,2,217.0,2025,São Gonçalo,33090653,CIEP 121 PROFESSOR JOADELIO CODECO,Estadual,90.7,1.9,7.4
2025,SÃO GONÇALO,33103925,CIEP 421 DEPUTADA CRISTINA TAVARES,2,63.0,2025,São Gonçalo,33103925,CIEP 421 DEPUTADA CRISTINA TAVARES,Estadual,96.8,3.2,0.0
2025,SÃO GONÇALO,33090475,CE VITAL BRASIL,2,220.0,2025,São Gonçalo,33090475,CE VITAL BRASIL,Estadual,95.3,2.8,1.9
2025,SÃO GONÇALO,33090459,CE PROFESSORA ODYSSEA SILVEIRA DE SIQUEIRA,2,146.0,2025,São Gonçalo,33090459,CE PROFESSORA ODYSSEA SILVEIRA DE SIQUEIRA,Estadual,97.7,2.3,0.0
2025,SÃO GONÇALO,33089124,CE PADRE MANUEL DA NOBREGA,2,186.0,2025,São Gonçalo,33089124,CE PADRE MANUEL DA NOBREGA,Estadual,96.2,1.6,2.2
2025,SÃO GONÇALO,33089108,CE PANDIA CALOGERAS,2,1065.0,2025,São Gonçalo,33089108,CE PANDIA CALOGERAS,Estadual,89.3,9.7,1.0
2025,SÃO GONÇALO,33089094,CE NILO PECANHA,2,813.0,2025,São Gonçalo,33089094,CE NILO PECANHA,Estadual,92.8,4.7,2.5
2025,SÃO GONÇALO,33089086,CE MINISTRO JOSE DE MOURA E SILVA,2,165.0,2025,São Gonçalo,33089086,CE MINISTRO JOSE DE MOURA E SILVA,Estadual,93.0,0.6,6.4
2025,SÃO GONÇALO,33091340,CE CAPITAO OSWALDO ORNELLAS,2,297.0,2025,São Gonçalo,33091340,CE CAPITAO OSWALDO ORNELLAS,Estadual,93.9,1.3,4.8
2025,SÃO GONÇALO,33091200,CE WALTER ORLANDINE,2,1081.0,2025,São Gonçalo,33091200,CE WALTER ORLANDINE,Estadual,96.6,2.8,0.6
2025,SÃO GONÇALO,33091196,CE SANTOS DIAS,2,332.0,2025,São Gonçalo,33091196,CE SANTOS DIAS,Estadual,92.1,5.3,2.6
2025,SÃO GONÇALO,33103909,CIEP 238 DOUTOR ILTON FARIA DA COSTA,2,240.0,2025,São Gonçalo,33103909,CIEP 238 DOUTOR ILTON FARIA DA COSTA,Estadual,92.3,5.1,2.6
