Ano_do_Censo,Nome_do_Municipio,Codigo_da_Escola,Nome_da_Escola,Quantidade_de_Matriculados_Ensino_Medio,Aprovacao_EM_Total,Reprovacao_EM_Total,Abandono_EM_Total
2017,SÃO GONÇALO,33051879,CE DOUTOR MOACYR MEIRELLES PADILHA,584.0,69.9,19.2,10.9
2018,SÃO GONÇALO,33051879,CE DOUTOR MOACYR MEIRELLES PADILHA,476.0,64.3,31.8,3.9
2019,SÃO GONÇALO,33051879,CE DOUTOR MOACYR MEIRELLES PADILHA,435.0,70.4,16.7,12.9
2020,SÃO GONÇALO,33051879,CE DOUTOR MOACYR MEIRELLES PADILHA,379.0,97.6,0.0,2.4
2021,SÃO GONÇALO,33051879,CE DOUTOR MOACYR MEIRELLES PADILHA,382.0,94.3,5.2,0.5
2022,SÃO GONÇALO,33051879,CE DOUTOR MOACYR MEIRELLES PADILHA,372.0,62.6,33.4,4.0
2023,SÃO GONÇALO,33051879,CE DOUTOR MOACYR MEIRELLES PADILHA,333.0,53.4,31.3,15.3
2024,SÃO GONÇALO,33051879,CE DOUTOR MOACYR MEIRELLES PADILHA,308.0,70.2,17.7,12.1
2015,MARICÁ,33053910,CE ELISIARIO MATTA,777.0,89.3,10.3,0.4
2016,MARICÁ,33053910,CE ELISIARIO MATTA,721.0,81.8,7.8,10.4
2017,MARICÁ,33053910,CE ELISIARIO MATTA,780.0,87.7,9.0,3.3
2018,MARICÁ,33053910,CE ELISIARIO MATTA,870.0,86.4,11.1,2.5
2019,MARICÁ,33053910,CE ELISIARIO MATTA,1047.0,82.4,10.7,6.9
2020,MARICÁ,33053910,CE ELISIARIO MATTA,1042.0,95.2,4.8,0.0
2021,MARICÁ,33053910,CE ELISIARIO MATTA,1003.0,88.4,9.9,1.7
2022,MARICÁ,33053910,CE ELISIARIO MATTA,1062.0,76.1,9.5,14.4
2023,MARICÁ,33053910,CE ELISIARIO MATTA,1205.0,75.5,14.1,10.4
2024,MARICÁ,33053910,CE ELISIARIO MATTA,1373.0,74.1,13.8,12.1
2025,MARICÁ,33053910,CE ELISIARIO MATTA,1443.0,94.8,3.9,1.3
2015,MARICÁ,33053952,CE DOMICIO DA GAMA,377.0,78.1,17.7,4.2
2016,MARICÁ,33053952,CE DOMICIO DA GAMA,408.0,75.7,11.1,13.2
2017,MARICÁ,33053952,CE DOMICIO DA GAMA,305.0,91.5,7.8,0.7
2018,MARICÁ,33053952,CE DOMICIO DA GAMA,314.0,87.7,9.9,2.4
2019,MARICÁ,33053952,CE DOMICIO DA GAMA,382.0,83.6,15.6,0.8
2020,MARICÁ,33053952,CE DOMICIO DA GAMA,406.0,97.8,2.2,0.0
2021,MARICÁ,33053952,CE DOMICIO DA GAMA,406.0,90.6,8.6,0.8
2022,MARICÁ,33053952,CE DOMICIO DA GAMA,419.0,89.2,8.9,1.9
2023,MARICÁ,33053952,CE DOMICIO DA GAMA,411.0,87.5,11.2,1.3
2024,MARICÁ,33053952,CE DOMICIO DA GAMA,390.0,90.1,9.9,0.0
2025,MARICÁ,33053952,CE DOMICIO DA GAMA,381.0,98.6,1.4,0.0
2017,MARICÁ,33053995,CE PROFESSORA CACILDA SILVA,28.0,76.7,20.0,3.3
2018,MARICÁ,33053995,CE PROFESSORA CACILDA SILVA,102.0,75.7,16.5,7.8
2019,MARICÁ,33053995,CE PROFESSORA CACILDA SILVA,161.0,85.0,8.6,6.4
2020,MARICÁ,33053995,CE PROFESSORA CACILDA SILVA,163.0,100.0,0.0,0.0
2021,MARICÁ,33053995,CE PROFESSORA CACILDA SILVA,178.0,87.6,11.8,0.6
2022,MARICÁ,33053995,CE PROFESSORA CACILDA SILVA,146.0,99.2,0.8,0.0
2023,MARICÁ,33053995,CE PROFESSORA CACILDA SILVA,142.0,85.3,11.6,3.1
2024,MARICÁ,33053995,CE PROFESSORA CACILDA SILVA,170.0,82.6,16.8,0.6
2025,MARICÁ,33053995,CE PROFESSORA CACILDA SILVA,152.0,96.5,2.8,0.7
2015,MARICÁ,33054177,CE DOUTOR JOAO GOMES DE MATTOS SOBRINHO,516.0,87.2,8.8,4.0
2016,MARICÁ,33054177,CE DOUTOR JOAO GOMES DE MATTOS SOBRINHO,570.0,78.0,9.3,12.7
2017,MARICÁ,33054177,CE DOUTOR JOAO GOMES DE MATTOS SOBRINHO,506.0,72.3,24.1,3.6
2018,MARICÁ,33054177,CE DOUTOR JOAO GOMES DE MATTOS SOBRINHO,577.0,75.2,17.5,7.3
2019,MARICÁ,33054177,CE DOUTOR JOAO GOMES DE MATTOS SOBRINHO,611.0,66.3,25.2,8.5
2020,MARICÁ,33054177,CE DOUTOR JOAO GOMES DE MATTOS SOBRINHO,640.0,97.3,2.7,0.0
2021,MARICÁ,33054177,CE DOUTOR JOAO GOMES DE MATTOS SOBRINHO,640.0,94.2,2.3,3.5
2022,MARICÁ,33054177,CE DOUTOR JOAO GOMES DE MATTOS SOBRINHO,630.0,74.5,14.8,10.7
2023,MARICÁ,33054177,CE DOUTOR JOAO GOMES DE MATTOS SOBRINHO,606.0,76.4,15.1,8.5
2024,MARICÁ,33054177,CE DOUTOR JOAO GOMES DE MATTOS SOBRINHO,651.0,72.8,20.0,7.2
2025,MARICÁ,33054177,CE DOUTOR JOAO GOMES DE MATTOS SOBRINHO,606.0,89.1,3.3,7.6
2015,MARICÁ,33054185,CE CAIO FRANCISCO DE FIGUEIREDO,400.0,86.6,9.1,4.3
2016,MARICÁ,33054185,CE CAIO FRANCISCO DE FIGUEIREDO,325.0,89.1,9.7,1.2
2017,MARICÁ,33054185,CE CAIO FRANCISCO DE FIGUEIREDO,336.0,84.7,12.2,3.1
2018,MARICÁ,33054185,CE CAIO FRANCISCO DE FIGUEIREDO,341.0,87.7,11.1,1.2
2019,MARICÁ,33054185,CE CAIO FRANCISCO DE FIGUEIREDO,388.0,84.4,14.6,1.0
2020,MARICÁ,33054185,CE CAIO FRANCISCO DE FIGUEIREDO,496.0,96.4,3.6,0.0
2021,MARICÁ,33054185,CE CAIO FRANCISCO DE FIGUEIREDO,592.0,83.7,15.6,0.7
2022,MARICÁ,33054185,CE CAIO FRANCISCO DE FIGUEIREDO,599.0,86.6,13.0,0.4
2023,MARICÁ,33054185,CE CAIO FRANCISCO DE FIGUEIREDO,570.0,87.1,9.0,3.9
2024,MARICÁ,33054185,CE CAIO FRANCISCO DE FIGUEIREDO,586.0,77.5,11.7,10.8
2025,MARICÁ,33054185,CE CAIO FRANCISCO DE FIGUEIREDO,503.0,94.9,1.9,3.2
2015,MARICÁ,33054215,CE EUCLYDES PAULO DA SILVA,211.0,72.2,21.7,6.1
2016,MARICÁ,33054215,CE EUCLYDES PAULO DA SILVA,204.0,63.8,11.2,25.0
2017,MARICÁ,33054215,CE EUCLYDES PAULO DA SILVA,207.0,77.8,13.3,8.9
2018,MARICÁ,33054215,CE EUCLYDES PAULO DA SILVA,306.0,87.3,6.8,5.9
2019,MARICÁ,33054215,CE EUCLYDES PAULO DA SILVA,368.0,72.9,19.3,7.8
2020,MARICÁ,33054215,CE EUCLYDES PAULO DA SILVA,413.0,97.5,2.5,0.0
2021,MARICÁ,33054215,CE EUCLYDES PAULO DA SILVA,427.0,84.7,15.1,0.2
2022,MARICÁ,33054215,CE EUCLYDES PAULO DA SILVA,403.0,77.1,17.7,5.2
2023,MARICÁ,33054215,CE EUCLYDES PAULO DA SILVA,427.0,82.2,10.2,7.6
2024,MARICÁ,33054215,CE EUCLYDES PAULO DA SILVA,465.0,80.8,15.0,4.2
2025,MARICÁ,33054215,CE EUCLYDES PAULO DA SILVA,449.0,87.8,2.7,9.5
2015,MARICÁ,33054339,CE FRANCISCO JOSE DO NASCIMENTO,177.0,77.3,14.5,8.2
2016,MARICÁ,33054339,CE FRANCISCO JOSE DO NASCIMENTO,164.0,84.7,12.2,3.1
2017,MARICÁ,33054339,CE FRANCISCO JOSE DO NASCIMENTO,164.0,74.4,25.6,0.0
2018,MARICÁ,33054339,CE FRANCISCO JOSE DO NASCIMENTO,183.0,75.1,22.5,2.4
2019,MARICÁ,33054339,CE FRANCISCO JOSE DO NASCIMENTO,228.0,64.9,25.1,10.0
2020,MARICÁ,33054339,CE FRANCISCO JOSE DO NASCIMENTO,280.0,92.8,7.2,0.0
2021,MARICÁ,33054339,CE FRANCISCO JOSE DO NASCIMENTO,308.0,81.4,12.7,5.9
2022,MARICÁ,33054339,CE FRANCISCO JOSE DO NASCIMENTO,384.0,70.2,29.8,0.0
2023,MARICÁ,33054339,CE FRANCISCO JOSE DO NASCIMENTO,384.0,77.1,22.9,0.0
2024,MARICÁ,33054339,CE FRANCISCO JOSE DO NASCIMENTO,390.0,77.6,22.4,0.0
2025,MARICÁ,33054339,CE FRANCISCO JOSE DO NASCIMENTO,381.0,91.1,7.5,1.4
2017,NITERÓI,33055467,CIEP 251 DONA MARIA PORTUGAL,43.0,68.3,29.3,2.4
2018,NITERÓI,33055467,CIEP 251 DONA MARIA PORTUGAL,57.0,79.6,9.3,11.1
2019,NITERÓI,33055467,CIEP BRIZOLAO 251 DONA MARIA PORTUGAL,81.0,66.7,20.5,12.8
2020,NITERÓI,33055467,CIEP 251 DONA MARIA PORTUGAL,72.0,95.8,4.2,0.0
2021,NITERÓI,33055467,CIEP 251 DONA MARIA PORTUGAL,71.0,66.7,20.8,12.5
2022,NITERÓI,33055467,CIEP 251 DONA MARIA PORTUGAL,62.0,66.7,19.7,13.6
2023,NITERÓI,33055467,CIEP 251 DONA MARIA PORTUGAL,52.0,78.6,7.1,14.3
2024,NITERÓI,33055467,CIEP 251 DONA MARIA PORTUGAL BRASILPARAGUAI,40.0,90.2,4.9,4.9
2025,NITERÓI,33055467,CIEP 251 DONA MARIA PORTUGAL BRASILPARAGUAI,15.0,100.0,0.0,0.0
2015,NITERÓI,33055610,CE AURELINO LEAL,1112.0,72.4,23.9,3.7
2016,NITERÓI,33055610,CE AURELINO LEAL,1067.0,78.1,18.7,3.2
2017,NITERÓI,33055610,CE AURELINO LEAL,1173.0,73.2,20.8,6.0
2018,NITERÓI,33055610,CE AURELINO LEAL,1093.0,74.1,21.5,4.4
2019,NITERÓI,33055610,CE AURELINO LEAL,991.0,80.8,9.9,9.3
2020,NITERÓI,33055610,CE AURELINO LEAL,896.0,100.0,0.0,0.0
2021,NITERÓI,33055610,CE AURELINO LEAL,620.0,97.7,2.3,0.0
2022,NITERÓI,33055610,CE AURELINO LEAL,440.0,69.6,22.0,8.4
2023,NITERÓI,33055610,CE AURELINO LEAL,245.0,50.2,43.8,6.0
2024,NITERÓI,33055610,CE AURELINO LEAL,196.0,65.5,23.7,10.8
2025,NITERÓI,33055610,CE AURELINO LEAL,126.0,96.6,2.5,0.9
2015,NITERÓI,33055629,CE BALTAZAR BERNARDINO,188.0,59.7,26.7,13.6
2016,NITERÓI,33055629,CE BALTAZAR BERNARDINO,201.0,57.8,13.5,28.7
2017,NITERÓI,33055629,CE BALTAZAR BERNARDINO,210.0,76.7,13.4,9.9
2018,NITERÓI,33055629,CE BALTAZAR BERNARDINO,232.0,73.6,21.1,5.3
2019,NITERÓI,33055629,CE BALTAZAR BERNARDINO,207.0,67.3,20.9,11.8
2020,NITERÓI,33055629,CE BALTAZAR BERNARDINO,233.0,80.4,19.6,0.0
2021,NITERÓI,33055629,CE BALTAZAR BERNARDINO,216.0,74.4,19.9,5.7
2022,NITERÓI,33055629,CE BALTAZAR BERNARDINO,261.0,71.3,25.4,3.3
2023,NITERÓI,33055629,CE BALTAZAR BERNARDINO,215.0,74.0,26.0,0.0
2024,NITERÓI,33055629,CE BALTAZAR BERNARDINO,266.0,62.7,25.1,12.2
2025,NITERÓI,33055629,CE BALTAZAR BERNARDINO,217.0,79.5,9.8,10.7
2015,NITERÓI,33055637,CE BRIGADEIRO CASTRIOTO,47.0,73.9,8.7,17.4
2016,NITERÓI,33055637,CE BRIGADEIRO CASTRIOTO,33.0,91.4,5.7,2.9
2017,NITERÓI,33055637,CE BRIGADEIRO CASTRIOTO,124.0,89.4,5.3,5.3
2018,NITERÓI,33055637,CE BRIGADEIRO CASTRIOTO,156.0,93.1,6.9,0.0
2019,NITERÓI,33055637,CE BRIGADEIRO CASTRIOTO,184.0,91.2,8.8,0.0
2020,NITERÓI,33055637,CE BRIGADEIRO CASTRIOTO,192.0,100.0,0.0,0.0
2021,NITERÓI,33055637,CE BRIGADEIRO CASTRIOTO,168.0,99.4,0.0,0.6
2022,NITERÓI,33055637,CE BRIGADEIRO CASTRIOTO,110.0,96.0,4.0,0.0
2023,NITERÓI,33055637,CE BRIGADEIRO CASTRIOTO,84.0,91.5,7.3,1.2
2024,NITERÓI,33055637,CE BRIGADEIRO CASTRIOTO BRASILESPANHA,164.0,97.4,1.9,0.7
2025,NITERÓI,33055637,CE BRIGADEIRO CASTRIOTO BRASILESPANHA,217.0,100.0,0.0,0.0
2015,NITERÓI,33055645,CE CIZINIO SOARES PINTO,143.0,82.6,12.1,5.3
2016,NITERÓI,33055645,CE CIZINIO SOARES PINTO,184.0,76.1,16.5,7.4
2017,NITERÓI,33055645,CE CIZINIO SOARES PINTO,194.0,83.5,13.8,2.7
2018,NITERÓI,33055645,CE CIZINIO SOARES PINTO,220.0,79.9,15.4,4.7
2019,NITERÓI,33055645,CE CIZINIO SOARES PINTO,248.0,74.0,16.4,9.6
2020,NITERÓI,33055645,CE CIZINIO SOARES PINTO,264.0,100.0,0.0,0.0
2021,NITERÓI,33055645,CE CIZINIO SOARES PINTO,273.0,87.8,11.5,0.7
2022,NITERÓI,33055645,CE CIZINIO SOARES PINTO,282.0,65.2,21.7,13.1
2023,NITERÓI,33055645,CE CIZINIO SOARES PINTO,282.0,69.9,17.7,12.4
2024,NITERÓI,33055645,CE CIZINIO SOARES PINTO,240.0,62.2,19.6,18.2
2025,NITERÓI,33055645,CE CIZINIO SOARES PINTO,182.0,79.7,3.8,16.5
2015,NITERÓI,33055653,CE CONSELHEIRO MACEDO SOARES,353.0,82.4,17.6,0.0
2016,NITERÓI,33055653,CE CONSELHEIRO MACEDO SOARES,398.0,67.7,30.2,2.1
2017,NITERÓI,33055653,CE CONSELHEIRO MACEDO SOARES,370.0,75.6,24.1,0.3
2018,NITERÓI,33055653,CE CONSELHEIRO MACEDO SOARES,415.0,68.3,21.4,10.3
2019,NITERÓI,33055653,CE CONSELHEIRO MACEDO SOARES,395.0,64.4,12.3,23.3
2020,NITERÓI,33055653,CE CONSELHEIRO MACEDO SOARES,417.0,93.2,3.7,3.1
2021,NITERÓI,33055653,CE CONSELHEIRO MACEDO SOARES,442.0,96.7,0.2,3.1
2022,NITERÓI,33055653,CE CONSELHEIRO MACEDO SOARES,477.0,75.8,18.7,5.5
2023,NITERÓI,33055653,CE CONSELHEIRO MACEDO SOARES,401.0,70.5,22.1,7.4
2024,NITERÓI,33055653,CE CONSELHEIRO MACEDO SOARES,382.0,66.5,24.0,9.5
2025,NITERÓI,33055653,CE CONSELHEIRO MACEDO SOARES,318.0,76.2,11.1,12.7
2015,NITERÓI,33055661,CE DOUTOR LUCIANO PESTRE,112.0,63.1,24.3,12.6
2016,NITERÓI,33055661,CE DOUTOR LUCIANO PESTRE,104.0,57.7,31.7,10.6
2017,NITERÓI,33055661,CE DOUTOR LUCIANO PESTRE,112.0,73.6,21.8,4.6
2018,NITERÓI,33055661,CE DOUTOR LUCIANO PESTRE,97.0,80.9,15.7,3.4
2019,NITERÓI,33055661,CE DOUTOR LUCIANO PESTRE,97.0,64.1,32.6,3.3
2020,NITERÓI,33055661,CE DOUTOR LUCIANO PESTRE,97.0,97.9,2.1,0.0
2021,NITERÓI,33055661,CE DOUTOR LUCIANO PESTRE,115.0,44.1,25.4,30.5
2022,NITERÓI,33055661,CE DOUTOR LUCIANO PESTRE,114.0,65.5,17.3,17.2
2023,NITERÓI,33055661,CE DOUTOR LUCIANO PESTRE,123.0,75.9,23.1,1.0
2024,NITERÓI,33055661,CE DOUTOR LUCIANO PESTRE,109.0,79.2,20.8,0.0
2025,NITERÓI,33055661,CE DOUTOR LUCIANO PESTRE,143.0,86.0,9.6,4.4
2015,NITERÓI,33055670,CE FERNANDO MAGALHAES,168.0,71.3,26.3,2.4
2016,NITERÓI,33055670,CE FERNANDO MAGALHAES,157.0,60.5,28.0,11.5
2017,NITERÓI,33055670,CE FERNANDO MAGALHAES,160.0,70.3,21.9,7.8
2018,NITERÓI,33055670,CE FERNANDO MAGALHAES,125.0,80.6,19.4,0.0
2019,NITERÓI,33055670,CE FERNANDO MAGALHAES,143.0,79.3,17.8,2.9
2020,NITERÓI,33055670,CE FERNANDO MAGALHAES,163.0,99.4,0.6,0.0
2021,NITERÓI,33055670,CE FERNANDO MAGALHAES,168.0,87.5,9.9,2.6
2022,NITERÓI,33055670,CE FERNANDO MAGALHAES,154.0,67.3,28.8,3.9
2023,NITERÓI,33055670,CE FERNANDO MAGALHAES,153.0,81.1,18.2,0.7
2024,NITERÓI,33055670,CE FERNANDO MAGALHAES,178.0,82.7,14.5,2.8
2025,NITERÓI,33055670,CE FERNANDO MAGALHAES,163.0,96.3,0.6,3.1
2015,NITERÓI,33055696,CE GUILHERME BRIGGS,181.0,88.4,7.5,4.1
2016,NITERÓI,33055696,CE GUILHERME BRIGGS,173.0,88.4,8.1,3.5
2017,NITERÓI,33055696,CE GUILHERME BRIGGS,192.0,93.0,5.4,1.6
2018,NITERÓI,33055696,CE GUILHERME BRIGGS,232.0,79.2,15.4,5.4
2019,NITERÓI,33055696,CE GUILHERME BRIGGS,166.0,91.9,5.4,2.7
2020,NITERÓI,33055696,CE GUILHERME BRIGGS,180.0,98.9,1.1,0.0
2021,NITERÓI,33055696,CE GUILHERME BRIGGS,178.0,97.2,1.1,1.7
2022,NITERÓI,33055696,CE GUILHERME BRIGGS,209.0,88.5,6.3,5.2
2023,NITERÓI,33055696,CE GUILHERME BRIGGS,250.0,87.4,7.8,4.8
2024,NITERÓI,33055696,CE GUILHERME BRIGGS BRASIL ESPANHA,257.0,95.8,1.9,2.3
2025,NITERÓI,33055696,CE GUILHERME BRIGGS BRASILESPANHA,250.0,99.2,0.8,0.0
2015,NITERÓI,33055700,CE HILARIO RIBEIRO,228.0,78.7,17.1,4.2
2016,NITERÓI,33055700,CE HILARIO RIBEIRO,212.0,74.4,15.6,10.0
2017,NITERÓI,33055700,CE HILARIO RIBEIRO,243.0,70.1,19.5,10.4
2018,NITERÓI,33055700,CE HILARIO RIBEIRO,266.0,64.7,28.6,6.7
2019,NITERÓI,33055700,CE HILARIO RIBEIRO,265.0,64.5,18.3,17.2
2020,NITERÓI,33055700,CE HILARIO RIBEIRO,257.0,96.4,3.6,0.0
2021,NITERÓI,33055700,CE HILARIO RIBEIRO,285.0,93.3,3.5,3.2
2022,NITERÓI,33055700,CE HILARIO RIBEIRO,319.0,74.8,6.9,18.3
2023,NITERÓI,33055700,CE HILARIO RIBEIRO,262.0,83.3,3.8,12.9
2024,NITERÓI,33055700,CE HILARIO RIBEIRO,236.0,74.4,13.7,11.9
2025,NITERÓI,33055700,CE HILARIO RIBEIRO,229.0,84.5,0.0,15.5
2015,NITERÓI,33055726,CE JOAQUIM TAVORA,376.0,77.2,19.5,3.3
2016,NITERÓI,33055726,CE JOAQUIM TAVORA,404.0,75.1,22.3,2.6
2017,NITERÓI,33055726,CE JOAQUIM TAVORA,438.0,75.1,20.3,4.6
2018,NITERÓI,33055726,CE JOAQUIM TAVORA,453.0,79.1,20.9,0.0
2019,NITERÓI,33055726,CE JOAQUIM TAVORA,409.0,82.2,15.9,1.9
2020,NITERÓI,33055726,CE JOAQUIM TAVORA,473.0,97.6,2.4,0.0
2021,NITERÓI,33055726,CE JOAQUIM TAVORA,465.0,96.7,2.7,0.6
2022,NITERÓI,33055726,CE JOAQUIM TAVORA,515.0,83.1,16.9,0.0
2023,NITERÓI,33055726,CE JOAQUIM TAVORA,440.0,83.7,12.7,3.6
2024,NITERÓI,33055726,CE JOAQUIM TAVORA,495.0,71.7,24.1,4.2
2025,NITERÓI,33055726,CE JOAQUIM TAVORA,483.0,91.3,8.7,0.0
2015,NITERÓI,33055734,CE MACHADO DE ASSIS,305.0,77.7,15.7,6.6
2016,NITERÓI,33055734,CE MACHADO DE ASSIS,286.0,71.1,28.2,0.7
2017,NITERÓI,33055734,CE MACHADO DE ASSIS,202.0,79.9,14.1,6.0
2018,NITERÓI,33055734,CE MACHADO DE ASSIS,199.0,83.8,12.2,4.0
2019,NITERÓI,33055734,CE MACHADO DE ASSIS,203.0,79.3,18.2,2.5
2020,NITERÓI,33055734,CE MACHADO DE ASSIS,231.0,98.2,1.8,0.0
2021,NITERÓI,33055734,CE MACHADO DE ASSIS,257.0,96.4,3.6,0.0
2022,NITERÓI,33055734,CE MACHADO DE ASSIS,300.0,83.3,16.7,0.0
2023,NITERÓI,33055734,CE MACHADO DE ASSIS,324.0,74.5,20.0,5.5
2024,NITERÓI,33055734,CE MACHADO DE ASSIS,304.0,76.9,17.8,5.3
2025,NITERÓI,33055734,CE MACHADO DE ASSIS,314.0,88.3,6.3,5.4
2015,NITERÓI,33055742,CE MULLULO DA VEIGA,128.0,59.5,31.3,9.2
2016,NITERÓI,33055742,CE MULLULO DA VEIGA,114.0,50.9,43.6,5.5
2017,NITERÓI,33055742,CE MULLULO DA VEIGA,124.0,63.5,26.2,10.3
2018,NITERÓI,33055742,CE MULLULO DA VEIGA,129.0,71.2,15.2,13.6
2019,NITERÓI,33055742,CE MULLULO DA VEIGA,114.0,58.9,20.5,20.6
2020,NITERÓI,33055742,CE MULLULO DA VEIGA,128.0,93.7,1.6,4.7
2021,NITERÓI,33055742,CE MULLULO DA VEIGA,113.0,78.4,14.7,6.9
2022,NITERÓI,33055742,CE MULLULO DA VEIGA,141.0,55.8,25.0,19.2
2023,NITERÓI,33055742,CE MULLULO DA VEIGA,159.0,62.8,20.1,17.1
2024,NITERÓI,33055742,CE MULLULO DA VEIGA,168.0,55.3,24.1,20.6
2025,NITERÓI,33055742,CE MULLULO DA VEIGA,158.0,74.8,10.7,14.5
2015,NITERÓI,33055750,CE PAULO ASSIS RIBEIRO,785.0,73.6,17.6,8.8
2016,NITERÓI,33055750,CE PAULO ASSIS RIBEIRO,715.0,53.6,25.4,21.0
2017,NITERÓI,33055750,CE PAULO ASSIS RIBEIRO,618.0,58.2,28.1,13.7
2018,NITERÓI,33055750,CE PAULO ASSIS RIBEIRO,686.0,52.8,33.6,13.6
2019,NITERÓI,33055750,CE PAULO ASSIS RIBEIRO,679.0,57.9,20.8,21.3
2020,NITERÓI,33055750,CE PAULO ASSIS RIBEIRO,728.0,90.6,9.4,0.0
2021,NITERÓI,33055750,CE PAULO ASSIS RIBEIRO,629.0,89.8,0.6,9.6
2022,NITERÓI,33055750,CE PAULO ASSIS RIBEIRO,606.0,63.0,23.1,13.9
2023,NITERÓI,33055750,CE PAULO ASSIS RIBEIRO,547.0,64.9,27.6,7.5
2024,NITERÓI,33055750,CE PAULO ASSIS RIBEIRO,564.0,67.5,21.1,11.4
2025,NITERÓI,33055750,CE PAULO ASSIS RIBEIRO,508.0,77.5,11.0,11.5
2015,NITERÓI,33055769,CE RAUL VIDAL,472.0,67.4,26.2,6.4
2016,NITERÓI,33055769,CE RAUL VIDAL,437.0,51.5,29.2,19.3
2017,NITERÓI,33055769,CE RAUL VIDAL,570.0,63.9,21.7,14.4
2018,NITERÓI,33055769,CE RAUL VIDAL,546.0,70.0,23.8,6.2
2019,NITERÓI,33055769,CE RAUL VIDAL,601.0,66.2,22.0,11.8
2020,NITERÓI,33055769,CE RAUL VIDAL,726.0,97.4,2.6,0.0
2021,NITERÓI,33055769,CE RAUL VIDAL,609.0,77.1,17.7,5.2
2022,NITERÓI,33055769,CE RAUL VIDAL,584.0,67.5,28.9,3.6
2023,NITERÓI,33055769,CE RAUL VIDAL,554.0,68.5,23.4,8.1
2024,NITERÓI,33055769,CE RAUL VIDAL,512.0,66.8,25.4,7.8
2025,NITERÓI,33055769,CE RAUL VIDAL,490.0,77.9,10.4,11.7
2015,NITERÓI,33055785,CE ZULEIKA RAPOSO VALLADARES,142.0,85.8,9.9,4.3
2016,NITERÓI,33055785,CE ZULEIKA RAPOSO VALLADARES,140.0,85.6,13.7,0.7
2017,NITERÓI,33055785,CE ZULEIKA RAPOSO VALLADARES,144.0,85.6,11.5,2.9
2018,NITERÓI,33055785,CE ZULEIKA RAPOSO VALLADARES,164.0,91.4,6.6,2.0
2019,NITERÓI,33055785,CE ZULEIKA RAPOSO VALLADARES,172.0,89.2,10.2,0.6
2020,NITERÓI,33055785,CE ZULEIKA RAPOSO VALLADARES,158.0,98.1,1.9,0.0
2021,NITERÓI,33055785,CE ZULEIKA RAPOSO VALLADARES,139.0,87.6,9.5,2.9
2022,NITERÓI,33055785,CE ZULEIKA RAPOSO VALLADARES,155.0,85.2,10.1,4.7
2023,NITERÓI,33055785,CE ZULEIKA RAPOSO VALLADARES,150.0,87.0,8.9,4.1
2024,NITERÓI,33055785,CE ZULEIKA RAPOSO VALLADARES,141.0,88.1,8.1,3.8
2025,NITERÓI,33055785,CE ZULEIKA RAPOSO VALLADARES,121.0,97.4,0.9,1.7
2015,NITERÓI,33056358,CE CONSELHEIRO JOSINO,86.0,84.3,12.0,3.7
2016,NITERÓI,33056358,CE CONSELHEIRO JOSINO,107.0,60.8,23.5,15.7
2017,NITERÓI,33056358,CE CONSELHEIRO JOSINO,92.0,71.1,20.5,8.4
2018,NITERÓI,33056358,CE CONSELHEIRO JOSINO,87.0,64.6,22.8,12.6
2019,NITERÓI,33056358,CE CONSELHEIRO JOSINO,87.0,49.4,27.8,22.8
2020,NITERÓI,33056358,CE CONSELHEIRO JOSINO,78.0,94.7,5.3,0.0
2021,NITERÓI,33056358,CE CONSELHEIRO JOSINO,101.0,77.4,14.0,8.6
2022,NITERÓI,33056358,CE CONSELHEIRO JOSINO,125.0,65.9,9.8,24.3
2023,NITERÓI,33056358,CE CONSELHEIRO JOSINO,92.0,73.1,16.7,10.2
2024,NITERÓI,33056358,CE CONSELHEIRO JOSINO,80.0,76.1,16.9,7.0
2025,NITERÓI,33056358,CE CONSELHEIRO JOSINO,62.0,89.1,0.0,10.9
2016,NITERÓI,33056404,CE DUQUE DE CAXIAS,9.0,62.5,0.0,37.5
2015,NITERÓI,33056439,CE EMBAIXADOR RAUL FERNANDES,40.0,78.9,21.1,0.0
2016,NITERÓI,33056439,CE EMBAIXADOR RAUL FERNANDES,31.0,70.0,30.0,0.0
2017,NITERÓI,33056439,CE EMBAIXADOR RAUL FERNANDES,42.0,81.1,10.8,8.1
2018,NITERÓI,33056439,CE EMBAIXADOR RAUL FERNANDES,46.0,63.6,27.3,9.1
2019,NITERÓI,33056439,CE EMBAIXADOR RAUL FERNANDES,51.0,61.5,23.1,15.4
2020,NITERÓI,33056439,CE EMBAIXADOR RAUL FERNANDES,53.0,73.6,20.8,5.6
2021,NITERÓI,33056439,CE EMBAIXADOR RAUL FERNANDES,56.0,80.4,17.9,1.7
2022,NITERÓI,33056439,CE EMBAIXADOR RAUL FERNANDES,79.0,67.2,23.9,8.9
2023,NITERÓI,33056439,CE EMBAIXADOR RAUL FERNANDES,59.0,64.9,24.6,10.5
2024,NITERÓI,33056439,CE EMBAIXADOR RAUL FERNANDES,63.0,57.1,35.7,7.2
2025,NITERÓI,33056439,CE EMBAIXADOR RAUL FERNANDES,57.0,72.7,5.5,21.8
2015,NITERÓI,33056471,CE JOSE BONIFACIO,195.0,80.3,18.4,1.3
2016,NITERÓI,33056471,CE JOSE BONIFACIO,181.0,68.8,22.7,8.5
2017,NITERÓI,33056471,CE JOSE BONIFACIO,112.0,82.1,16.1,1.8
2018,NITERÓI,33056471,CE JOSE BONIFACIO,98.0,68.5,30.3,1.2
2019,NITERÓI,33056471,CE JOSE BONIFACIO,79.0,71.0,15.9,13.1
2020,NITERÓI,33056471,CE JOSE BONIFACIO,89.0,100.0,0.0,0.0
2021,NITERÓI,33056471,CE JOSE BONIFACIO,83.0,79.0,19.8,1.2
2022,NITERÓI,33056471,CE JOSE BONIFACIO,117.0,58.3,16.7,25.0
2023,NITERÓI,33056471,CE JOSE BONIFACIO,102.0,76.7,18.6,4.7
2024,NITERÓI,33056471,CE JOSE BONIFACIO,100.0,74.5,21.4,4.1
2025,NITERÓI,33056471,CE JOSE BONIFACIO BRASILITALIA,73.0,91.3,1.4,7.3
2015,NITERÓI,33056480,CE LEOPOLDO FROES,214.0,94.5,5.0,0.5
2016,NITERÓI,33056480,CE LEOPOLDO FROES,187.0,72.5,25.8,1.7
2017,NITERÓI,33056480,CE LEOPOLDO FROES,142.0,77.9,16.8,5.3
2018,NITERÓI,33056480,CE LEOPOLDO FROES,142.0,74.5,21.9,3.6
2019,NITERÓI,33056480,CE LEOPOLDO FROES,172.0,69.8,23.3,6.9
2020,NITERÓI,33056480,CE LEOPOLDO FROES,186.0,98.3,1.7,0.0
2021,NITERÓI,33056480,CE LEOPOLDO FROES,248.0,75.6,10.9,13.5
2022,NITERÓI,33056480,CE LEOPOLDO FROES,253.0,64.0,27.6,8.4
2023,NITERÓI,33056480,CE LEOPOLDO FROES,162.0,76.0,18.2,5.8
2024,NITERÓI,33056480,CE LEOPOLDO FROES,151.0,79.1,20.9,0.0
2025,NITERÓI,33056480,CE LEOPOLDO FROES,134.0,85.4,13.8,0.8
2015,NITERÓI,33056498,CE MANUEL DE ABREU,640.0,81.9,15.4,2.7
2016,NITERÓI,33056498,CE MANUEL DE ABREU,606.0,80.6,12.4,7.0
2017,NITERÓI,33056498,CE MANUEL DE ABREU,603.0,84.9,11.9,3.2
2018,NITERÓI,33056498,CE MANUEL DE ABREU,563.0,76.6,21.8,1.6
2019,NITERÓI,33056498,CE MANUEL DE ABREU,535.0,69.3,23.4,7.3
2020,NITERÓI,33056498,CE MANUEL DE ABREU,548.0,87.7,11.5,0.8
2021,NITERÓI,33056498,CE MANUEL DE ABREU,546.0,80.0,18.4,1.6
2022,NITERÓI,33056498,CE MANUEL DE ABREU,583.0,72.1,24.3,3.6
2023,NITERÓI,33056498,CE MANUEL DE ABREU,571.0,73.9,20.1,6.0
2024,NITERÓI,33056498,CE MANUEL DE ABREU,487.0,83.5,14.6,1.9
2025,NITERÓI,33056498,CE MANUEL DE ABREU,484.0,94.2,2.2,3.6
2015,NITERÓI,33056501,CE MARIA PEREIRA DAS NEVES,117.0,70.1,29.9,0.0
2016,NITERÓI,33056501,CE MARIA PEREIRA DAS NEVES,100.0,60.8,21.6,17.6
2017,NITERÓI,33056501,CE MARIA PEREIRA DAS NEVES,87.0,79.3,19.5,1.2
2018,NITERÓI,33056501,CE MARIA PEREIRA DAS NEVES,76.0,77.8,13.9,8.3
2019,NITERÓI,33056501,CE MARIA PEREIRA DAS NEVES,74.0,69.6,18.8,11.6
2020,NITERÓI,33056501,CE MARIA PEREIRA DAS NEVES,75.0,94.7,5.3,0.0
2021,NITERÓI,33056501,CE MARIA PEREIRA DAS NEVES,91.0,82.0,10.1,7.9
2022,NITERÓI,33056501,CE MARIA PEREIRA DAS NEVES,117.0,71.7,11.3,17.0
2023,NITERÓI,33056501,CE MARIA PEREIRA DAS NEVES,93.0,74.2,24.7,1.1
2024,NITERÓI,33056501,CE MARIA PEREIRA DAS NEVES,101.0,67.4,22.1,10.5
2025,NITERÓI,33056501,CE MARIA PEREIRA DAS NEVES,94.0,84.0,3.2,12.8
2024,NITERÓI,33056510,CE MENEZES VIEIRA,29.0,95.8,4.2,0.0
2025,NITERÓI,33056510,CE MENEZES VIEIRA,31.0,96.4,3.6,0.0
2015,NITERÓI,33056560,CE PINTO LIMA,176.0,72.1,22.9,5.0
2016,NITERÓI,33056560,CE PINTO LIMA,179.0,54.4,15.0,30.6
2017,NITERÓI,33056560,CE PINTO LIMA,100.0,69.2,19.8,11.0
2018,NITERÓI,33056560,CE PINTO LIMA,105.0,75.7,14.6,9.7
2019,NITERÓI,33056560,CE PINTO LIMA,132.0,83.5,10.7,5.8
2020,NITERÓI,33056560,CE PINTO LIMA,156.0,97.3,2.0,0.7
2021,NITERÓI,33056560,CE PINTO LIMA,158.0,82.2,7.2,10.6
2022,NITERÓI,33056560,CE PINTO LIMA,178.0,82.7,12.8,4.5
2023,NITERÓI,33056560,CE PINTO LIMA,159.0,82.9,12.7,4.4
2024,NITERÓI,33056560,CE PINTO LIMA,157.0,79.6,17.8,2.6
2025,NITERÓI,33056560,CE PINTO LIMA,147.0,91.5,7.7,0.8
2015,NITERÓI,33057010,E T E HENRIQUE LAGE,1232.0,85.0,11.4,3.6
2016,NITERÓI,33057010,E T E HENRIQUE LAGE,1164.0,87.4,10.3,2.3
2017,NITERÓI,33057010,E T E HENRIQUE LAGE,829.0,91.6,2.3,6.1
2018,NITERÓI,33057010,E T E HENRIQUE LAGE,679.0,89.2,6.2,4.6
2019,NITERÓI,33057010,E T E HENRIQUE LAGE,592.0,83.9,10.7,5.4
2020,NITERÓI,33057010,E T E HENRIQUE LAGE,653.0,98.7,0.4,0.9
2021,NITERÓI,33057010,E T E HENRIQUE LAGE,671.0,79.8,13.7,6.5
2022,NITERÓI,33057010,E T E HENRIQUE LAGE,525.0,83.4,9.4,7.2
2023,NITERÓI,33057010,E T E HENRIQUE LAGE,485.0,92.0,7.6,0.4
2024,NITERÓI,33057010,E T E HENRIQUE LAGE,571.0,92.3,7.2,0.5
2025,NITERÓI,33057010,E T E HENRIQUE LAGE,644.0,94.4,5.6,0.0
2015,NITERÓI,33057117,IE PROFESSOR ISMAEL COUTINHO,259.0,69.8,27.4,2.8
2016,NITERÓI,33057117,IE PROFESSOR ISMAEL COUTINHO,251.0,61.0,17.0,22.0
2017,NITERÓI,33057117,IE PROFESSOR ISMAEL COUTINHO,263.0,75.5,16.2,8.3
2018,NITERÓI,33057117,IE PROFESSOR ISMAEL COUTINHO,279.0,68.5,19.3,12.2
2019,NITERÓI,33057117,IE PROFESSOR ISMAEL COUTINHO,272.0,80.2,13.7,6.1
2020,NITERÓI,33057117,IE PROFESSOR ISMAEL COUTINHO,293.0,98.3,1.4,0.3
2021,NITERÓI,33057117,IE PROFESSOR ISMAEL COUTINHO,319.0,92.3,5.3,2.4
2022,NITERÓI,33057117,IE PROFESSOR ISMAEL COUTINHO,289.0,79.7,13.8,6.5
2023,NITERÓI,33057117,IE PROFESSOR ISMAEL COUTINHO,247.0,88.2,11.8,0.0
2024,NITERÓI,33057117,IE PROFESSOR ISMAEL COUTINHO,226.0,86.4,13.6,0.0
2025,NITERÓI,33057117,IE PROFESSOR ISMAEL COUTINHO,189.0,97.0,3.0,0.0
2015,NITERÓI,33057508,LICEU NILO PECANHA,1825.0,73.0,23.6,3.4
2016,NITERÓI,33057508,LICEU NILO PECANHA,1974.0,75.8,22.3,1.9
2017,NITERÓI,33057508,LICEU NILO PECANHA,2015.0,77.3,22.1,0.6
2018,NITERÓI,33057508,LICEU NILO PECANHA,2046.0,74.3,24.7,1.0
2019,NITERÓI,33057508,LICEU NILO PECANHA,2234.0,72.7,23.5,3.8
2020,NITERÓI,33057508,LICEU NILO PECANHA,2491.0,98.5,1.5,0.0
2021,NITERÓI,33057508,LICEU NILO PECANHA,2257.0,86.9,11.1,2.0
2022,NITERÓI,33057508,LICEU NILO PECANHA,2084.0,78.1,21.9,0.0
2023,NITERÓI,33057508,LICEU NILO PECANHA,1754.0,78.3,15.9,5.8
2024,NITERÓI,33057508,LICEU NILO PECANHA,1662.0,74.6,21.6,3.8
2025,NITERÓI,33057508,LICEU NILO PECANHA,1410.0,87.0,3.9,9.1
2015,NITERÓI,33057702,CE PROFESSORA ALCINA RODRIGUES LIMA,385.0,72.5,26.9,0.6
2016,NITERÓI,33057702,CE PROFESSORA ALCINA RODRIGUES LIMA,363.0,66.0,21.9,12.1
2017,NITERÓI,33057702,CE PROFESSORA ALCINA RODRIGUES LIMA,422.0,70.6,17.9,11.5
2018,NITERÓI,33057702,CE PROFESSORA ALCINA RODRIGUES DE LIMA,434.0,79.6,14.3,6.1
2019,NITERÓI,33057702,CE PROFESSORA ALCINA RODRIGUES DE LIMA,514.0,75.4,11.2,13.4
2020,NITERÓI,33057702,CE PROFESSORA ALCINA RODRIGUES DE LIMA,436.0,95.9,4.1,0.0
2021,NITERÓI,33057702,CE PROFESSORA ALCINA RODRIGUES DE LIMA,443.0,81.3,8.5,10.2
2022,NITERÓI,33057702,CE PROFESSORA ALCINA RODRIGUES DE LIMA,354.0,78.2,14.8,7.0
2023,NITERÓI,33057702,CE PROFESSORA ALCINA RODRIGUES DE LIMA,281.0,77.8,17.0,5.2
2024,NITERÓI,33057702,CE PROFESSORA ALCINA RODRIGUES DE LIMA,338.0,77.9,16.0,6.1
2025,NITERÓI,33057702,CE PROFESSORA ALCINA RODRIGUES DE LIMA,368.0,88.6,1.9,9.5
2015,NITERÓI,33057737,CE ALMIRANTE TAMANDARE,190.0,84.3,15.7,0.0
2016,NITERÓI,33057737,CE ALMIRANTE TAMANDARE,264.0,73.2,26.8,0.0
2017,NITERÓI,33057737,CE ALMIRANTE TAMANDARE,307.0,78.1,21.9,0.0
2018,NITERÓI,33057737,CE ALMIRANTE TAMANDARE,342.0,86.5,13.5,0.0
2019,NITERÓI,33057737,CE ALMIRANTE TAMANDARE,348.0,82.9,17.1,0.0
2020,NITERÓI,33057737,CE ALMIRANTE TAMANDARE,362.0,96.6,3.4,0.0
2021,NITERÓI,33057737,CE ALMIRANTE TAMANDARE,364.0,89.0,11.0,0.0
2022,NITERÓI,33057737,CE ALMIRANTE TAMANDARE,338.0,75.1,24.6,0.3
2023,NITERÓI,33057737,CE ALMIRANTE TAMANDARE,372.0,83.8,16.2,0.0
2024,NITERÓI,33057737,CE ALMIRANTE TAMANDARE,338.0,82.3,17.1,0.6
2025,NITERÓI,33057737,CE ALMIRANTE TAMANDARE,304.0,86.0,3.8,10.2
2015,NITERÓI,33057745,CE DOUTOR SOUZA SOARES,30.0,100.0,0.0,0.0
2016,NITERÓI,33057745,CE DOUTOR SOUZA SOARES,45.0,90.9,0.0,9.1
2017,NITERÓI,33057745,CE DOUTOR SOUZA SOARES,28.0,100.0,0.0,0.0
2018,NITERÓI,33057745,CE DOUTOR SOUZA SOARES,15.0,100.0,0.0,0.0
2020,NITERÓI,33057745,CE DOUTOR SOUZA SOARES,26.0,100.0,0.0,0.0
2021,NITERÓI,33057745,CE DOUTOR SOUZA SOARES,32.0,100.0,0.0,0.0
2022,NITERÓI,33057745,CE DOUTOR SOUZA SOARES,32.0,94.3,2.9,2.8
2023,NITERÓI,33057745,CE DOUTOR SOUZA SOARES,27.0,87.1,9.7,3.2
2024,NITERÓI,33057745,CE DOUTOR SOUZA SOARES,32.0,93.5,3.2,3.3
2025,NITERÓI,33057745,CE DOUTOR SOUZA SOARES,34.0,90.6,0.0,9.4
2015,RIO DE JANEIRO,33062250,CE ALDEBARA,230.0,67.1,23.0,9.9
2016,RIO DE JANEIRO,33062250,CE ALDEBARA,205.0,72.9,17.4,9.7
2017,RIO DE JANEIRO,33062250,CE ALDEBARA,230.0,65.5,23.1,11.4
2018,RIO DE JANEIRO,33062250,CE ALDEBARA,242.0,64.7,18.9,16.4
2019,RIO DE JANEIRO,33062250,CE ALDEBARA,286.0,63.0,32.6,4.4
2020,RIO DE JANEIRO,33062250,CE ALDEBARA,278.0,78.0,22.0,0.0
2021,RIO DE JANEIRO,33062250,CE ALDEBARA,243.0,98.8,0.8,0.4
2022,RIO DE JANEIRO,33062250,CE ALDEBARA,299.0,66.1,24.7,9.2
2023,RIO DE JANEIRO,33062250,CE ALDEBARA,254.0,74.8,25.2,0.0
2024,RIO DE JANEIRO,33062250,CE ALDEBARA,259.0,66.0,32.0,2.0
2025,RIO DE JANEIRO,33062250,CE ALDEBARA,221.0,100.0,0.0,0.0
2015,RIO DE JANEIRO,33062277,CE CUBA,247.0,73.2,7.9,18.9
2016,RIO DE JANEIRO,33062277,CE CUBA,226.0,75.3,15.4,9.3
2017,RIO DE JANEIRO,33062277,CE CUBA,222.0,75.2,18.7,6.1
2018,RIO DE JANEIRO,33062277,CE CUBA,238.0,62.8,26.3,10.9
2019,RIO DE JANEIRO,33062277,CE CUBA,247.0,52.0,2.8,45.2
2020,RIO DE JANEIRO,33062277,CE CUBA,193.0,92.7,7.3,0.0
2021,RIO DE JANEIRO,33062277,CE CUBA,159.0,98.8,0.0,1.2
2022,RIO DE JANEIRO,33062277,CE CUBA,188.0,48.4,12.2,39.4
2023,RIO DE JANEIRO,33062277,CE CUBA,116.0,59.1,10.4,30.5
2024,RIO DE JANEIRO,33062277,CE CUBA,123.0,67.8,10.7,21.5
2025,RIO DE JANEIRO,33062277,CE CUBA,100.0,79.2,3.8,17.0
2015,RIO DE JANEIRO,33062340,CAIC JOAQUIM JOSE DA SILVA XAVER - O TIRADENTES,325.0,74.5,19.1,6.4
2016,RIO DE JANEIRO,33062340,CAIC JOAQUIM JOSE DA SILVA XAVER - O TIRADENTES,286.0,67.4,18.2,14.4
2017,RIO DE JANEIRO,33062340,CAIC JOAQUIM JOSE DA SILVA XAVIER - O TIRADENTES,269.0,74.7,12.3,13.0
2018,RIO DE JANEIRO,33062340,CAIC JOAQUIM JOSE DA SILVA XAVIER - O TIRADENTES,278.0,72.7,16.2,11.1
2019,RIO DE JANEIRO,33062340,CAIC JOAQUIM JOSE DA SILVA XAVIER O TIRADENTES,278.0,67.6,20.8,11.6
2015,RIO DE JANEIRO,33062374,CE REVERENDO HUGH CLARENCE TUCKER,267.0,70.1,9.3,20.6
2016,RIO DE JANEIRO,33062374,CE REVERENDO HUGH CLARENCE TUCKER,302.0,45.8,10.5,43.7
2017,RIO DE JANEIRO,33062374,CE REVERENDO HUGH CLARENCE TUCKER,230.0,71.5,10.0,18.5
2018,RIO DE JANEIRO,33062374,CE REVERENDO HUGH CLARENCE TUCKER,216.0,60.5,23.8,15.7
2019,RIO DE JANEIRO,33062374,CE REVERENDO HUGH CLARENCE TUCKER,247.0,73.4,7.1,19.5
2020,RIO DE JANEIRO,33062374,CE REVERENDO HUGH CLARENCE TUCKER,557.0,78.3,21.7,0.0
2021,RIO DE JANEIRO,33062374,CE REVERENDO HUGH CLARENCE TUCKER,279.0,92.3,7.7,0.0
2022,RIO DE JANEIRO,33062374,CE REVERENDO HUGH CLARENCE TUCKER,466.0,57.2,28.1,14.7
2023,RIO DE JANEIRO,33062374,CE REVERENDO HUGH CLARENCE TUCKER,402.0,68.9,10.6,20.5
2024,RIO DE JANEIRO,33062374,CE REVERENDO HUGH CLARENCE TUCKER,402.0,64.3,12.3,23.4
2025,RIO DE JANEIRO,33062374,CE REVERENDO HUGH CLARENCE TUCKER,383.0,65.4,11.5,23.1
2015,RIO DE JANEIRO,33062668,CE JULIA KUBITSCHEK,788.0,89.4,10.1,0.5
2016,RIO DE JANEIRO,33062668,CE JULIA KUBITSCHEK,877.0,78.5,15.9,5.6
2017,RIO DE JANEIRO,33062668,CE JULIA KUBITSCHEK,869.0,82.3,10.7,7.0
2018,RIO DE JANEIRO,33062668,CE JULIA KUBITSCHEK,832.0,84.4,9.9,5.7
2019,RIO DE JANEIRO,33062668,CE JULIA KUBITSCHEK,877.0,82.1,12.3,5.6
2020,RIO DE JANEIRO,33062668,CE JULIA KUBITSCHEK,811.0,83.8,16.2,0.0
2021,RIO DE JANEIRO,33062668,CE JULIA KUBITSCHEK,680.0,94.5,4.0,1.5
2022,RIO DE JANEIRO,33062668,CE JULIA KUBITSCHEK,739.0,79.3,13.2,7.5
2023,RIO DE JANEIRO,33062668,CE JULIA KUBITSCHEK,741.0,82.9,11.8,5.3
2024,RIO DE JANEIRO,33062668,CE JULIA KUBITSCHEK,782.0,79.4,12.6,8.0
2025,RIO DE JANEIRO,33062668,CE JULIA KUBITSCHEK,744.0,92.4,5.1,2.5
2015,RIO DE JANEIRO,33062676,CE SOUZA AGUIAR,841.0,65.0,29.0,6.0
2016,RIO DE JANEIRO,33062676,CE SOUZA AGUIAR,884.0,69.4,27.1,3.5
2017,RIO DE JANEIRO,33062676,CE SOUZA AGUIAR,740.0,61.7,33.9,4.4
2018,RIO DE JANEIRO,33062676,CE SOUZA AGUIAR,771.0,56.1,43.8,0.1
2019,RIO DE JANEIRO,33062676,CE SOUZA AGUIAR,879.0,45.9,42.7,11.4
2020,RIO DE JANEIRO,33062676,CE SOUZA AGUIAR,937.0,63.6,36.3,0.1
2021,RIO DE JANEIRO,33062676,CE SOUZA AGUIAR,806.0,93.9,5.4,0.7
2022,RIO DE JANEIRO,33062676,CE SOUZA AGUIAR,836.0,61.0,26.6,12.4
2023,RIO DE JANEIRO,33062676,CE SOUZA AGUIAR,827.0,64.5,25.6,9.9
2024,RIO DE JANEIRO,33062676,CE SOUZA AGUIAR,821.0,67.1,20.0,12.9
2025,RIO DE JANEIRO,33062676,CE SOUZA AGUIAR,795.0,88.6,3.1,8.3
2015,RIO DE JANEIRO,33062919,CE PAULO DE FRONTIN,1237.0,58.6,31.8,9.6
2016,RIO DE JANEIRO,33062919,CE PAULO DE FRONTIN,1108.0,48.9,23.3,27.8
2017,RIO DE JANEIRO,33062919,CE PAULO DE FRONTIN,1079.0,60.2,32.5,7.3
2018,RIO DE JANEIRO,33062919,CE PAULO DE FRONTIN,1110.0,60.0,33.9,6.1
2019,RIO DE JANEIRO,33062919,CE PAULO DE FRONTIN,1153.0,60.8,22.3,16.9
2020,RIO DE JANEIRO,33062919,CE PAULO DE FRONTIN,1646.0,84.2,15.8,0.0
2021,RIO DE JANEIRO,33062919,CE PAULO DE FRONTIN,1652.0,81.4,15.8,2.8
2022,RIO DE JANEIRO,33062919,CE PAULO DE FRONTIN,1374.0,60.4,26.0,13.6
2023,RIO DE JANEIRO,33062919,CE PAULO DE FRONTIN,1109.0,70.1,16.4,13.5
2024,RIO DE JANEIRO,33062919,CE PAULO DE FRONTIN,1214.0,67.3,25.8,6.9
2025,RIO DE JANEIRO,33062919,CE PAULO DE FRONTIN,1149.0,79.3,17.2,3.5
2015,RIO DE JANEIRO,33062927,CE TOMAS ANTONIO GONZAGA,131.0,68.4,23.5,8.1
2016,RIO DE JANEIRO,33062927,CE TOMAS ANTONIO GONZAGA,148.0,63.8,20.8,15.4
2017,RIO DE JANEIRO,33062927,CE TOMAS ANTONIO GONZAGA,140.0,70.0,25.0,5.0
2018,RIO DE JANEIRO,33062927,CE TOMAS ANTONIO GONZAGA,154.0,69.9,26.8,3.3
2019,RIO DE JANEIRO,33062927,CE TOMAS ANTONIO GONZAGA,157.0,58.3,23.1,18.6
2020,RIO DE JANEIRO,33062927,CE TOMAS ANTONIO GONZAGA,156.0,60.9,39.1,0.0
2021,RIO DE JANEIRO,33062927,CE TOMAS ANTONIO GONZAGA,107.0,93.1,1.0,5.9
2022,RIO DE JANEIRO,33062927,CE TOMAS ANTONIO GONZAGA,114.0,54.3,30.2,15.5
2023,RIO DE JANEIRO,33062927,CE TOMAS ANTONIO GONZAGA,101.0,63.1,11.7,25.2
2024,RIO DE JANEIRO,33062927,CE TOMAS ANTONIO GONZAGA,131.0,54.1,27.1,18.8
2025,RIO DE JANEIRO,33062927,CE TOMAS ANTONIO GONZAGA,129.0,79.7,0.8,19.5
2015,RIO DE JANEIRO,33063052,CE MEM DE SA,111.0,66.4,12.7,20.9
2016,RIO DE JANEIRO,33063052,CE MEM DE SA,97.0,65.7,16.2,18.1
2017,RIO DE JANEIRO,33063052,CE MEM DE SA,95.0,65.2,16.9,17.9
2018,RIO DE JANEIRO,33063052,CE MEM DE SA,70.0,76.2,9.5,14.3
2019,RIO DE JANEIRO,33063052,CE MEM DE SA,66.0,72.3,10.8,16.9
2020,RIO DE JANEIRO,33063052,CE MEM DE SA,86.0,65.9,31.8,2.3
2021,RIO DE JANEIRO,33063052,CE MEM DE SA,56.0,90.7,7.4,1.9
2022,RIO DE JANEIRO,33063052,CE MEM DE SA,69.0,72.2,9.7,18.1
2023,RIO DE JANEIRO,33063052,CE MEM DE SA,60.0,71.7,15.0,13.3
2024,RIO DE JANEIRO,33063052,CE MEM DE SA,70.0,70.4,5.6,24.0
2025,RIO DE JANEIRO,33063052,CE MEM DE SA,70.0,81.7,0.0,18.3
2015,RIO DE JANEIRO,33063389,CE CHICO ANYSIO,231.0,99.5,0.5,0.0
2016,RIO DE JANEIRO,33063389,CE CHICO ANYSIO,243.0,94.9,5.1,0.0
2017,RIO DE JANEIRO,33063389,CE CHICO ANYSIO,251.0,91.4,8.6,0.0
2018,RIO DE JANEIRO,33063389,CE CHICO ANYSIO,297.0,91.5,8.5,0.0
2019,RIO DE JANEIRO,33063389,CE CHICO ANYSIO,341.0,83.5,16.5,0.0
2020,RIO DE JANEIRO,33063389,CE CHICO ANYSIO,320.0,98.7,1.3,0.0
2021,RIO DE JANEIRO,33063389,CE CHICO ANYSIO,340.0,100.0,0.0,0.0
2022,RIO DE JANEIRO,33063389,CE CHICO ANYSIO,313.0,91.6,8.0,0.4
2023,RIO DE JANEIRO,33063389,CE CHICO ANYSIO,311.0,89.1,9.9,1.0
2024,RIO DE JANEIRO,33063389,CE CHICO ANYSIO,311.0,92.6,7.4,0.0
2025,RIO DE JANEIRO,33063389,CE CHICO ANYSIO,287.0,97.5,1.8,0.7
2015,RIO DE JANEIRO,33063397,CE AMARO CAVALCANTI,1663.0,84.3,15.6,0.1
2016,RIO DE JANEIRO,33063397,CE AMARO CAVALCANTI,1764.0,65.3,11.0,23.7
2017,RIO DE JANEIRO,33063397,CE AMARO CAVALCANTI,1592.0,74.8,17.2,8.0
2018,RIO DE JANEIRO,33063397,CE AMARO CAVALCANTI,1590.0,77.4,17.5,5.1
2019,RIO DE JANEIRO,33063397,CE AMARO CAVALCANTI,1640.0,72.3,21.8,5.9
2020,RIO DE JANEIRO,33063397,CE AMARO CAVALCANTI,1779.0,84.7,15.3,0.0
2021,RIO DE JANEIRO,33063397,CE AMARO CAVALCANTI,1438.0,93.7,4.2,2.1
2022,RIO DE JANEIRO,33063397,CE AMARO CAVALCANTI,1694.0,75.9,15.6,8.5
2023,RIO DE JANEIRO,33063397,CE AMARO CAVALCANTI,1360.0,77.5,12.2,10.3
2024,RIO DE JANEIRO,33063397,CE AMARO CAVALCANTI,1399.0,67.7,19.5,12.8
2025,RIO DE JANEIRO,33063397,CE SENOR ABRAVANEL,1153.0,78.2,10.9,10.9
2015,RIO DE JANEIRO,33063400,CE MEXICO,41.0,62.2,24.3,13.5
2016,RIO DE JANEIRO,33063400,CE MEXICO,40.0,35.9,20.5,43.6
2017,RIO DE JANEIRO,33063400,CE MEXICO,17.0,77.8,16.7,5.5
2018,RIO DE JANEIRO,33063400,CE MEXICO,10.0,80.0,0.0,20.0
2024,RIO DE JANEIRO,33063400,CE MEXICO,8.0,100.0,0.0,0.0
2025,RIO DE JANEIRO,33063400,CE MEXICO,14.0,100.0,0.0,0.0
2015,RIO DE JANEIRO,33063877,CE DEODORO,37.0,61.1,27.8,11.1
2016,RIO DE JANEIRO,33063877,CE DEODORO,50.0,67.3,30.6,2.1
2017,RIO DE JANEIRO,33063877,CE DEODORO,50.0,57.1,28.6,14.3
2018,RIO DE JANEIRO,33063877,CE DEODORO,65.0,69.7,15.2,15.1
2019,RIO DE JANEIRO,33063877,CE DEODORO,79.0,73.9,17.4,8.7
2020,RIO DE JANEIRO,33063877,CE DEODORO,107.0,84.9,15.1,0.0
2021,RIO DE JANEIRO,33063877,CE DEODORO,86.0,96.4,0.0,3.6
2022,RIO DE JANEIRO,33063877,CE DEODORO,70.0,66.2,13.2,20.6
2023,RIO DE JANEIRO,33063877,CE DEODORO,41.0,58.3,11.1,30.6
2024,RIO DE JANEIRO,33063877,CE DEODORO,32.0,68.8,15.6,15.6
2025,RIO DE JANEIRO,33063877,CE DEODORO,30.0,93.9,3.0,3.1
2015,RIO DE JANEIRO,33063907,CE JOSE DE ALENCAR,75.0,69.6,26.6,3.8
2018,RIO DE JANEIRO,33063907,CE PROFESSOR JOAO BORGES DE MORAES,112.0,54.3,31.4,14.3
2019,RIO DE JANEIRO,33063907,CE PROFESSOR JOAO BORGES DE MORAES,236.0,58.1,31.3,10.6
2020,RIO DE JANEIRO,33063907,CE PROFESSOR JOAO BORGES DE MORAES,247.0,93.5,6.5,0.0
2021,RIO DE JANEIRO,33063907,CE PROFESSOR JOAO BORGES DE MORAES,259.0,100.0,0.0,0.0
2022,RIO DE JANEIRO,33063907,CE PROFESSOR JOAO BORGES DE MORAES,309.0,73.1,18.3,8.6
2023,RIO DE JANEIRO,33063907,CE PROFESSOR JOAO BORGES DE MORAES,237.0,85.5,10.1,4.4
2024,RIO DE JANEIRO,33063907,CE PROFESSOR JOAO BORGES DE MORAES,296.0,85.1,9.6,5.3
2025,RIO DE JANEIRO,33063907,CE PROFESSOR JOAO BORGES DE MORAES,319.0,90.5,4.9,4.6
2015,RIO DE JANEIRO,33064636,CE ECA DE QUEIROS,137.0,68.1,13.0,18.9
2016,RIO DE JANEIRO,33064636,CE ECA DE QUEIROS,87.0,52.5,22.5,25.0
2017,RIO DE JANEIRO,33064636,CE ECA DE QUEIROS,44.0,90.7,7.0,2.3
2018,RIO DE JANEIRO,33064636,CE ECA DE QUEIROS,19.0,95.0,0.0,5.0
2015,RIO DE JANEIRO,33064644,CE INFANTE DOM HENRIQUE,1004.0,76.7,19.8,3.5
2016,RIO DE JANEIRO,33064644,CE INFANTE DOM HENRIQUE,1091.0,71.6,19.2,9.2
2017,RIO DE JANEIRO,33064644,CE INFANTE DOM HENRIQUE,958.0,86.5,9.4,4.1
2018,RIO DE JANEIRO,33064644,CE INFANTE DOM HENRIQUE,1036.0,87.3,8.2,4.5
2019,RIO DE JANEIRO,33064644,CE INFANTE DOM HENRIQUE,1119.0,88.8,3.0,8.2
2020,RIO DE JANEIRO,33064644,CE INFANTE DOM HENRIQUE,978.0,91.8,8.2,0.0
2021,RIO DE JANEIRO,33064644,CE INFANTE DOM HENRIQUE,932.0,97.3,2.7,0.0
2022,RIO DE JANEIRO,33064644,CE INFANTE DOM HENRIQUE,991.0,89.5,10.4,0.1
2023,RIO DE JANEIRO,33064644,CE INFANTE DOM HENRIQUE,979.0,83.2,16.8,0.0
2024,RIO DE JANEIRO,33064644,CE INFANTE DOM HENRIQUE,913.0,93.3,6.7,0.0
2025,RIO DE JANEIRO,33064644,CE INFANTE DOM HENRIQUE,848.0,95.8,4.1,0.1
2015,RIO DE JANEIRO,33064652,CE PEDRO ALVARES CABRAL,899.0,80.5,14.6,4.9
2016,RIO DE JANEIRO,33064652,CE PEDRO ALVARES CABRAL,934.0,69.9,23.8,6.3
2017,RIO DE JANEIRO,33064652,CE PEDRO ALVARES CABRAL,855.0,77.2,18.2,4.6
2018,RIO DE JANEIRO,33064652,CE PEDRO ALVARES CABRAL,876.0,73.1,21.2,5.7
2019,RIO DE JANEIRO,33064652,CE PEDRO ALVARES CABRAL,926.0,73.3,13.6,13.1
2020,RIO DE JANEIRO,33064652,CE PEDRO ALVARES CABRAL,1053.0,79.0,21.0,0.0
2021,RIO DE JANEIRO,33064652,CE PEDRO ALVARES CABRAL,985.0,89.4,10.2,0.4
2022,RIO DE JANEIRO,33064652,CE PEDRO ALVARES CABRAL,957.0,78.7,15.6,5.7
2023,RIO DE JANEIRO,33064652,CE PEDRO ALVARES CABRAL,877.0,80.4,14.3,5.3
2024,RIO DE JANEIRO,33064652,CE PEDRO ALVARES CABRAL,855.0,78.5,17.6,3.9
2025,RIO DE JANEIRO,33064652,CE PEDRO ALVARES CABRAL,825.0,89.8,6.3,3.9
2017,RIO DE JANEIRO,33064792,CE CASTELNUOVO,35.0,52.9,44.1,3.0
2018,RIO DE JANEIRO,33064792,CE CASTELNUOVO,40.0,52.6,10.5,36.9
2019,RIO DE JANEIRO,33064792,CE CASTELNUOVO,71.0,52.5,18.0,29.5
2020,RIO DE JANEIRO,33064792,CE CASTELNUOVO,123.0,19.4,80.6,0.0
2021,RIO DE JANEIRO,33064792,CE CASTELNUOVO,89.0,68.9,8.9,22.2
2022,RIO DE JANEIRO,33064792,CE CASTELNUOVO,115.0,38.1,16.2,45.7
2023,RIO DE JANEIRO,33064792,CE CASTELNUOVO,88.0,59.8,8.5,31.7
2024,RIO DE JANEIRO,33064792,CE CASTELNUOVO,81.0,63.3,3.8,32.9
2025,RIO DE JANEIRO,33064792,CE CASTELNUOVO,110.0,48.2,0.0,51.8
2015,RIO DE JANEIRO,33064849,CE ROMA,62.0,72.1,13.1,14.8
2016,RIO DE JANEIRO,33064849,CE ROMA,42.0,65.0,12.5,22.5
2017,RIO DE JANEIRO,33064849,CE ROMA,20.0,89.5,0.0,10.5
2018,RIO DE JANEIRO,33064849,CE ROMA,11.0,100.0,0.0,0.0
2015,RIO DE JANEIRO,33065217,CE PROFESSOR ANTONIO MARIA TEIXEIRA FILHO,552.0,87.6,12.4,0.0
2016,RIO DE JANEIRO,33065217,CE PROFESSOR ANTONIO MARIA TEIXEIRA FILHO,569.0,78.1,21.9,0.0
2017,RIO DE JANEIRO,33065217,CE PROFESSOR ANTONIO MARIA TEIXEIRA FILHO,529.0,84.6,10.4,5.0
2018,RIO DE JANEIRO,33065217,CE PROFESSOR ANTONIO MARIA TEIXEIRA FILHO,507.0,85.3,14.7,0.0
2019,RIO DE JANEIRO,33065217,CE PROFESSOR ANTONIO MARIA TEIXEIRA FILHO,529.0,84.5,6.1,9.4
2020,RIO DE JANEIRO,33065217,CE PROFESSOR ANTONIO MARIA TEIXEIRA FILHO,518.0,73.8,26.2,0.0
2021,RIO DE JANEIRO,33065217,CE PROFESSOR ANTONIO MARIA TEIXEIRA FILHO,436.0,81.0,11.3,7.7
2022,RIO DE JANEIRO,33065217,CE PROFESSOR ANTONIO MARIA TEIXEIRA FILHO,422.0,83.8,11.2,5.0
2023,RIO DE JANEIRO,33065217,CE PROFESSOR ANTONIO MARIA TEIXEIRA FILHO,389.0,88.5,6.2,5.3
2024,RIO DE JANEIRO,33065217,CE PROFESSOR ANTONIO MARIA TEIXEIRA FILHO,403.0,86.8,7.8,5.4
2025,RIO DE JANEIRO,33065217,CE PROFESSOR ANTONIO MARIA TEIXEIRA FILHO,357.0,95.4,3.2,1.4
2015,RIO DE JANEIRO,33065276,CE ANDRE MAUROIS,1788.0,78.8,16.5,4.7
2016,RIO DE JANEIRO,33065276,CE ANDRE MAUROIS,1806.0,70.8,26.4,2.8
2017,RIO DE JANEIRO,33065276,CE ANDRE MAUROIS,1674.0,72.5,26.9,0.6
2018,RIO DE JANEIRO,33065276,CE ANDRE MAUROIS,1796.0,75.2,22.2,2.6
2019,RIO DE JANEIRO,33065276,CE ANDRE MAUROIS,2062.0,63.9,32.9,3.2
2020,RIO DE JANEIRO,33065276,CE ANDRE MAUROIS,1895.0,43.5,56.5,0.0
2021,RIO DE JANEIRO,33065276,CE ANDRE MAUROIS,1543.0,96.3,3.2,0.5
2022,RIO DE JANEIRO,33065276,CE ANDRE MAUROIS,1986.0,69.4,30.2,0.4
2023,RIO DE JANEIRO,33065276,CE ANDRE MAUROIS,1827.0,78.2,17.2,4.6
2024,RIO DE JANEIRO,33065276,CE ANDRE MAUROIS,1688.0,64.5,21.6,13.9
2025,RIO DE JANEIRO,33065276,CE ANDRE MAUROIS,1356.0,78.0,18.2,3.8
2015,RIO DE JANEIRO,33065284,CE IGNACIO AZEVEDO DO AMARAL,667.0,80.1,13.0,6.9
2016,RIO DE JANEIRO,33065284,CE IGNACIO AZEVEDO DO AMARAL,690.0,80.6,16.4,3.0
2017,RIO DE JANEIRO,33065284,CE IGNACIO AZEVEDO DO AMARAL,726.0,72.6,20.3,7.1
2018,RIO DE JANEIRO,33065284,CE IGNACIO AZEVEDO DO AMARAL,726.0,77.7,20.1,2.2
2019,RIO DE JANEIRO,33065284,CE IGNACIO AZEVEDO DO AMARAL,742.0,72.8,16.2,11.0
2020,RIO DE JANEIRO,33065284,CE IGNACIO AZEVEDO DO AMARAL,707.0,60.3,39.7,0.0
2021,RIO DE JANEIRO,33065284,CE IGNACIO AZEVEDO DO AMARAL,668.0,95.8,1.9,2.3
2022,RIO DE JANEIRO,33065284,CE IGNACIO AZEVEDO DO AMARAL,709.0,80.8,13.8,5.4
2023,RIO DE JANEIRO,33065284,CE IGNACIO AZEVEDO DO AMARAL,642.0,85.0,13.5,1.5
2024,RIO DE JANEIRO,33065284,CE IGNACIO AZEVEDO DO AMARAL,579.0,83.1,11.0,5.9
2025,RIO DE JANEIRO,33065284,CE IGNACIO AZEVEDO DO AMARAL,600.0,97.3,2.7,0.0
2015,RIO DE JANEIRO,33066027,CE NILO PECANHA,150.0,66.7,6.8,26.5
2016,RIO DE JANEIRO,33066027,CE NILO PECANHA,131.0,45.6,30.4,24.0
2017,RIO DE JANEIRO,33066027,CE NILO PECANHA,154.0,54.2,18.3,27.5
2018,RIO DE JANEIRO,33066027,CE NILO PECANHA,174.0,52.6,20.8,26.6
2019,RIO DE JANEIRO,33066027,CE NILO PECANHA,161.0,64.8,15.9,19.3
2020,RIO DE JANEIRO,33066027,CE NILO PECANHA,147.0,73.5,26.5,0.0
2021,RIO DE JANEIRO,33066027,CE NILO PECANHA,66.0,71.2,0.0,28.8
2022,RIO DE JANEIRO,33066027,CE NILO PECANHA,99.0,49.5,3.1,47.4
2023,RIO DE JANEIRO,33066027,CE NILO PECANHA,71.0,66.2,16.9,16.9
2024,RIO DE JANEIRO,33066027,CE NILO PECANHA,76.0,52.6,15.4,32.0
2025,RIO DE JANEIRO,33066027,CE NILO PECANHA,59.0,57.8,12.5,29.7
2015,RIO DE JANEIRO,33066035,CE OLAVO BILAC,1239.0,80.9,8.7,10.4
2016,RIO DE JANEIRO,33066035,CE OLAVO BILAC,1239.0,73.2,11.8,15.0
2017,RIO DE JANEIRO,33066035,CE OLAVO BILAC,1153.0,75.6,18.9,5.5
2018,RIO DE JANEIRO,33066035,CE OLAVO BILAC,1161.0,72.4,13.9,13.7
2019,RIO DE JANEIRO,33066035,CE OLAVO BILAC,1235.0,66.2,17.7,16.1
2020,RIO DE JANEIRO,33066035,CE OLAVO BILAC,1468.0,76.7,23.3,0.0
2021,RIO DE JANEIRO,33066035,CE OLAVO BILAC,1362.0,83.1,15.7,1.2
2022,RIO DE JANEIRO,33066035,CE OLAVO BILAC,1388.0,74.1,18.2,7.7
2023,RIO DE JANEIRO,33066035,CE OLAVO BILAC,1167.0,72.5,23.2,4.3
2024,RIO DE JANEIRO,33066035,CE OLAVO BILAC,1285.0,75.9,17.8,6.3
2025,RIO DE JANEIRO,33066035,CE OLAVO BILAC,1184.0,83.1,16.9,0.0
2015,RIO DE JANEIRO,33066043,CE PROFESSOR ERNESTO FARIA,503.0,74.6,19.9,5.5
2016,RIO DE JANEIRO,33066043,CE PROFESSOR ERNESTO FARIA,556.0,74.8,15.2,10.0
2017,RIO DE JANEIRO,33066043,CE PROFESSOR ERNESTO FARIA,551.0,79.3,14.1,6.6
2018,RIO DE JANEIRO,33066043,CE PROFESSOR ERNESTO FARIA,603.0,81.0,19.0,0.0
2019,RIO DE JANEIRO,33066043,CE PROFESSOR ERNESTO FARIA,510.0,75.8,23.0,1.2
2020,RIO DE JANEIRO,33066043,CE PROFESSOR ERNESTO FARIA,628.0,84.0,14.4,1.6
2021,RIO DE JANEIRO,33066043,CE PROFESSOR ERNESTO FARIA,477.0,97.3,0.2,2.5
2022,RIO DE JANEIRO,33066043,CE PROFESSOR ERNESTO FARIA,603.0,73.0,18.9,8.1
2023,RIO DE JANEIRO,33066043,CE PROFESSOR ERNESTO FARIA,502.0,78.6,13.2,8.2
2024,RIO DE JANEIRO,33066043,CE PROFESSOR ERNESTO FARIA,443.0,77.1,16.5,6.4
2025,RIO DE JANEIRO,33066043,CE PROFESSOR ERNESTO FARIA,458.0,81.8,18.2,0.0
2015,RIO DE JANEIRO,33066140,CE GONCALVES DIAS,250.0,63.4,7.9,28.7
2016,RIO DE JANEIRO,33066140,CE GONCALVES DIAS,276.0,52.7,22.3,25.0
2017,RIO DE JANEIRO,33066140,CE GONCALVES DIAS,217.0,71.8,10.2,18.0
2018,RIO DE JANEIRO,33066140,CE GONCALVES DIAS,265.0,63.1,17.5,19.4
2019,RIO DE JANEIRO,33066140,CE GONCALVES DIAS,287.0,67.0,17.7,15.3
2020,RIO DE JANEIRO,33066140,CE GONCALVES DIAS,306.0,76.4,23.6,0.0
2021,RIO DE JANEIRO,33066140,CE GONCALVES DIAS,218.0,98.6,0.0,1.4
2022,RIO DE JANEIRO,33066140,CE GONCALVES DIAS,284.0,52.5,42.0,5.5
2023,RIO DE JANEIRO,33066140,CE GONCALVES DIAS,250.0,60.3,19.0,20.7
2024,RIO DE JANEIRO,33066140,CE GONCALVES DIAS,213.0,66.3,12.9,20.8
2025,RIO DE JANEIRO,33066140,CE GONCALVES DIAS,191.0,70.3,4.7,25.0
2015,RIO DE JANEIRO,33066523,INSTITUTO DE APLICACAO FERNANDO RODRIGUES DA SILVEIRA CAP-UERJ,281.0,97.4,2.6,0.0
2016,RIO DE JANEIRO,33066523,INSTITUTO DE APLICACAO FERNANDO RODRIGUES DA SILVEIRA CAP-UERJ,283.0,100.0,0.0,0.0
2017,RIO DE JANEIRO,33066523,INSTITUTO DE APLICACAO FERNANDO RODRIGUES DA SILVEIRA CAP-UERJ,238.0,98.8,1.2,0.0
2018,RIO DE JANEIRO,33066523,INSTITUTO DE APLICACAO FERNANDO RODRIGUES DA SILVEIRA CAP-UERJ,213.0,88.1,11.4,0.5
2019,RIO DE JANEIRO,33066523,INSTITUTO DE APLICACAO FERNANDO RODRIGUES DA SILVEIRA CAP-UERJ,260.0,86.9,12.4,0.7
2020,RIO DE JANEIRO,33066523,INSTITUTO DE APLICACAO FERNANDO RODRIGUES DA SILVEIRA CAP-UERJ,314.0,100.0,0.0,0.0
2021,RIO DE JANEIRO,33066523,INSTITUTO DE APLICACAO FERNANDO RODRIGUES DA SILVEIRA CAP-UERJ,338.0,96.1,3.9,0.0
2022,RIO DE JANEIRO,33066523,INSTITUTO DE APLICACAO FERNANDO RODRIGUES DA SILVEIRA CAP-UERJ,343.0,94.7,5.3,0.0
2023,RIO DE JANEIRO,33066523,INSTITUTO DE APLICACAO FERNANDO RODRIGUES DA SILVEIRA CAP-UERJ,326.0,94.4,3.7,1.9
2024,RIO DE JANEIRO,33066523,INSTITUTO DE APLICACAO FERNANDO RODRIGUES DA SILVEIRA CAP-UERJ,325.0,92.9,7.1,0.0
2025,RIO DE JANEIRO,33066523,INSTITUTO DE APLICACAO FERNANDO RODRIGUES DA SILVEIRA CAP-UERJ,315.0,93.0,6.7,0.3
2015,RIO DE JANEIRO,33066590,CE ANTONIO PRADO JUNIOR,1634.0,82.1,16.0,1.9
2016,RIO DE JANEIRO,33066590,CE ANTONIO PRADO JUNIOR,1729.0,75.0,19.0,6.0
2017,RIO DE JANEIRO,33066590,CE ANTONIO PRADO JUNIOR,1630.0,80.2,17.4,2.4
2018,RIO DE JANEIRO,33066590,CE ANTONIO PRADO JUNIOR,1655.0,76.5,23.2,0.3
2019,RIO DE JANEIRO,33066590,CE ANTONIO PRADO JUNIOR,1559.0,81.7,15.6,2.7
2020,RIO DE JANEIRO,33066590,CE ANTONIO PRADO JUNIOR,1618.0,89.2,10.8,0.0
2021,RIO DE JANEIRO,33066590,CE ANTONIO PRADO JUNIOR,1473.0,98.8,1.1,0.1
2022,RIO DE JANEIRO,33066590,CE ANTONIO PRADO JUNIOR,1599.0,70.9,22.6,6.5
2023,RIO DE JANEIRO,33066590,CE ANTONIO PRADO JUNIOR,1316.0,72.2,20.5,7.3
2024,RIO DE JANEIRO,33066590,CE ANTONIO PRADO JUNIOR,1255.0,68.8,26.7,4.5
2025,RIO DE JANEIRO,33066590,CE ANTONIO PRADO JUNIOR,1063.0,84.9,13.5,1.6
2015,RIO DE JANEIRO,33066612,CE PROFESSOR CLOVIS SALGADO,263.0,73.4,19.4,7.2
2016,RIO DE JANEIRO,33066612,CE PROFESSOR CLOVIS SALGADO,264.0,69.7,12.1,18.2
2017,RIO DE JANEIRO,33066612,CE PROFESSOR CLOVIS SALGADO,268.0,71.8,12.4,15.8
2018,RIO DE JANEIRO,33066612,CE PROFESSOR CLOVIS SALGADO,256.0,68.0,20.6,11.4
2019,RIO DE JANEIRO,33066612,CE PROFESSOR CLOVIS SALGADO,334.0,72.0,10.6,17.4
2020,RIO DE JANEIRO,33066612,CE PROFESSOR CLOVIS SALGADO,341.0,78.6,21.1,0.3
2021,RIO DE JANEIRO,33066612,CE PROFESSOR CLOVIS SALGADO,321.0,97.9,0.9,1.2
2022,RIO DE JANEIRO,33066612,CE PROFESSOR CLOVIS SALGADO,338.0,59.3,21.2,19.5
2023,RIO DE JANEIRO,33066612,CE PROFESSOR CLOVIS SALGADO,307.0,68.9,9.3,21.8
2024,RIO DE JANEIRO,33066612,CE PROFESSOR CLOVIS SALGADO,332.0,70.3,11.3,18.4
2025,RIO DE JANEIRO,33066612,CE PROFESSOR CLOVIS SALGADO,296.0,77.6,0.0,22.4
2015,RIO DE JANEIRO,33066620,CE SOARES PEREIRA,109.0,72.9,11.2,15.9
2016,RIO DE JANEIRO,33066620,CE SOARES PEREIRA,87.0,70.4,7.4,22.2
2017,RIO DE JANEIRO,33066620,CE SOARES PEREIRA,109.0,74.1,8.3,17.6
2018,RIO DE JANEIRO,33066620,CE SOARES PEREIRA,117.0,70.8,7.1,22.1
2019,RIO DE JANEIRO,33066620,CE SOARES PEREIRA,123.0,65.3,14.0,20.7
2020,RIO DE JANEIRO,33066620,CE SOARES PEREIRA,127.0,74.2,25.8,0.0
2021,RIO DE JANEIRO,33066620,CE SOARES PEREIRA,80.0,96.3,0.0,3.7
2022,RIO DE JANEIRO,33066620,CE SOARES PEREIRA,77.0,57.7,20.5,21.8
2023,RIO DE JANEIRO,33066620,CE SOARES PEREIRA,74.0,65.8,6.6,27.6
2024,RIO DE JANEIRO,33066620,CE SOARES PEREIRA,67.0,67.1,5.7,27.2
2025,RIO DE JANEIRO,33066620,CE SOARES PEREIRA,60.0,70.0,21.7,8.3
2015,RIO DE JANEIRO,33067228,ESCOLA TECNICA ESTADUAL FERREIRA VIANA,938.0,75.9,18.5,5.6
2016,RIO DE JANEIRO,33067228,ESCOLA TECNICA ESTADUAL FERREIRA VIANA,952.0,72.0,22.7,5.3
2017,RIO DE JANEIRO,33067228,ESCOLA TECNICA ESTADUAL FERREIRA VIANA,733.0,78.0,16.0,6.0
2018,RIO DE JANEIRO,33067228,ESCOLA TECNICA ESTADUAL FERREIRA VIANA,797.0,77.6,17.3,5.1
2019,RIO DE JANEIRO,33067228,ESCOLA TECNICA ESTADUAL FERREIRA VIANA,708.0,75.4,19.2,5.4
2020,RIO DE JANEIRO,33067228,ESCOLA TECNICA ESTADUAL FERREIRA VIANA,712.0,99.2,0.0,0.8
2021,RIO DE JANEIRO,33067228,ESCOLA TECNICA ESTADUAL FERREIRA VIANA,837.0,83.3,16.5,0.2
2022,RIO DE JANEIRO,33067228,ESCOLA TECNICA ESTADUAL FERREIRA VIANA,686.0,73.6,16.8,9.6
2023,RIO DE JANEIRO,33067228,ESCOLA TECNICA ESTADUAL FERREIRA VIANA,658.0,69.4,19.8,10.8
2024,RIO DE JANEIRO,33067228,ESCOLA TECNICA ESTADUAL FERREIRA VIANA,665.0,83.3,15.8,0.9
2025,RIO DE JANEIRO,33067228,ESCOLA TECNICA ESTADUAL FERREIRA VIANA,772.0,81.2,15.0,3.8
2015,RIO DE JANEIRO,33067252,INSTITUTO SUPERIOR DE EDUCACAO DO RIO DE JANEIRO,828.0,79.3,20.5,0.2
2016,RIO DE JANEIRO,33067252,INSTITUTO SUPERIOR DE EDUCACAO DO RIO DE JANEIRO,764.0,96.5,3.5,0.0
2017,RIO DE JANEIRO,33067252,INSTITUTO SUPERIOR DE EDUCACAO DO RIO DE JANEIRO,609.0,82.2,17.4,0.4
2018,RIO DE JANEIRO,33067252,INSTITUTO SUPERIOR DE EDUCACAO DO RIO DE JANEIRO,623.0,69.6,30.4,0.0
2019,RIO DE JANEIRO,33067252,INSTITUTO SUPERIOR DE EDUCACAO DO RIO DE JANEIRO,706.0,71.2,27.1,1.7
2020,RIO DE JANEIRO,33067252,INSTITUTO SUPERIOR DE EDUCACAO DO RIO DE JANEIRO,749.0,100.0,0.0,0.0
2021,RIO DE JANEIRO,33067252,INSTITUTO SUPERIOR DE EDUCACAO DO RIO DE JANEIRO,708.0,91.3,8.7,0.0
2022,RIO DE JANEIRO,33067252,INSTITUTO SUPERIOR DE EDUCACAO DO RIO DE JANEIRO,429.0,74.1,25.6,0.3
2023,RIO DE JANEIRO,33067252,INSTITUTO SUPERIOR DE EDUCACAO DO RIO DE JANEIRO,420.0,87.7,12.3,0.0
2024,RIO DE JANEIRO,33067252,INSTITUTO SUPERIOR DE EDUCACAO DO RIO DE JANEIRO,590.0,86.2,13.3,0.5
2025,RIO DE JANEIRO,33067252,INSTITUTO SUPERIOR DE EDUCACAO DO RIO DE JANEIRO,638.0,88.8,11.0,0.2
2015,RIO DE JANEIRO,33067783,CE FRANCISCO CAMPOS,233.0,54.1,23.8,22.1
2016,RIO DE JANEIRO,33067783,CE FRANCISCO CAMPOS,258.0,41.9,15.8,42.3
2017,RIO DE JANEIRO,33067783,CE FRANCISCO CAMPOS,209.0,44.8,27.8,27.4
2018,RIO DE JANEIRO,33067783,CE FRANCISCO CAMPOS,177.0,50.6,31.8,17.6
2019,RIO DE JANEIRO,33067783,CE FRANCISCO CAMPOS,215.0,37.4,50.9,11.7
2020,RIO DE JANEIRO,33067783,CE FRANCISCO CAMPOS,191.0,56.0,44.0,0.0
2021,RIO DE JANEIRO,33067783,CE FRANCISCO CAMPOS,150.0,78.7,0.7,20.6
2022,RIO DE JANEIRO,33067783,CE FRANCISCO CAMPOS,136.0,43.6,32.9,23.5
2023,RIO DE JANEIRO,33067783,CE FRANCISCO CAMPOS,121.0,56.3,15.9,27.8
2024,RIO DE JANEIRO,33067783,CE FRANCISCO CAMPOS,92.0,53.0,23.0,24.0
2025,RIO DE JANEIRO,33067783,CE FRANCISCO CAMPOS,61.0,84.1,1.6,14.3
2015,RIO DE JANEIRO,33067791,CE JOAO ALFREDO,1516.0,75.4,18.3,6.3
2016,RIO DE JANEIRO,33067791,CE JOAO ALFREDO,1294.0,66.4,13.9,19.7
2017,RIO DE JANEIRO,33067791,CE JOAO ALFREDO,1287.0,70.1,21.6,8.3
2018,RIO DE JANEIRO,33067791,CE JOAO ALFREDO,1201.0,65.5,28.4,6.1
2019,RIO DE JANEIRO,33067791,CE JOAO ALFREDO,1188.0,60.1,30.8,9.1
2020,RIO DE JANEIRO,33067791,CE JOAO ALFREDO,1375.0,82.3,17.5,0.2
2021,RIO DE JANEIRO,33067791,CE JOAO ALFREDO,1326.0,95.3,4.7,0.0
2022,RIO DE JANEIRO,33067791,CE JOAO ALFREDO,1238.0,62.1,26.8,11.1
2023,RIO DE JANEIRO,33067791,CE JOAO ALFREDO,960.0,66.1,24.9,9.0
2024,RIO DE JANEIRO,33067791,CE JOAO ALFREDO,945.0,55.8,36.3,7.9
2025,RIO DE JANEIRO,33067791,CE JOAO ALFREDO,802.0,74.9,24.0,1.1
2015,RIO DE JANEIRO,33067805,CE REPUBLICA ARGENTINA,68.0,76.5,10.3,13.2
2016,RIO DE JANEIRO,33067805,CE REPUBLICA ARGENTINA,83.0,47.3,41.9,10.8
2017,RIO DE JANEIRO,33067805,CE REPUBLICA ARGENTINA,48.0,69.4,16.3,14.3
2015,RIO DE JANEIRO,33068011,CE AFONSO PENA,149.0,62.8,19.3,17.9
2016,RIO DE JANEIRO,33068011,CE AFONSO PENA,175.0,56.3,35.1,8.6
2017,RIO DE JANEIRO,33068011,CE AFONSO PENA,152.0,70.1,14.6,15.3
2018,RIO DE JANEIRO,33068011,CE AFONSO PENA,163.0,72.8,13.3,13.9
2019,RIO DE JANEIRO,33068011,CE AFONSO PENA,190.0,81.9,9.7,8.4
2020,RIO DE JANEIRO,33068011,CE AFONSO PENA,518.0,69.3,30.5,0.2
2021,RIO DE JANEIRO,33068011,CE AFONSO PENA,510.0,95.3,3.6,1.1
2022,RIO DE JANEIRO,33068011,CE AFONSO PENA,588.0,81.5,9.0,9.5
2023,RIO DE JANEIRO,33068011,CE AFONSO PENA,529.0,79.1,14.1,6.8
2024,RIO DE JANEIRO,33068011,CE AFONSO PENA,508.0,83.3,16.2,0.5
2025,RIO DE JANEIRO,33068011,CE AFONSO PENA,535.0,82.1,4.3,13.6
2015,RIO DE JANEIRO,33068844,CE BAHIA,543.0,68.6,20.0,11.4
2016,RIO DE JANEIRO,33068844,CE BAHIA,524.0,59.1,17.1,23.8
2017,RIO DE JANEIRO,33068844,CE BAHIA,473.0,72.2,17.1,10.7
2018,RIO DE JANEIRO,33068844,CE BAHIA,590.0,76.7,18.6,4.7
2019,RIO DE JANEIRO,33068844,CE BAHIA,642.0,80.5,9.2,10.3
2020,RIO DE JANEIRO,33068844,CE BAHIA,647.0,97.1,2.9,0.0
2021,RIO DE JANEIRO,33068844,CE BAHIA,504.0,83.6,6.7,9.7
2022,RIO DE JANEIRO,33068844,CE BAHIA,618.0,82.1,11.2,6.7
2023,RIO DE JANEIRO,33068844,CE BAHIA,553.0,84.4,5.4,10.2
2024,RIO DE JANEIRO,33068844,CE BAHIA,605.0,80.3,9.0,10.7
2025,RIO DE JANEIRO,33068844,CE BAHIA,563.0,83.6,4.2,12.2
2015,RIO DE JANEIRO,33068852,CE PROFESSOR CLOVIS MONTEIRO,1119.0,75.5,18.6,5.9
2016,RIO DE JANEIRO,33068852,CE PROFESSOR CLOVIS MONTEIRO,1186.0,52.8,35.9,11.3
2017,RIO DE JANEIRO,33068852,CE PROFESSOR CLOVIS MONTEIRO,1152.0,60.4,17.8,21.8
2018,RIO DE JANEIRO,33068852,CE PROFESSOR CLOVIS MONTEIRO,1250.0,57.6,33.1,9.3
2019,RIO DE JANEIRO,33068852,CE PROFESSOR CLOVIS MONTEIRO,1205.0,51.0,39.6,9.4
2020,RIO DE JANEIRO,33068852,CE PROFESSOR CLOVIS MONTEIRO,1385.0,54.3,45.3,0.4
2021,RIO DE JANEIRO,33068852,CE PROFESSOR CLOVIS MONTEIRO,1094.0,86.4,10.9,2.7
2022,RIO DE JANEIRO,33068852,CE PROFESSOR CLOVIS MONTEIRO,1300.0,51.0,27.2,21.8
2023,RIO DE JANEIRO,33068852,CE PROFESSOR CLOVIS MONTEIRO,995.0,55.7,25.9,18.4
2024,RIO DE JANEIRO,33068852,CE PROFESSOR CLOVIS MONTEIRO,1062.0,59.9,21.9,18.2
2025,RIO DE JANEIRO,33068852,CE PROFESSOR CLOVIS MONTEIRO,1029.0,81.6,9.7,8.7
2015,RIO DE JANEIRO,33069026,CE RUY BARBOSA,378.0,68.9,18.2,12.9
2016,RIO DE JANEIRO,33069026,CE RUY BARBOSA,377.0,61.1,25.3,13.6
2017,RIO DE JANEIRO,33069026,CE RUY BARBOSA,353.0,58.3,28.3,13.4
2018,RIO DE JANEIRO,33069026,CE RUY BARBOSA,333.0,52.2,37.6,10.2
2019,RIO DE JANEIRO,33069026,CE RUY BARBOSA,269.0,55.6,21.6,22.8
2020,RIO DE JANEIRO,33069026,CE RUY BARBOSA,294.0,92.8,7.2,0.0
2021,RIO DE JANEIRO,33069026,CE RUY BARBOSA,199.0,98.5,1.5,0.0
2022,RIO DE JANEIRO,33069026,CE RUY BARBOSA,301.0,59.9,35.0,5.1
2023,RIO DE JANEIRO,33069026,CE RUY BARBOSA,243.0,59.8,27.5,12.7
2024,RIO DE JANEIRO,33069026,CE RUY BARBOSA,220.0,63.3,28.4,8.3
2025,RIO DE JANEIRO,33069026,CE RUY BARBOSA,240.0,80.1,10.2,9.7
2015,RIO DE JANEIRO,33069034,CE TENENTE GENERAL NAPION,284.0,60.8,18.4,20.8
2016,RIO DE JANEIRO,33069034,CE TENENTE GENERAL NAPION,325.0,49.5,18.3,32.2
2017,RIO DE JANEIRO,33069034,CE TENENTE GENERAL NAPION,319.0,66.7,17.5,15.8
2018,RIO DE JANEIRO,33069034,CE TENENTE GENERAL NAPION,365.0,65.4,15.1,19.5
2019,RIO DE JANEIRO,33069034,CE TENENTE GENERAL NAPION,424.0,64.5,19.6,15.9
2020,RIO DE JANEIRO,33069034,CE TENENTE GENERAL NAPION,500.0,69.0,31.0,0.0
2021,RIO DE JANEIRO,33069034,CE TENENTE GENERAL NAPION,415.0,78.8,15.4,5.8
2022,RIO DE JANEIRO,33069034,CE TENENTE GENERAL NAPION,457.0,66.3,20.5,13.2
2023,RIO DE JANEIRO,33069034,CE TENENTE GENERAL NAPION,465.0,73.0,18.5,8.5
2024,RIO DE JANEIRO,33069034,CE TENENTE GENERAL NAPION,398.0,73.3,13.5,13.2
2025,RIO DE JANEIRO,33069034,CE TENENTE GENERAL NAPION,315.0,83.7,6.3,10.0
2015,RIO DE JANEIRO,33069921,CE GOMES FREIRE DE ANDRADE,1541.0,74.9,23.3,1.8
2016,RIO DE JANEIRO,33069921,CE GOMES FREIRE DE ANDRADE,1519.0,66.6,18.8,14.6
2017,RIO DE JANEIRO,33069921,CE GOMES FREIRE DE ANDRADE,1432.0,69.4,26.3,4.3
2018,RIO DE JANEIRO,33069921,CE GOMES FREIRE DE ANDRADE,1597.0,65.8,31.6,2.6
2019,RIO DE JANEIRO,33069921,CE GOMES FREIRE DE ANDRADE,1801.0,67.1,22.7,10.2
2020,RIO DE JANEIRO,33069921,CE GOMES FREIRE DE ANDRADE,1924.0,91.2,8.8,0.0
2021,RIO DE JANEIRO,33069921,CE GOMES FREIRE DE ANDRADE,805.0,97.1,1.3,1.6
2022,RIO DE JANEIRO,33069921,CE GOMES FREIRE DE ANDRADE,1854.0,72.1,18.0,9.9
2023,RIO DE JANEIRO,33069921,CE GOMES FREIRE DE ANDRADE,1680.0,68.8,25.9,5.3
2024,RIO DE JANEIRO,33069921,CE GOMES FREIRE DE ANDRADE,1463.0,74.2,17.0,8.8
2025,RIO DE JANEIRO,33069921,CE GOMES FREIRE DE ANDRADE,1413.0,91.4,5.6,3.0
2015,RIO DE JANEIRO,33069930,CE HEITOR LIRA,828.0,81.8,13.1,5.1
2016,RIO DE JANEIRO,33069930,CE HEITOR LIRA,750.0,76.4,16.5,7.1
2017,RIO DE JANEIRO,33069930,CE HEITOR LIRA,771.0,76.2,17.3,6.5
2018,RIO DE JANEIRO,33069930,CE HEITOR LIRA,794.0,80.2,13.1,6.7
2019,RIO DE JANEIRO,33069930,CE HEITOR LIRA,965.0,80.8,15.2,4.0
2020,RIO DE JANEIRO,33069930,CE HEITOR LIRA,1079.0,91.6,8.1,0.3
2021,RIO DE JANEIRO,33069930,CE HEITOR LIRA,845.0,94.8,4.8,0.4
2022,RIO DE JANEIRO,33069930,CE HEITOR LIRA,987.0,80.9,19.1,0.0
2023,RIO DE JANEIRO,33069930,CE HEITOR LIRA,921.0,77.2,13.3,9.5
2024,RIO DE JANEIRO,33069930,CE HEITOR LIRA,892.0,78.2,14.1,7.7
2025,RIO DE JANEIRO,33069930,CE HEITOR LIRA,845.0,90.6,3.7,5.7
2015,RIO DE JANEIRO,33069948,CE JOSE MARTI,408.0,88.6,5.9,5.5
2016,RIO DE JANEIRO,33069948,CE JOSE MARTI,519.0,62.1,13.8,24.1
2017,RIO DE JANEIRO,33069948,CE JOSE MARTI,427.0,75.9,16.7,7.4
2018,RIO DE JANEIRO,33069948,CE JOSE MARTI,406.0,77.5,10.1,12.4
2019,RIO DE JANEIRO,33069948,CE JOSE MARTI,401.0,74.9,25.1,0.0
2020,RIO DE JANEIRO,33069948,CE JOSE MARTI,444.0,100.0,0.0,0.0
2021,RIO DE JANEIRO,33069948,CE JOSE MARTI,407.0,99.7,0.0,0.3
2022,RIO DE JANEIRO,33069948,CE JOSE MARTI,242.0,59.2,40.8,0.0
2023,RIO DE JANEIRO,33069948,CE JOSE MARTI,143.0,53.4,36.5,10.1
2024,RIO DE JANEIRO,33069948,CE JOSE MARTI,219.0,52.2,33.8,14.0
2025,RIO DE JANEIRO,33069948,CE JOSE MARTI,198.0,73.3,0.0,26.7
2015,RIO DE JANEIRO,33069956,CE REPUBLICA DE ANGOLA,177.0,81.8,11.0,7.2
2016,RIO DE JANEIRO,33069956,CE REPUBLICA DE ANGOLA,202.0,78.4,13.9,7.7
2017,RIO DE JANEIRO,33069956,CE REPUBLICA DE ANGOLA,247.0,76.4,19.3,4.3
2018,RIO DE JANEIRO,33069956,CE REPUBLICA DE ANGOLA,239.0,66.2,22.4,11.4
2019,RIO DE JANEIRO,33069956,CE REPUBLICA DE ANGOLA,203.0,65.0,11.0,24.0
2020,RIO DE JANEIRO,33069956,CE REPUBLICA DE ANGOLA,239.0,95.0,4.6,0.4
2021,RIO DE JANEIRO,33069956,CE REPUBLICA DE ANGOLA,249.0,94.8,4.4,0.8
2022,RIO DE JANEIRO,33069956,CE REPUBLICA DE ANGOLA,201.0,62.9,28.7,8.4
2023,RIO DE JANEIRO,33069956,CE REPUBLICA DE ANGOLA,166.0,66.3,28.9,4.8
2024,RIO DE JANEIRO,33069956,CE REPUBLICA DE ANGOLA,179.0,71.8,22.4,5.8
2025,RIO DE JANEIRO,33069956,CE REPUBLICA DE ANGOLA,148.0,82.4,14.1,3.5
2015,RIO DE JANEIRO,33069964,CE REPUBLICA DE GUINE BISSAU,227.0,71.9,17.3,10.8
2016,RIO DE JANEIRO,33069964,CE REPUBLICA DE GUINE BISSAU,294.0,62.4,14.9,22.7
2017,RIO DE JANEIRO,33069964,CE REPUBLICA DE GUINE BISSAU,234.0,54.1,37.6,8.3
2018,RIO DE JANEIRO,33069964,CE REPUBLICA DE GUINE BISSAU,234.0,57.4,16.5,26.1
2019,RIO DE JANEIRO,33069964,CE REPUBLICA DE GUINE BISSAU,219.0,61.0,17.1,21.9
2020,RIO DE JANEIRO,33069964,CE REPUBLICA DE GUINE BISSAU,266.0,73.8,26.2,0.0
2021,RIO DE JANEIRO,33069964,CE REPUBLICA DE GUINE BISSAU,239.0,72.8,5.3,21.9
2022,RIO DE JANEIRO,33069964,CE REPUBLICA DE GUINE BISSAU,234.0,69.0,21.9,9.1
2023,RIO DE JANEIRO,33069964,CE REPUBLICA DE GUINE BISSAU,264.0,67.0,19.1,13.9
2024,RIO DE JANEIRO,33069964,CE REPUBLICA DE GUINE BISSAU,277.0,66.2,16.9,16.9
2025,RIO DE JANEIRO,33069964,CE REPUBLICA DE GUINE BISSAU,262.0,81.4,3.7,14.9
2015,RIO DE JANEIRO,33070148,CE BRANT HORTA,215.0,68.0,17.5,14.5
2016,RIO DE JANEIRO,33070148,CE BRANT HORTA,286.0,46.3,34.6,19.1
2017,RIO DE JANEIRO,33070148,CE BRANT HORTA,197.0,65.5,30.9,3.6
2018,RIO DE JANEIRO,33070148,CE BRANT HORTA,181.0,55.2,31.5,13.3
2019,RIO DE JANEIRO,33070148,CE BRANT HORTA,176.0,64.0,20.9,15.1
2020,RIO DE JANEIRO,33070148,CE BRANT HORTA,204.0,78.3,21.7,0.0
2021,RIO DE JANEIRO,33070148,CE BRANT HORTA,160.0,94.2,0.0,5.8
2022,RIO DE JANEIRO,33070148,CE BRANT HORTA,105.0,60.8,18.6,20.6
2023,RIO DE JANEIRO,33070148,CE BRANT HORTA,96.0,71.0,10.0,19.0
2024,RIO DE JANEIRO,33070148,CE BRANT HORTA,107.0,64.6,15.6,19.8
2025,RIO DE JANEIRO,33070148,CE BRANT HORTA,94.0,82.8,3.0,14.2
2015,RIO DE JANEIRO,33070156,CE CHILE,328.0,56.2,26.7,17.1
2016,RIO DE JANEIRO,33070156,CE CHILE,407.0,54.6,22.2,23.2
2017,RIO DE JANEIRO,33070156,CE CHILE,348.0,56.9,32.1,11.0
2018,RIO DE JANEIRO,33070156,CE CHILE,367.0,55.6,28.9,15.5
2019,RIO DE JANEIRO,33070156,CE CHILE,344.0,81.0,4.1,14.9
2020,RIO DE JANEIRO,33070156,CE CHILE,382.0,94.5,5.5,0.0
2021,RIO DE JANEIRO,33070156,CE CHILE,285.0,99.7,0.0,0.3
2022,RIO DE JANEIRO,33070156,CE CHILE,336.0,70.9,12.3,16.8
2023,RIO DE JANEIRO,33070156,CE CHILE,228.0,74.0,9.5,16.5
2024,RIO DE JANEIRO,33070156,CE CHILE,216.0,69.7,10.9,19.4
2025,RIO DE JANEIRO,33070156,CE CHILE,232.0,88.6,4.2,7.2
2015,RIO DE JANEIRO,33070164,CE CONDE DE AGROLONGO,117.0,75.2,11.5,13.3
2016,RIO DE JANEIRO,33070164,CE CONDE DE AGROLONGO,150.0,55.8,29.5,14.7
2017,RIO DE JANEIRO,33070164,CE CONDE DE AGROLONGO,96.0,84.3,15.7,0.0
2018,RIO DE JANEIRO,33070164,CE CONDE DE AGROLONGO,111.0,70.5,24.8,4.7
2019,RIO DE JANEIRO,33070164,CE CONDE DE AGROLONGO,134.0,53.1,25.8,21.1
2020,RIO DE JANEIRO,33070164,CE CONDE DE AGROLONGO,142.0,90.8,9.2,0.0
2021,RIO DE JANEIRO,33070164,CE CONDE DE AGROLONGO,134.0,96.4,0.9,2.7
2022,RIO DE JANEIRO,33070164,CE CONDE DE AGROLONGO,91.0,69.3,22.7,8.0
2023,RIO DE JANEIRO,33070164,CE CONDE DE AGROLONGO,71.0,73.1,25.4,1.5
2024,RIO DE JANEIRO,33070164,CE CONDE DE AGROLONGO,64.0,82.0,18.0,0.0
2025,RIO DE JANEIRO,33070164,CE CONDE DE AGROLONGO,69.0,91.5,8.5,0.0
2024,RIO DE JANEIRO,33070172,CE EMBAIXADOR BARROS HURTADO,15.0,87.5,0.0,12.5
2025,RIO DE JANEIRO,33070172,CE EMBAIXADOR BARROS HURTADO,56.0,93.8,2.1,4.1
2015,RIO DE JANEIRO,33070199,CE JOAO MARQUES DOS REIS,137.0,71.8,22.5,5.7
2016,RIO DE JANEIRO,33070199,CE JOAO MARQUES DOS REIS,198.0,51.1,22.5,26.4
2017,RIO DE JANEIRO,33070199,CE JOAO MARQUES DOS REIS,182.0,75.1,12.7,12.2
2018,RIO DE JANEIRO,33070199,CE JOAO MARQUES DOS REIS,186.0,73.3,13.9,12.8
2019,RIO DE JANEIRO,33070199,CE JOAO MARQUES DOS REIS,179.0,62.6,28.7,8.7
2020,RIO DE JANEIRO,33070199,CE JOAO MARQUES DOS REIS,181.0,85.0,15.0,0.0
2021,RIO DE JANEIRO,33070199,CE JOAO MARQUES DOS REIS,101.0,93.1,0.0,6.9
2022,RIO DE JANEIRO,33070199,CE JOAO MARQUES DOS REIS,95.0,62.7,21.6,15.7
2023,RIO DE JANEIRO,33070199,CE JOAO MARQUES DOS REIS,56.0,68.4,3.5,28.1
2024,RIO DE JANEIRO,33070199,CE JOAO MARQUES DOS REIS,83.0,60.0,13.8,26.2
2025,RIO DE JANEIRO,33070199,CE JOAO MARQUES DOS REIS,88.0,90.0,2.2,7.8
2015,RIO DE JANEIRO,33070326,CE TERESA CRISTINA,65.0,58.2,6.0,35.8
2016,RIO DE JANEIRO,33070326,CE TERESA CRISTINA,52.0,36.0,56.0,8.0
2017,RIO DE JANEIRO,33070326,CE TERESA CRISTINA,70.0,66.7,30.3,3.0
2018,RIO DE JANEIRO,33070326,CE TERESA CRISTINA,94.0,68.7,22.9,8.4
2019,RIO DE JANEIRO,33070326,CE TERESA CRISTINA,115.0,64.4,18.3,17.3
2020,RIO DE JANEIRO,33070326,CE TERESA CRISTINA,107.0,100.0,0.0,0.0
2021,RIO DE JANEIRO,33070326,CE TERESA CRISTINA,76.0,100.0,0.0,0.0
2022,RIO DE JANEIRO,33070326,CE TERESA CRISTINA,69.0,76.9,10.8,12.3
2023,RIO DE JANEIRO,33070326,CE TERESA CRISTINA,53.0,59.3,22.2,18.5
2024,RIO DE JANEIRO,33070326,CE TERESA CRISTINA,49.0,79.6,14.3,6.1
2025,RIO DE JANEIRO,33070326,CE TERESA CRISTINA,72.0,84.3,2.9,12.8
2015,RIO DE JANEIRO,33070946,E T E JUSCELINO KUBITSCHEK,778.0,85.3,11.5,3.2
2016,RIO DE JANEIRO,33070946,E T E JUSCELINO KUBITSCHEK,721.0,88.2,9.1,2.7
2017,RIO DE JANEIRO,33070946,E T E JUSCELINO KUBITSCHEK,568.0,85.6,9.3,5.1
2018,RIO DE JANEIRO,33070946,E T E JUSCELINO KUBITSCHEK,466.0,90.0,8.9,1.1
2019,RIO DE JANEIRO,33070946,E T E JUSCELINO KUBITSCHEK,469.0,93.5,6.3,0.2
2020,RIO DE JANEIRO,33070946,E T E JUSCELINO KUBITSCHEK,477.0,100.0,0.0,0.0
2021,RIO DE JANEIRO,33070946,E T E JUSCELINO KUBITSCHEK,413.0,84.8,10.0,5.2
2022,RIO DE JANEIRO,33070946,E T E JUSCELINO KUBITSCHEK,301.0,90.0,8.7,1.3
2023,RIO DE JANEIRO,33070946,E T E JUSCELINO KUBITSCHEK,402.0,89.7,7.7,2.6
2024,RIO DE JANEIRO,33070946,E T E JUSCELINO KUBITSCHEK,474.0,92.5,7.1,0.4
2025,RIO DE JANEIRO,33070946,E T E JUSCELINO KUBITSCHEK,515.0,90.6,9.4,0.0
2015,RIO DE JANEIRO,33071535,CE AGRIPINO GRIECO,202.0,82.6,6.0,11.4
2016,RIO DE JANEIRO,33071535,CE AGRIPINO GRIECO,223.0,64.6,22.1,13.3
2017,RIO DE JANEIRO,33071535,CE AGRIPINO GRIECO,211.0,76.7,9.8,13.5
2018,RIO DE JANEIRO,33071535,CE AGRIPINO GRIECO,231.0,71.9,13.8,14.3
2019,RIO DE JANEIRO,33071535,CE AGRIPINO GRIECO,263.0,75.1,13.4,11.5
2020,RIO DE JANEIRO,33071535,CE AGRIPINO GRIECO,276.0,91.2,2.2,6.6
2021,RIO DE JANEIRO,33071535,CE AGRIPINO GRIECO,239.0,84.9,13.9,1.2
2022,RIO DE JANEIRO,33071535,CE AGRIPINO GRIECO,265.0,67.7,22.6,9.7
2023,RIO DE JANEIRO,33071535,CE AGRIPINO GRIECO,210.0,71.3,20.4,8.3
2024,RIO DE JANEIRO,33071535,CE AGRIPINO GRIECO,234.0,68.5,20.3,11.2
2025,RIO DE JANEIRO,33071535,CE AGRIPINO GRIECO,234.0,81.4,11.2,7.4
2015,RIO DE JANEIRO,33071543,CE BOLIVAR,129.0,83.1,5.4,11.5
2016,RIO DE JANEIRO,33071543,CE BOLIVAR,126.0,53.1,17.2,29.7
2017,RIO DE JANEIRO,33071543,CE BOLIVAR,103.0,72.4,24.5,3.1
2018,RIO DE JANEIRO,33071543,CE BOLIVAR,129.0,80.2,16.8,3.0
2019,RIO DE JANEIRO,33071543,CE BOLIVAR,100.0,76.9,9.9,13.2
2020,RIO DE JANEIRO,33071543,CE BOLIVAR,99.0,78.8,20.2,1.0
2021,RIO DE JANEIRO,33071543,CE BOLIVAR,75.0,87.8,1.2,11.0
2022,RIO DE JANEIRO,33071543,CE BOLIVAR,74.0,75.3,9.6,15.1
2023,RIO DE JANEIRO,33071543,CE BOLIVAR,58.0,70.5,4.9,24.6
2024,RIO DE JANEIRO,33071543,CE BOLIVAR,55.0,89.5,3.5,7.0
2025,RIO DE JANEIRO,33071543,CE BOLIVAR,63.0,100.0,0.0,0.0
2015,RIO DE JANEIRO,33071551,CE CENTRAL DO BRASIL,1376.0,75.8,22.0,2.2
2016,RIO DE JANEIRO,33071551,CE CENTRAL DO BRASIL,1342.0,74.1,25.5,0.4
2017,RIO DE JANEIRO,33071551,CE CENTRAL DO BRASIL,1201.0,69.3,28.0,2.7
2018,RIO DE JANEIRO,33071551,CE CENTRAL DO BRASIL,1332.0,68.4,28.7,2.9
2019,RIO DE JANEIRO,33071551,CE CENTRAL DO BRASIL,1302.0,68.6,24.7,6.7
2020,RIO DE JANEIRO,33071551,CE CENTRAL DO BRASIL,1377.0,97.0,3.0,0.0
2021,RIO DE JANEIRO,33071551,CE CENTRAL DO BRASIL,1199.0,94.4,2.5,3.1
2022,RIO DE JANEIRO,33071551,CE CENTRAL DO BRASIL,1276.0,82.9,17.1,0.0
2023,RIO DE JANEIRO,33071551,CE CENTRAL DO BRASIL,1144.0,76.0,22.7,1.3
2024,RIO DE JANEIRO,33071551,CE CENTRAL DO BRASIL,1151.0,74.3,24.6,1.1
2025,RIO DE JANEIRO,33071551,CE CENTRAL DO BRASIL,1043.0,99.0,1.0,0.0
2015,RIO DE JANEIRO,33071560,CE DELFIM MOREIRA,316.0,60.5,25.3,14.2
2016,RIO DE JANEIRO,33071560,CE DELFIM MOREIRA,295.0,54.6,23.0,22.4
2017,RIO DE JANEIRO,33071560,CE DELFIM MOREIRA,303.0,54.0,27.5,18.5
2018,RIO DE JANEIRO,33071560,CE DELFIM MOREIRA,321.0,64.0,16.8,19.2
2019,RIO DE JANEIRO,33071560,CE DELFIM MOREIRA,337.0,68.8,14.9,16.3
2020,RIO DE JANEIRO,33071560,CE DELFIM MOREIRA,363.0,52.4,47.6,0.0
2021,RIO DE JANEIRO,33071560,CE DELFIM MOREIRA,341.0,68.1,30.1,1.8
2022,RIO DE JANEIRO,33071560,CE DELFIM MOREIRA,335.0,65.6,17.3,17.1
2023,RIO DE JANEIRO,33071560,CE DELFIM MOREIRA,354.0,64.4,19.0,16.6
2024,RIO DE JANEIRO,33071560,CE DELFIM MOREIRA,339.0,53.3,38.7,8.0
2025,RIO DE JANEIRO,33071560,CE DELFIM MOREIRA,246.0,72.0,24.8,3.2
2015,RIO DE JANEIRO,33071578,CE FRANCISCO JOBIM,101.0,65.0,20.4,14.6
2016,RIO DE JANEIRO,33071578,CE FRANCISCO JOBIM,128.0,46.4,34.4,19.2
2017,RIO DE JANEIRO,33071578,CE FRANCISCO JOBIM,113.0,64.3,22.3,13.4
2018,RIO DE JANEIRO,33071578,CE FRANCISCO JOBIM,102.0,57.4,16.8,25.8
2019,RIO DE JANEIRO,33071578,CE FRANCISCO JOBIM,120.0,37.9,34.5,27.6
2020,RIO DE JANEIRO,33071578,CE FRANCISCO JOBIM,76.0,80.8,17.8,1.4
2021,RIO DE JANEIRO,33071578,CE FRANCISCO JOBIM,33.0,90.9,0.0,9.1
2022,RIO DE JANEIRO,33071578,CE FRANCISCO JOBIM,57.0,70.0,14.0,16.0
2023,RIO DE JANEIRO,33071578,CE FRANCISCO JOBIM,33.0,70.0,20.0,10.0
2024,RIO DE JANEIRO,33071578,CE FRANCISCO JOBIM,51.0,60.0,24.0,16.0
2025,RIO DE JANEIRO,33071578,CE FRANCISCO JOBIM,48.0,83.7,0.0,16.3
2015,RIO DE JANEIRO,33071586,CE MARANHAO,243.0,73.2,6.1,20.7
2016,RIO DE JANEIRO,33071586,CE MARANHAO,263.0,62.5,12.5,25.0
2017,RIO DE JANEIRO,33071586,CE MARANHAO,283.0,67.4,7.0,25.6
2018,RIO DE JANEIRO,33071586,CE MARANHAO,260.0,62.1,10.8,27.1
2019,RIO DE JANEIRO,33071586,CE MARANHAO,289.0,59.4,12.1,28.5
2020,RIO DE JANEIRO,33071586,CE MARANHAO,295.0,67.8,20.2,12.0
2021,RIO DE JANEIRO,33071586,CE MARANHAO,280.0,81.8,11.0,7.2
2022,RIO DE JANEIRO,33071586,CE MARANHAO,213.0,83.1,15.1,1.8
2023,RIO DE JANEIRO,33071586,CE MARANHAO,212.0,74.7,17.2,8.1
2024,RIO DE JANEIRO,33071586,CE MARANHAO,224.0,80.0,14.9,5.1
2025,RIO DE JANEIRO,33071586,CE MARANHAO,190.0,96.9,1.9,1.2
2015,RIO DE JANEIRO,33071594,CE OLINTO DA GAMA BOTELHO,613.0,74.4,21.9,3.7
2016,RIO DE JANEIRO,33071594,CE OLINTO DA GAMA BOTELHO,670.0,72.6,24.1,3.3
2017,RIO DE JANEIRO,33071594,CE OLINTO DA GAMA BOTELHO,615.0,58.4,39.7,1.9
2018,RIO DE JANEIRO,33071594,CE OLINTO DA GAMA BOTELHO,639.0,70.0,20.1,9.9
2019,RIO DE JANEIRO,33071594,CE OLINTO DA GAMA BOTELHO,702.0,68.2,29.7,2.1
2020,RIO DE JANEIRO,33071594,CE OLINTO DA GAMA BOTELHO,796.0,93.8,6.1,0.1
2021,RIO DE JANEIRO,33071594,CE OLINTO DA GAMA BOTELHO,759.0,90.4,7.5,2.1
2022,RIO DE JANEIRO,33071594,CE OLINTO DA GAMA BOTELHO,795.0,75.5,21.0,3.5
2023,RIO DE JANEIRO,33071594,CE OLINTO DA GAMA BOTELHO,693.0,73.0,24.5,2.5
2024,RIO DE JANEIRO,33071594,CE OLINTO DA GAMA BOTELHO,660.0,79.1,20.2,0.7
2025,RIO DE JANEIRO,33071594,CE OLINTO DA GAMA BOTELHO,604.0,92.5,7.0,0.5
2015,RIO DE JANEIRO,33071616,CE REPUBLICA DO PERU,17.0,100.0,0.0,0.0
2015,RIO DE JANEIRO,33071969,CE VISCONDE DE CAIRU,1817.0,66.9,32.7,0.4
2016,RIO DE JANEIRO,33071969,CE VISCONDE DE CAIRU,2066.0,48.2,51.8,0.0
2017,RIO DE JANEIRO,33071969,CE VISCONDE DE CAIRU,1668.0,61.0,39.0,0.0
2018,RIO DE JANEIRO,33071969,CE VISCONDE DE CAIRU,1639.0,56.7,38.5,4.8
2019,RIO DE JANEIRO,33071969,CE VISCONDE DE CAIRU,1594.0,51.1,17.7,31.2
2020,RIO DE JANEIRO,33071969,CE VISCONDE DE CAIRU,1568.0,95.4,4.6,0.0
2021,RIO DE JANEIRO,33071969,CE VISCONDE DE CAIRU,1239.0,92.1,0.7,7.2
2022,RIO DE JANEIRO,33071969,CE VISCONDE DE CAIRU,1223.0,60.0,32.2,7.8
2023,RIO DE JANEIRO,33071969,CE VISCONDE DE CAIRU,901.0,63.1,27.1,9.8
2024,RIO DE JANEIRO,33071969,CE VISCONDE DE CAIRU,886.0,55.0,39.6,5.4
2025,RIO DE JANEIRO,33071969,CE VISCONDE DE CAIRU,638.0,79.6,17.9,2.5
2015,RIO DE JANEIRO,33072078,CE BARAO DE MACAUBAS,342.0,69.5,17.3,13.2
2016,RIO DE JANEIRO,33072078,CE BARAO DE MACAUBAS,412.0,49.3,45.7,5.0
2017,RIO DE JANEIRO,33072078,CE BARAO DE MACAUBAS,293.0,66.0,26.2,7.8
2018,RIO DE JANEIRO,33072078,CE BARAO DE MACAUBAS,338.0,61.5,13.5,25.0
2019,RIO DE JANEIRO,33072078,CE BARAO DE MACAUBAS,302.0,66.9,5.6,27.5
2020,RIO DE JANEIRO,33072078,CE BARAO DE MACAUBAS,253.0,98.4,1.6,0.0
2021,RIO DE JANEIRO,33072078,CE BARAO DE MACAUBAS,200.0,93.1,5.9,1.0
2022,RIO DE JANEIRO,33072078,CE BARAO DE MACAUBAS,231.0,61.8,15.0,23.2
2023,RIO DE JANEIRO,33072078,CE BARAO DE MACAUBAS,196.0,67.0,10.2,22.8
2024,RIO DE JANEIRO,33072078,CE BARAO DE MACAUBAS,217.0,65.1,15.8,19.1
2025,RIO DE JANEIRO,33072078,CE BARAO DE MACAUBAS,221.0,81.1,0.5,18.4
2015,RIO DE JANEIRO,33072094,CE JOAO KOPKE,68.0,63.2,29.4,7.4
2016,RIO DE JANEIRO,33072094,CE JOAO KOPKE,73.0,44.4,19.4,36.2
2017,RIO DE JANEIRO,33072094,CE JOAO KOPKE,65.0,52.3,29.2,18.5
2018,RIO DE JANEIRO,33072094,CE JOAO KOPKE,49.0,68.6,19.6,11.8
2019,RIO DE JANEIRO,33072094,CE JOAO KOPKE,67.0,59.4,20.3,20.3
2020,RIO DE JANEIRO,33072094,CE JOAO KOPKE,59.0,78.0,22.0,0.0
2021,RIO DE JANEIRO,33072094,CE JOAO KOPKE,58.0,74.3,21.4,4.3
2022,RIO DE JANEIRO,33072094,CE JOAO KOPKE,73.0,67.6,27.0,5.4
2023,RIO DE JANEIRO,33072094,CE JOAO KOPKE,59.0,76.4,23.6,0.0
2024,RIO DE JANEIRO,33072094,CE JOAO KOPKE,74.0,67.9,11.5,20.6
2025,RIO DE JANEIRO,33072094,CE JOAO KOPKE,67.0,95.1,4.9,0.0
2015,RIO DE JANEIRO,33072183,CE JOSE EDUARDO DE MACEDO SOARES,165.0,66.1,15.8,18.1
2016,RIO DE JANEIRO,33072183,CE JOSE EDUARDO DE MACEDO SOARES,210.0,64.2,11.6,24.2
2017,RIO DE JANEIRO,33072183,CE JOSE EDUARDO DE MACEDO SOARES,173.0,73.5,12.7,13.8
2018,RIO DE JANEIRO,33072183,CE JOSE EDUARDO DE MACEDO SOARES,216.0,69.9,13.7,16.4
2019,RIO DE JANEIRO,33072183,CE JOSE EDUARDO DE MACEDO SOARES,226.0,71.2,14.6,14.2
2020,RIO DE JANEIRO,33072183,CE JOSE EDUARDO DE MACEDO SOARES,226.0,86.5,11.7,1.8
2021,RIO DE JANEIRO,33072183,CE JOSE EDUARDO DE MACEDO SOARES,169.0,97.7,1.7,0.6
2022,RIO DE JANEIRO,33072183,CE JOSE EDUARDO DE MACEDO SOARES,179.0,63.6,23.9,12.5
2023,RIO DE JANEIRO,33072183,CE JOSE EDUARDO DE MACEDO SOARES,169.0,57.4,25.0,17.6
2024,RIO DE JANEIRO,33072183,CE JOSE EDUARDO DE MACEDO SOARES,150.0,72.2,19.0,8.8
2025,RIO DE JANEIRO,33072183,CE JOSE EDUARDO DE MACEDO SOARES,153.0,84.1,0.7,15.2
2015,RIO DE JANEIRO,33072205,CE LAURO SODRE,44.0,62.8,14.0,23.2
2016,RIO DE JANEIRO,33072205,CE LAURO SODRE,55.0,39.6,17.0,43.4
2017,RIO DE JANEIRO,33072205,CE LAURO SODRE,39.0,81.1,13.5,5.4
2018,RIO DE JANEIRO,33072205,CE LAURO SODRE,40.0,65.9,20.5,13.6
2019,RIO DE JANEIRO,33072205,CE LAURO SODRE,75.0,58.9,16.4,24.7
2020,RIO DE JANEIRO,33072205,CE LAURO SODRE,112.0,98.2,1.8,0.0
2021,RIO DE JANEIRO,33072205,CE LAURO SODRE,112.0,99.1,0.0,0.9
2022,RIO DE JANEIRO,33072205,CE LAURO SODRE,84.0,77.5,7.5,15.0
2023,RIO DE JANEIRO,33072205,CE LAURO SODRE,55.0,73.8,16.4,9.8
2024,RIO DE JANEIRO,33072205,CE LAURO SODRE,54.0,80.0,10.0,10.0
2025,RIO DE JANEIRO,33072205,CE LAURO SODRE,69.0,86.2,0.0,13.8
2015,RIO DE JANEIRO,33072248,CE HISPANO BRASILEIRO JOAO CABRAL DE MELO NETO,158.0,98.0,2.0,0.0
2016,RIO DE JANEIRO,33072248,CE HISPANO BRASILEIRO JOAO CABRAL DE MELO NETO,219.0,94.0,6.0,0.0
2017,RIO DE JANEIRO,33072248,CE HISPANO BRASILEIRO JOAO CABRAL DE MELO NETO,256.0,95.2,4.4,0.4
2018,RIO DE JANEIRO,33072248,CE HISPANO BRASILEIRO JOAO CABRAL DE MELO NETO,277.0,87.3,12.7,0.0
2019,RIO DE JANEIRO,33072248,CE HISPANO BRASILEIRO JOAO CABRAL DE MELO NETO,266.0,87.8,11.4,0.8
2020,RIO DE JANEIRO,33072248,CE HISPANO BRASILEIRO JOAO CABRAL DE MELO NETO,250.0,100.0,0.0,0.0
2021,RIO DE JANEIRO,33072248,CE HISPANO BRASILEIRO JOAO CABRAL DE MELO NETO,250.0,100.0,0.0,0.0
2022,RIO DE JANEIRO,33072248,CE HISPANO BRASILEIRO JOAO CABRAL DE MELO NETO,245.0,98.3,1.3,0.4
2023,RIO DE JANEIRO,33072248,CE HISPANO BRASILEIRO JOAO CABRAL DE MELO NETO,247.0,93.2,6.8,0.0
2024,RIO DE JANEIRO,33072248,CE HISPANO BRASILEIRO JOAO CABRAL DE MELO NETO,260.0,98.0,2.0,0.0
2025,RIO DE JANEIRO,33072248,CE HISPANO BRASILEIRO JOAO CABRAL DE MELO NETO,243.0,100.0,0.0,0.0
2015,RIO DE JANEIRO,33072280,CE PERNAMBUCO,119.0,73.0,19.7,7.3
2016,RIO DE JANEIRO,33072280,CE PERNAMBUCO,146.0,55.5,36.3,8.2
2017,RIO DE JANEIRO,33072280,CE PERNAMBUCO,108.0,63.0,25.0,12.0
2018,RIO DE JANEIRO,33072280,CE PERNAMBUCO,114.0,62.5,26.8,10.7
2019,RIO DE JANEIRO,33072280,CE PERNAMBUCO,103.0,62.7,23.5,13.8
2020,RIO DE JANEIRO,33072280,CE PERNAMBUCO,113.0,85.0,15.0,0.0
2021,RIO DE JANEIRO,33072280,CE PERNAMBUCO,95.0,92.6,7.4,0.0
2022,RIO DE JANEIRO,33072280,CE PERNAMBUCO,153.0,60.4,32.5,7.1
2023,RIO DE JANEIRO,33072280,CE PERNAMBUCO,169.0,64.2,35.8,0.0
2024,RIO DE JANEIRO,33072280,CE PERNAMBUCO,202.0,67.6,32.4,0.0
2025,RIO DE JANEIRO,33072280,CE PERNAMBUCO,256.0,85.9,14.1,0.0
2015,RIO DE JANEIRO,33072337,CE SARMIENTO,60.0,78.9,15.8,5.3
2016,RIO DE JANEIRO,33072337,CE SARMIENTO,65.0,46.2,23.1,30.7
2017,RIO DE JANEIRO,33072337,CE SARMIENTO,39.0,71.1,26.3,2.6
2018,RIO DE JANEIRO,33072337,CE SARMIENTO,41.0,69.0,14.3,16.7
2019,RIO DE JANEIRO,33072337,CE SARMIENTO,52.0,61.5,19.2,19.3
2020,RIO DE JANEIRO,33072337,CE SARMIENTO,71.0,92.9,7.1,0.0
2021,RIO DE JANEIRO,33072337,CE SARMIENTO,83.0,100.0,0.0,0.0
2022,RIO DE JANEIRO,33072337,CE SARMIENTO,64.0,60.3,39.7,0.0
2023,RIO DE JANEIRO,33072337,CE SARMIENTO,73.0,65.8,32.9,1.3
2024,RIO DE JANEIRO,33072337,CE SARMIENTO,108.0,76.4,10.4,13.2
2025,RIO DE JANEIRO,33072337,CE SARMIENTO,93.0,93.5,6.5,0.0
2015,RIO DE JANEIRO,33072370,CE VIRGILIO DE MELO FRANCO,203.0,70.3,14.9,14.8
2016,RIO DE JANEIRO,33072370,CE VIRGILIO DE MELO FRANCO,217.0,75.7,12.4,11.9
2017,RIO DE JANEIRO,33072370,CE VIRGILIO DE MELO FRANCO,212.0,84.6,4.7,10.7
2018,RIO DE JANEIRO,33072370,CE VIRGILIO DE MELO FRANCO,209.0,84.3,8.1,7.6
2019,RIO DE JANEIRO,33072370,CE VIRGILIO DE MELO FRANCO,186.0,76.6,9.1,14.3
2020,RIO DE JANEIRO,33072370,CE VIRGILIO DE MELO FRANCO,196.0,96.9,3.1,0.0
2021,RIO DE JANEIRO,33072370,CE VIRGILIO DE MELO FRANCO,178.0,87.6,1.6,10.8
2022,RIO DE JANEIRO,33072370,CE VIRGILIO DE MELO FRANCO,164.0,83.7,7.2,9.1
2023,RIO DE JANEIRO,33072370,CE VIRGILIO DE MELO FRANCO,161.0,77.0,15.5,7.5
2024,RIO DE JANEIRO,33072370,CE VIRGILIO DE MELO FRANCO,163.0,80.0,6.7,13.3
2025,RIO DE JANEIRO,33072370,CE VIRGILIO DE MELO FRANCO,158.0,88.1,1.3,10.6
2015,RIO DE JANEIRO,33073368,CE PASTOR MIRANDA PINTO,120.0,67.5,17.1,15.4
2016,RIO DE JANEIRO,33073368,CE PASTOR MIRANDA PINTO,131.0,59.2,26.9,13.9
2017,RIO DE JANEIRO,33073368,CE PASTOR MIRANDA PINTO,118.0,64.9,28.1,7.0
2018,RIO DE JANEIRO,33073368,CE PASTOR MIRANDA PINTO,124.0,66.4,30.3,3.3
2019,RIO DE JANEIRO,33073368,CE PASTOR MIRANDA PINTO,138.0,52.1,27.1,20.8
2020,RIO DE JANEIRO,33073368,CE PASTOR MIRANDA PINTO,137.0,91.2,8.8,0.0
2021,RIO DE JANEIRO,33073368,CE PASTOR MIRANDA PINTO,76.0,92.4,5.1,2.5
2022,RIO DE JANEIRO,33073368,CE PASTOR MIRANDA PINTO,80.0,70.3,8.1,21.6
2023,RIO DE JANEIRO,33073368,CE PASTOR MIRANDA PINTO,59.0,72.9,8.5,18.6
2024,RIO DE JANEIRO,33073368,CE PASTOR MIRANDA PINTO,46.0,73.5,8.2,18.3
2025,RIO DE JANEIRO,33073368,CE PASTOR MIRANDA PINTO,39.0,86.1,0.0,13.9
2015,RIO DE JANEIRO,33074038,CE ITALIA,339.0,78.8,17.6,3.6
2016,RIO DE JANEIRO,33074038,CE ITALIA,409.0,52.9,16.4,30.7
2017,RIO DE JANEIRO,33074038,CE ITALIA,372.0,62.1,15.5,22.4
2018,RIO DE JANEIRO,33074038,CE ITALIA,399.0,65.8,14.7,19.5
2019,RIO DE JANEIRO,33074038,CE ITALIA,405.0,55.5,24.1,20.4
2020,RIO DE JANEIRO,33074038,CE ITALIA,414.0,99.0,0.7,0.3
2021,RIO DE JANEIRO,33074038,CE ITALIA,352.0,90.6,9.1,0.3
2022,RIO DE JANEIRO,33074038,CE ITALIA,305.0,60.7,30.5,8.8
2023,RIO DE JANEIRO,33074038,CE ITALIA,312.0,62.7,6.3,31.0
2024,RIO DE JANEIRO,33074038,CE ITALIA,265.0,67.3,9.9,22.8
2025,RIO DE JANEIRO,33074038,CE ITALIA,241.0,84.3,0.0,15.7
2015,RIO DE JANEIRO,33074046,CE JOSUE DE CASTRO,233.0,68.6,17.6,13.8
2016,RIO DE JANEIRO,33074046,CE JOSUE DE CASTRO,225.0,58.7,28.7,12.6
2017,RIO DE JANEIRO,33074046,CE JOSUE DE CASTRO,244.0,60.3,25.1,14.6
2018,RIO DE JANEIRO,33074046,CE JOSUE DE CASTRO,249.0,69.7,16.0,14.3
2019,RIO DE JANEIRO,33074046,CE JOSUE DE CASTRO,293.0,65.9,14.6,19.5
2020,RIO DE JANEIRO,33074046,CE JOSUE DE CASTRO,287.0,88.4,11.6,0.0
2021,RIO DE JANEIRO,33074046,CE JOSUE DE CASTRO,221.0,93.8,6.2,0.0
2022,RIO DE JANEIRO,33074046,CE JOSUE DE CASTRO,293.0,66.2,22.2,11.6
2023,RIO DE JANEIRO,33074046,CE JOSUE DE CASTRO,246.0,66.3,15.4,18.3
2024,RIO DE JANEIRO,33074046,CE JOSUE DE CASTRO,233.0,61.7,20.4,17.9
2025,RIO DE JANEIRO,33074046,CE JOSUE DE CASTRO,221.0,83.8,0.9,15.3
2015,RIO DE JANEIRO,33074054,CE NUN ALVARES PEREIRA,181.0,70.0,22.8,7.2
2016,RIO DE JANEIRO,33074054,CE NUN ALVARES PEREIRA,165.0,67.5,12.9,19.6
2017,RIO DE JANEIRO,33074054,CE NUN ALVARES PEREIRA,134.0,65.4,25.6,9.0
2018,RIO DE JANEIRO,33074054,CE NUNO ALVARES PEREIRA,149.0,71.9,21.9,6.2
2019,RIO DE JANEIRO,33074054,CE NUNO ALVARES PEREIRA,199.0,66.1,14.5,19.4
2020,RIO DE JANEIRO,33074054,CE NUNO ALVARES PEREIRA,183.0,59.0,39.3,1.7
2021,RIO DE JANEIRO,33074054,CE NUNO ALVARES PEREIRA,133.0,78.2,9.8,12.0
2022,RIO DE JANEIRO,33074054,CE NUNO ALVARES PEREIRA,114.0,61.6,21.4,17.0
2023,RIO DE JANEIRO,33074054,CE NUNO ALVARES PEREIRA,93.0,77.6,5.1,17.3
2024,RIO DE JANEIRO,33074054,CE NUNO ALVARES PEREIRA,109.0,66.3,13.5,20.2
2025,RIO DE JANEIRO,33074054,CE NUNO ALVARES PEREIRA,112.0,79.0,0.0,21.0
2015,RIO DE JANEIRO,33074151,CE MATO GROSSO,162.0,82.8,10.4,6.8
2016,RIO DE JANEIRO,33074151,CE MATO GROSSO,218.0,68.4,26.9,4.7
2017,RIO DE JANEIRO,33074151,CE MATO GROSSO,171.0,76.3,23.7,0.0
2018,RIO DE JANEIRO,33074151,CE MATO GROSSO,215.0,68.7,19.4,11.9
2019,RIO DE JANEIRO,33074151,CE MATO GROSSO,276.0,72.0,20.0,8.0
2020,RIO DE JANEIRO,33074151,CE MATO GROSSO,903.0,98.8,1.0,0.2
2021,RIO DE JANEIRO,33074151,CE MATO GROSSO,1401.0,94.0,1.3,4.7
2022,RIO DE JANEIRO,33074151,CE MATO GROSSO,1928.0,89.6,9.7,0.7
2023,RIO DE JANEIRO,33074151,CE MATO GROSSO,2047.0,83.5,14.2,2.3
2024,RIO DE JANEIRO,33074151,CE MATO GROSSO,2035.0,88.4,11.6,0.0
2025,RIO DE JANEIRO,33074151,CE MATO GROSSO,1803.0,94.9,2.2,2.9
2015,RIO DE JANEIRO,33074160,CE ADLAI STEVENSON,201.0,75.9,16.6,7.5
2016,RIO DE JANEIRO,33074160,CE ADLAI STEVENSON,231.0,57.6,39.3,3.1
2017,RIO DE JANEIRO,33074160,CE ADLAI STEVENSON,199.0,72.6,14.9,12.5
2018,RIO DE JANEIRO,33074160,CE ADLAI STEVENSON,182.0,74.7,20.8,4.5
2019,RIO DE JANEIRO,33074160,CE ADLAI STEVENSON,170.0,65.5,11.9,22.6
2020,RIO DE JANEIRO,33074160,CE ADLAI STEVENSON,133.0,68.5,31.5,0.0
2021,RIO DE JANEIRO,33074160,CE ADLAI STEVENSON,98.0,92.9,2.0,5.1
2022,RIO DE JANEIRO,33074160,CE ADLAI STEVENSON,86.0,67.4,3.4,29.2
2023,RIO DE JANEIRO,33074160,CE ADLAI STEVENSON,89.0,67.0,13.6,19.4
2024,RIO DE JANEIRO,33074160,CE ADLAI STEVENSON,89.0,73.7,5.3,21.0
2025,RIO DE JANEIRO,33074160,CE ADLAI STEVENSON,99.0,65.4,7.5,27.1
2015,RIO DE JANEIRO,33074232,CE OLIMPIA DO COUTO,189.0,79.9,20.1,0.0
2016,RIO DE JANEIRO,33074232,CE OLIMPIA DO COUTO,255.0,67.1,25.5,7.4
2017,RIO DE JANEIRO,33074232,CE OLIMPIA DO COUTO,241.0,67.9,28.8,3.3
2018,RIO DE JANEIRO,33074232,CE OLIMPIA DO COUTO,269.0,81.9,18.1,0.0
2019,RIO DE JANEIRO,33074232,CE OLIMPIA DO COUTO,289.0,76.9,6.5,16.6
2020,RIO DE JANEIRO,33074232,CE OLIMPIA DO COUTO,351.0,99.7,0.0,0.3
2021,RIO DE JANEIRO,33074232,CE OLIMPIA DO COUTO,360.0,87.7,1.9,10.4
2022,RIO DE JANEIRO,33074232,CE OLIMPIA DO COUTO,391.0,86.1,4.9,9.0
2023,RIO DE JANEIRO,33074232,CE OLIMPIA DO COUTO,381.0,79.2,11.7,9.1
2024,RIO DE JANEIRO,33074232,CE OLIMPIA DO COUTO,383.0,76.6,10.8,12.6
2025,RIO DE JANEIRO,33074232,CE OLIMPIA DO COUTO,376.0,93.2,0.3,6.5
2015,RIO DE JANEIRO,33074267,CE RODRIGO OTAVIO FILHO,278.0,66.8,12.0,21.2
2016,RIO DE JANEIRO,33074267,CE RODRIGO OTAVIO FILHO,281.0,59.2,12.9,27.9
2017,RIO DE JANEIRO,33074267,CE RODRIGO OTAVIO FILHO,280.0,73.7,11.5,14.8
2018,RIO DE JANEIRO,33074267,CE RODRIGO OTAVIO FILHO,275.0,70.4,8.4,21.2
2019,RIO DE JANEIRO,33074267,CE RODRIGO OTAVIO FILHO,268.0,64.4,14.0,21.6
2020,RIO DE JANEIRO,33074267,CE RODRIGO OTAVIO FILHO,827.0,95.1,4.9,0.0
2021,RIO DE JANEIRO,33074267,CE RODRIGO OTAVIO FILHO,975.0,99.7,0.2,0.1
2022,RIO DE JANEIRO,33074267,CE RODRIGO OTAVIO FILHO,1062.0,73.3,13.7,13.0
2023,RIO DE JANEIRO,33074267,CE RODRIGO OTAVIO FILHO,924.0,70.0,14.4,15.6
2024,RIO DE JANEIRO,33074267,CE RODRIGO OTAVIO FILHO,943.0,72.4,17.4,10.2
2025,RIO DE JANEIRO,33074267,CE RODRIGO OTAVIO FILHO,1063.0,92.2,4.7,3.1
2015,RIO DE JANEIRO,33074798,CE AMAPA,111.0,74.1,17.6,8.3
2016,RIO DE JANEIRO,33074798,CE AMAPA,96.0,67.4,29.3,3.3
2017,RIO DE JANEIRO,33074798,CE AMAPA,76.0,80.0,17.1,2.9
2018,RIO DE JANEIRO,33074798,CE AMAPA,73.0,80.3,12.7,7.0
2019,RIO DE JANEIRO,33074798,CE AMAPA,93.0,93.8,0.0,6.2
2020,RIO DE JANEIRO,33074798,CE AMAPA,92.0,98.9,1.1,0.0
2021,RIO DE JANEIRO,33074798,CE AMAPA,83.0,100.0,0.0,0.0
2022,RIO DE JANEIRO,33074798,CE AMAPA,101.0,74.2,15.5,10.3
2023,RIO DE JANEIRO,33074798,CE AMAPA,104.0,80.2,11.0,8.8
2024,RIO DE JANEIRO,33074798,CE AMAPA,91.0,69.3,17.0,13.7
2025,RIO DE JANEIRO,33074798,CE AMAPA,73.0,98.5,0.0,1.5
2015,RIO DE JANEIRO,33075034,ESCOLA TECNICA ESTADUAL OSCAR TENORIO,678.0,77.0,19.9,3.1
2017,RIO DE JANEIRO,33075034,ESCOLA TECNICA ESTADUAL OSCAR TENORIO,590.0,73.9,12.0,14.1
2018,RIO DE JANEIRO,33075034,ESCOLA TECNICA ESTADUAL OSCAR TENORIO,517.0,80.4,8.0,11.6
2019,RIO DE JANEIRO,33075034,ESCOLA TECNICA ESTADUAL OSCAR TENORIO,545.0,86.6,11.6,1.8
2020,RIO DE JANEIRO,33075034,ESCOLA TECNICA ESTADUAL OSCAR TENORIO,584.0,100.0,0.0,0.0
2021,RIO DE JANEIRO,33075034,ESCOLA TECNICA ESTADUAL OSCAR TENORIO,476.0,86.5,6.1,7.4
2022,RIO DE JANEIRO,33075034,ESCOLA TECNICA ESTADUAL OSCAR TENORIO,428.0,86.0,8.2,5.8
2023,RIO DE JANEIRO,33075034,ESCOLA TECNICA ESTADUAL OSCAR TENORIO,527.0,84.9,10.2,4.9
2024,RIO DE JANEIRO,33075034,ESCOLA TECNICA ESTADUAL OSCAR TENORIO,676.0,87.0,10.4,2.6
2025,RIO DE JANEIRO,33075034,ESCOLA TECNICA ESTADUAL OSCAR TENORIO,665.0,90.0,3.2,6.8
2015,RIO DE JANEIRO,33075166,IE CARMELA DUTRA,998.0,83.1,14.7,2.2
2016,RIO DE JANEIRO,33075166,IE CARMELA DUTRA,1050.0,81.5,13.6,4.9
2017,RIO DE JANEIRO,33075166,IE CARMELA DUTRA,1097.0,77.7,18.9,3.4
2018,RIO DE JANEIRO,33075166,IE CARMELA DUTRA,1019.0,81.8,16.4,1.8
2019,RIO DE JANEIRO,33075166,IE CARMELA DUTRA,1102.0,77.9,14.6,7.5
2020,RIO DE JANEIRO,33075166,IE CARMELA DUTRA,1191.0,99.4,0.3,0.3
2021,RIO DE JANEIRO,33075166,IE CARMELA DUTRA,905.0,96.6,0.0,3.4
2022,RIO DE JANEIRO,33075166,IE CARMELA DUTRA,1063.0,78.6,9.6,11.8
2023,RIO DE JANEIRO,33075166,IE CARMELA DUTRA,1077.0,74.7,17.2,8.1
2024,RIO DE JANEIRO,33075166,IE CARMELA DUTRA,1015.0,78.5,17.7,3.8
2025,RIO DE JANEIRO,33075166,IE CARMELA DUTRA,999.0,96.5,3.5,0.0
2015,RIO DE JANEIRO,33075174,CE CHARLES CHAPLIN,154.0,75.7,9.5,14.8
2016,RIO DE JANEIRO,33075174,CE CHARLES CHAPLIN,154.0,77.3,8.4,14.3
2017,RIO DE JANEIRO,33075174,CE CHARLES CHAPLIN,202.0,55.0,23.5,21.5
2018,RIO DE JANEIRO,33075174,CE CHARLES CHAPLIN,193.0,53.2,17.0,29.8
2019,RIO DE JANEIRO,33075174,CE CHARLES CHAPLIN,155.0,58.0,36.7,5.3
2020,RIO DE JANEIRO,33075174,CE CHARLES CHAPLIN,154.0,57.1,39.6,3.3
2021,RIO DE JANEIRO,33075174,CE CHARLES CHAPLIN,187.0,91.9,0.0,8.1
2022,RIO DE JANEIRO,33075174,CE CHARLES CHAPLIN,151.0,41.8,34.0,24.2
2023,RIO DE JANEIRO,33075174,CE CHARLES CHAPLIN,123.0,39.5,33.9,26.6
2024,RIO DE JANEIRO,33075174,CE CHARLES CHAPLIN,99.0,45.9,31.6,22.5
2025,RIO DE JANEIRO,33075174,CE CHARLES CHAPLIN,77.0,58.2,20.3,21.5
2015,RIO DE JANEIRO,33075182,CE CIDADE DE LISBOA,166.0,70.3,19.4,10.3
2016,RIO DE JANEIRO,33075182,CE CIDADE DE LISBOA,203.0,52.0,13.9,34.1
2017,RIO DE JANEIRO,33075182,CE CIDADE DE LISBOA,165.0,64.2,9.1,26.7
2018,RIO DE JANEIRO,33075182,CE CIDADE DE LISBOA,176.0,64.6,15.2,20.2
2019,RIO DE JANEIRO,33075182,CE CIDADE DE LISBOA,170.0,60.4,10.1,29.5
2020,RIO DE JANEIRO,33075182,CE CIDADE DE LISBOA,176.0,71.6,28.4,0.0
2021,RIO DE JANEIRO,33075182,CE CIDADE DE LISBOA,175.0,80.6,17.2,2.2
2022,RIO DE JANEIRO,33075182,CE CIDADE DE LISBOA,146.0,65.0,15.4,19.6
2023,RIO DE JANEIRO,33075182,CE CIDADE DE LISBOA,124.0,59.8,24.4,15.8
2024,RIO DE JANEIRO,33075182,CE CIDADE DE LISBOA,136.0,65.3,9.9,24.8
2025,RIO DE JANEIRO,33075182,CE CIDADE DE LISBOA,118.0,74.8,15.1,10.1
2015,RIO DE JANEIRO,33075190,CE LUIS DE CAMOES,199.0,65.0,21.3,13.7
2016,RIO DE JANEIRO,33075190,CE LUIS DE CAMOES,175.0,64.4,22.6,13.0
2017,RIO DE JANEIRO,33075190,CE LUIZ DE CAMOES,216.0,77.2,15.2,7.6
2018,RIO DE JANEIRO,33075190,CE LUIZ DE CAMOES,232.0,71.8,17.2,11.0
2019,RIO DE JANEIRO,33075190,CE LUIZ DE CAMOES,261.0,72.8,15.9,11.3
2020,RIO DE JANEIRO,33075190,CE LUIZ DE CAMOES,265.0,100.0,0.0,0.0
2021,RIO DE JANEIRO,33075190,CE LUIZ DE CAMOES,214.0,87.7,11.8,0.5
2022,RIO DE JANEIRO,33075190,CE LUIZ DE CAMOES,251.0,66.7,24.9,8.4
2023,RIO DE JANEIRO,33075190,CE LUIZ DE CAMOES,199.0,72.0,23.7,4.3
2024,RIO DE JANEIRO,33075190,CE LUIZ DE CAMOES,230.0,68.2,22.4,9.4
2025,RIO DE JANEIRO,33075190,CE LUIZ DE CAMOES,225.0,80.2,9.5,10.3
2015,RIO DE JANEIRO,33075204,CE MARQUES REBELO,192.0,63.1,17.6,19.3
2016,RIO DE JANEIRO,33075204,CE MARQUES REBELO,202.0,49.5,19.8,30.7
2017,RIO DE JANEIRO,33075204,CE MARQUES REBELO,189.0,68.8,19.6,11.6
2018,RIO DE JANEIRO,33075204,CE MARQUES REBELO,196.0,68.2,18.5,13.3
2019,RIO DE JANEIRO,33075204,CE MARQUES REBELO,165.0,66.9,12.3,20.8
2020,RIO DE JANEIRO,33075204,CE MARQUES REBELO,176.0,71.9,25.8,2.3
2021,RIO DE JANEIRO,33075204,CE MARQUES REBELO,160.0,82.3,3.2,14.5
2022,RIO DE JANEIRO,33075204,CE MARQUES REBELO,146.0,81.4,0.7,17.9
2023,RIO DE JANEIRO,33075204,CE MARQUES REBELO,123.0,80.0,7.5,12.5
2024,RIO DE JANEIRO,33075204,CE MARQUES REBELO,112.0,69.9,12.4,17.7
2025,RIO DE JANEIRO,33075204,CE MARQUES REBELO,139.0,89.4,2.3,8.3
2015,RIO DE JANEIRO,33075212,CE PROFESSOR JOSE ACCIOLI,522.0,90.9,7.1,2.0
2016,RIO DE JANEIRO,33075212,CE PROFESSOR JOSE ACCIOLI,473.0,85.1,11.5,3.4
2017,RIO DE JANEIRO,33075212,CE PROFESSOR JOSE ACCIOLI,497.0,88.9,11.1,0.0
2018,RIO DE JANEIRO,33075212,CE PROFESSOR JOSE ACCIOLI,449.0,94.1,5.2,0.7
2019,RIO DE JANEIRO,33075212,CE PROFESSOR JOSE ACCIOLI,467.0,89.8,8.6,1.6
2020,RIO DE JANEIRO,33075212,CE PROFESSOR JOSE ACCIOLI,490.0,99.8,0.2,0.0
2021,RIO DE JANEIRO,33075212,CE PROFESSOR JOSE ACCIOLI,510.0,100.0,0.0,0.0
2022,RIO DE JANEIRO,33075212,CE PROFESSOR JOSE ACCIOLI,495.0,87.4,12.0,0.6
2023,RIO DE JANEIRO,33075212,CE PROFESSOR JOSE ACCIOLI,433.0,91.6,7.7,0.7
2024,RIO DE JANEIRO,33075212,CE PROFESSOR JOSE ACCIOLI,433.0,90.4,9.4,0.2
2025,RIO DE JANEIRO,33075212,CE PROFESSOR JOSE ACCIOLI,432.0,96.5,2.4,1.1
2015,RIO DE JANEIRO,33075220,CE PROFESSOR SOUSA DA SILVEIRA,222.0,76.7,8.2,15.1
2016,RIO DE JANEIRO,33075220,CE PROFESSOR SOUSA DA SILVEIRA,244.0,65.4,10.7,23.9
2017,RIO DE JANEIRO,33075220,CE PROFESSOR SOUSA DA SILVEIRA,250.0,70.6,11.0,18.4
2018,RIO DE JANEIRO,33075220,CE PROFESSOR SOUSA DA SILVEIRA,237.0,64.0,11.8,24.2
2019,RIO DE JANEIRO,33075220,CE PROFESSOR SOUSA DA SILVEIRA,214.0,70.2,11.5,18.3
2020,RIO DE JANEIRO,33075220,CE PROFESSOR SOUSA DA SILVEIRA,211.0,86.7,13.3,0.0
2021,RIO DE JANEIRO,33075220,CE PROFESSOR SOUSA DA SILVEIRA,155.0,83.5,13.3,3.2
2022,RIO DE JANEIRO,33075220,CE PROFESSOR SOUSA DA SILVEIRA,137.0,74.3,8.3,17.4
2023,RIO DE JANEIRO,33075220,CE PROFESSOR SOUSA DA SILVEIRA,132.0,75.8,7.0,17.2
2024,RIO DE JANEIRO,33075220,CE PROFESSOR SOUSA DA SILVEIRA,127.0,74.8,8.7,16.5
2025,RIO DE JANEIRO,33075220,CE PROFESSOR SOUSA DA SILVEIRA,151.0,86.8,0.7,12.5
2015,RIO DE JANEIRO,33075689,CE CARDEAL ARCOVERDE,175.0,71.6,6.5,21.9
2016,RIO DE JANEIRO,33075689,CE CARDEAL ARCOVERDE,209.0,57.3,21.1,21.6
2017,RIO DE JANEIRO,33075689,CE CARDEAL ARCOVERDE,209.0,84.1,7.7,8.2
2018,RIO DE JANEIRO,33075689,CE CARDEAL ARCOVERDE,216.0,83.9,16.1,0.0
2019,RIO DE JANEIRO,33075689,CE CARDEAL ARCOVERDE,230.0,73.9,13.3,12.8
2020,RIO DE JANEIRO,33075689,CE CARDEAL ARCOVERDE,235.0,100.0,0.0,0.0
2021,RIO DE JANEIRO,33075689,CE CARDEAL ARCOVERDE,215.0,99.5,0.0,0.5
2022,RIO DE JANEIRO,33075689,CE CARDEAL ARCOVERDE,164.0,72.4,8.3,19.3
2023,RIO DE JANEIRO,33075689,CE CARDEAL ARCOVERDE,132.0,69.4,16.1,14.5
2024,RIO DE JANEIRO,33075689,CE CARDEAL ARCOVERDE,133.0,75.4,19.0,5.6
2025,RIO DE JANEIRO,33075689,CE CARDEAL ARCOVERDE,114.0,85.6,1.8,12.6
2015,RIO DE JANEIRO,33075719,CE CONDE AFONSO CELSO,294.0,62.2,23.7,14.1
2016,RIO DE JANEIRO,33075719,CE CONDE AFONSO CELSO,333.0,58.0,29.3,12.7
2017,RIO DE JANEIRO,33075719,CE CONDE AFONSO CELSO,285.0,65.5,31.7,2.8
2018,RIO DE JANEIRO,33075719,CE CONDE AFONSO CELSO,277.0,61.2,24.8,14.0
2019,RIO DE JANEIRO,33075719,CE CONDE AFONSO CELSO,261.0,62.3,22.0,15.7
2020,RIO DE JANEIRO,33075719,CE CONDE AFONSO CELSO,273.0,78.5,21.5,0.0
2021,RIO DE JANEIRO,33075719,CE CONDE AFONSO CELSO,250.0,82.3,14.2,3.5
2022,RIO DE JANEIRO,33075719,CE CONDE AFONSO CELSO,184.0,72.5,11.9,15.6
2023,RIO DE JANEIRO,33075719,CE CONDE AFONSO CELSO,146.0,69.3,15.3,15.4
2024,RIO DE JANEIRO,33075719,CE CONDE AFONSO CELSO,138.0,76.9,10.4,12.7
2025,RIO DE JANEIRO,33075719,CE CONDE AFONSO CELSO,110.0,87.4,0.0,12.6
2015,RIO DE JANEIRO,33075760,CE FRANCISCO PALHETA,131.0,86.8,8.1,5.1
2016,RIO DE JANEIRO,33075760,CE FRANCISCO PALHETA,131.0,75.6,10.2,14.2
2017,RIO DE JANEIRO,33075760,CE FRANCISCO PALHETA,149.0,54.8,33.6,11.6
2018,RIO DE JANEIRO,33075760,CE FRANCISCO PALHETA,156.0,60.9,19.2,19.9
2019,RIO DE JANEIRO,33075760,CE FRANCISCO PALHETA,132.0,68.9,19.3,11.8
2020,RIO DE JANEIRO,33075760,CE FRANCISCO PALHETA,138.0,94.2,5.8,0.0
2021,RIO DE JANEIRO,33075760,CE FRANCISCO PALHETA,143.0,86.3,13.7,0.0
2022,RIO DE JANEIRO,33075760,CE FRANCISCO PALHETA,145.0,71.9,12.6,15.5
2023,RIO DE JANEIRO,33075760,CE FRANCISCO PALHETA,108.0,69.4,10.2,20.4
2024,RIO DE JANEIRO,33075760,CE FRANCISCO PALHETA,115.0,74.5,11.8,13.7
2025,RIO DE JANEIRO,33075760,CE FRANCISCO PALHETA,137.0,89.3,1.5,9.2
2015,RIO DE JANEIRO,33075816,CE OLEGARIO MARIANO,246.0,82.5,12.6,4.9
2016,RIO DE JANEIRO,33075816,CE OLEGARIO MARIANO,250.0,74.7,22.8,2.5
2017,RIO DE JANEIRO,33075816,CE OLEGARIO MARIANO,212.0,78.2,9.5,12.3
2018,RIO DE JANEIRO,33075816,CE OLEGARIO MARIANO,218.0,72.3,19.4,8.3
2019,RIO DE JANEIRO,33075816,CE OLEGARIO MARIANO,259.0,66.1,14.4,19.5
2020,RIO DE JANEIRO,33075816,CE OLEGARIO MARIANO,273.0,84.6,15.4,0.0
2021,RIO DE JANEIRO,33075816,CE OLEGARIO MARIANO,189.0,89.8,9.2,1.0
2022,RIO DE JANEIRO,33075816,CE OLEGARIO MARIANO,252.0,74.7,10.0,15.3
2023,RIO DE JANEIRO,33075816,CE OLEGARIO MARIANO,244.0,73.1,6.3,20.6
2024,RIO DE JANEIRO,33075816,CE OLEGARIO MARIANO,227.0,64.7,19.8,15.5
2025,RIO DE JANEIRO,33075816,CE OLEGARIO MARIANO,203.0,80.9,5.3,13.8
2015,RIO DE JANEIRO,33075832,CE PARANA,162.0,80.2,16.8,3.0
2016,RIO DE JANEIRO,33075832,CE PARANA,165.0,61.1,21.0,17.9
2017,RIO DE JANEIRO,33075832,CE PARANA,157.0,69.8,25.2,5.0
2018,RIO DE JANEIRO,33075832,CE PARANA,161.0,71.0,19.8,9.2
2019,RIO DE JANEIRO,33075832,CE PARANA,165.0,72.8,14.6,12.6
2020,RIO DE JANEIRO,33075832,CE PARANA,169.0,99.4,0.0,0.6
2021,RIO DE JANEIRO,33075832,CE PARANA,162.0,87.2,3.0,9.8
2022,RIO DE JANEIRO,33075832,CE PARANA,146.0,68.8,18.2,13.0
2023,RIO DE JANEIRO,33075832,CE PARANA,137.0,68.0,17.0,15.0
2024,RIO DE JANEIRO,33075832,CE PARANA,155.0,60.5,23.7,15.8
2025,RIO DE JANEIRO,33075832,CE PARANA,140.0,83.1,0.0,16.9
2015,RIO DE JANEIRO,33075867,CE SANTOS DUMONT,266.0,83.0,8.7,8.3
2016,RIO DE JANEIRO,33075867,CE SANTOS DUMONT,295.0,58.1,33.5,8.4
2017,RIO DE JANEIRO,33075867,CE SANTOS DUMONT,210.0,75.8,15.2,9.0
2018,RIO DE JANEIRO,33075867,CE SANTOS DUMONT,218.0,68.3,20.2,11.5
2019,RIO DE JANEIRO,33075867,CE SANTOS DUMONT,231.0,48.2,25.7,26.1
2020,RIO DE JANEIRO,33075867,CE SANTOS DUMONT,194.0,82.7,17.3,0.0
2021,RIO DE JANEIRO,33075867,CE SANTOS DUMONT,195.0,95.4,0.5,4.1
2022,RIO DE JANEIRO,33075867,CE SANTOS DUMONT,196.0,60.8,21.1,18.1
2023,RIO DE JANEIRO,33075867,CE SANTOS DUMONT,180.0,70.2,11.2,18.6
2024,RIO DE JANEIRO,33075867,CE SANTOS DUMONT,174.0,74.7,16.9,8.4
2025,RIO DE JANEIRO,33075867,CE SANTOS DUMONT,140.0,96.6,1.4,2.0
2015,RIO DE JANEIRO,33075883,C E VIRIATO CORREA,119.0,70.5,21.7,7.8
2016,RIO DE JANEIRO,33075883,CE VIRIATO CORREA,129.0,52.7,47.3,0.0
2017,RIO DE JANEIRO,33075883,CE VIRIATO CORREA,121.0,74.2,19.2,6.6
2018,RIO DE JANEIRO,33075883,CE VIRIATO CORREA,131.0,58.7,28.1,13.2
2019,RIO DE JANEIRO,33075883,CE VIRIATO CORREA,111.0,64.2,23.6,12.2
2020,RIO DE JANEIRO,33075883,CE VIRIATO CORREA,140.0,39.6,60.4,0.0
2021,RIO DE JANEIRO,33075883,CE VIRIATO CORREA,120.0,97.6,0.0,2.4
2022,RIO DE JANEIRO,33075883,CE VIRIATO CORREA,178.0,60.9,20.1,19.0
2023,RIO DE JANEIRO,33075883,CE VIRIATO CORREA,169.0,66.7,26.3,7.0
2024,RIO DE JANEIRO,33075883,CE VIRIATO CORREA,165.0,59.0,32.5,8.5
2025,RIO DE JANEIRO,33075883,CE VIRIATO CORREA,144.0,89.3,0.7,10.0
2015,RIO DE JANEIRO,33075891,CE WALDEMIRO POTSCH,115.0,69.7,19.3,11.0
2016,RIO DE JANEIRO,33075891,CE WALDEMIRO POTSCH,175.0,57.6,25.6,16.8
2017,RIO DE JANEIRO,33075891,CE WALDEMIRO POTSCH,160.0,76.2,14.6,9.2
2018,RIO DE JANEIRO,33075891,CE WALDEMIRO POTSCH,152.0,73.7,20.4,5.9
2019,RIO DE JANEIRO,33075891,CE WALDEMIRO POTSCH,159.0,66.0,15.7,18.3
2020,RIO DE JANEIRO,33075891,CE WALDEMIRO POTSCH,155.0,92.9,7.1,0.0
2021,RIO DE JANEIRO,33075891,CE WALDEMIRO POTSCH,154.0,94.9,5.1,0.0
2022,RIO DE JANEIRO,33075891,CE WALDEMIRO POTSCH,175.0,62.0,19.9,18.1
2023,RIO DE JANEIRO,33075891,CE WALDEMIRO POTSCH,141.0,61.5,35.6,2.9
2024,RIO DE JANEIRO,33075891,CE WALDEMIRO POTSCH,109.0,79.6,16.3,4.1
2025,RIO DE JANEIRO,33075891,CE WALDEMIRO POTSCH,89.0,98.9,0.0,1.1
2015,RIO DE JANEIRO,33076480,E T E REPUBLICA,1854.0,65.7,33.3,1.0
2017,RIO DE JANEIRO,33076480,E T E REPUBLICA,1350.0,100.0,0.0,0.0
2018,RIO DE JANEIRO,33076480,E T E REPUBLICA,1341.0,60.8,34.0,5.2
2019,RIO DE JANEIRO,33076480,E T E REPUBLICA,1200.0,64.3,27.1,8.6
2020,RIO DE JANEIRO,33076480,E T E REPUBLICA,1275.0,100.0,0.0,0.0
2021,RIO DE JANEIRO,33076480,E T E REPUBLICA,1430.0,73.1,26.9,0.0
2022,RIO DE JANEIRO,33076480,E T E REPUBLICA,1179.0,65.4,32.4,2.2
2023,RIO DE JANEIRO,33076480,E T E REPUBLICA,1051.0,71.5,24.2,4.3
2024,RIO DE JANEIRO,33076480,E T E REPUBLICA,1226.0,77.9,22.1,0.0
2025,RIO DE JANEIRO,33076480,E T E REPUBLICA,1109.0,76.2,23.8,0.0
2015,RIO DE JANEIRO,33076502,ESCOLA TECNICA ESTADUAL VISCONDE DE MAUA,1126.0,81.5,16.1,2.4
2017,RIO DE JANEIRO,33076502,ESCOLA TECNICA ESTADUAL VISCONDE DE MAUA,606.0,65.3,29.5,5.2
2018,RIO DE JANEIRO,33076502,ESCOLA TECNICA ESTADUAL VISCONDE DE MAUA,426.0,73.4,24.6,2.0
2019,RIO DE JANEIRO,33076502,ESCOLA TECNICA ESTADUAL VISCONDE DE MAUA,468.0,68.3,27.1,4.6
2020,RIO DE JANEIRO,33076502,ESCOLA TECNICA ESTADUAL VISCONDE DE MAUA,448.0,100.0,0.0,0.0
2021,RIO DE JANEIRO,33076502,ESCOLA TECNICA ESTADUAL VISCONDE DE MAUA,577.0,82.9,16.1,1.0
2022,RIO DE JANEIRO,33076502,ESCOLA TECNICA ESTADUAL VISCONDE DE MAUA,391.0,69.8,20.7,9.5
2023,RIO DE JANEIRO,33076502,ESCOLA TECNICA ESTADUAL VISCONDE DE MAUA,428.0,81.2,15.2,3.6
2024,RIO DE JANEIRO,33076502,ESCOLA TECNICA ESTADUAL VISCONDE DE MAUA,422.0,88.4,10.2,1.4
2025,RIO DE JANEIRO,33076502,ESCOLA TECNICA ESTADUAL VISCONDE DE MAUA,544.0,89.6,8.0,2.4
2015,RIO DE JANEIRO,33077088,CE ADALGISA MONTEIRO,503.0,86.4,5.2,8.4
2016,RIO DE JANEIRO,33077088,CE ADALGISA MONTEIRO,473.0,69.5,18.6,11.9
2017,RIO DE JANEIRO,33077088,CE ADALGISA MONTEIRO,480.0,81.3,11.0,7.7
2018,RIO DE JANEIRO,33077088,CE ADALGISA MONTEIRO,446.0,83.6,11.4,5.0
2019,RIO DE JANEIRO,33077088,CE ADALGISA MONTEIRO,426.0,81.1,3.1,15.8
2020,RIO DE JANEIRO,33077088,CE ADALGISA MONTEIRO,468.0,89.7,10.1,0.2
2021,RIO DE JANEIRO,33077088,CE ADALGISA MONTEIRO,372.0,96.0,1.1,2.9
2022,RIO DE JANEIRO,33077088,CE ADALGISA MONTEIRO,418.0,86.1,5.0,8.9
2023,RIO DE JANEIRO,33077088,CE ADALGISA MONTEIRO,423.0,82.6,3.4,14.0
2024,RIO DE JANEIRO,33077088,CE ADALGISA MONTEIRO,402.0,82.5,4.6,12.9
2025,RIO DE JANEIRO,33077088,CE ADALGISA MONTEIRO,373.0,94.5,3.0,2.5
2015,RIO DE JANEIRO,33077096,CE ALBERTO PASQUALINI,61.0,82.0,4.9,13.1
2016,RIO DE JANEIRO,33077096,CE ALBERTO PASQUALINI,48.0,69.2,15.4,15.4
2017,RIO DE JANEIRO,33077096,CE ALBERTO PASQUALINI,24.0,75.0,4.2,20.8
2018,RIO DE JANEIRO,33077096,CE ALBERTO PASQUALINI,12.0,81.8,0.0,18.2
2015,RIO DE JANEIRO,33077100,CE BRIGADEIRO SCHORCHT,1067.0,82.3,15.8,1.9
2016,RIO DE JANEIRO,33077100,CE BRIGADEIRO SCHORCHT,1181.0,81.3,14.1,4.6
2017,RIO DE JANEIRO,33077100,CE BRIGADEIRO SCHORCHT,1301.0,83.4,14.1,2.5
2018,RIO DE JANEIRO,33077100,CE BRIGADEIRO SCHORCHT,1543.0,79.0,19.6,1.4
2019,RIO DE JANEIRO,33077100,CE BRIGADEIRO SCHORCHT,1473.0,83.9,12.9,3.2
2020,RIO DE JANEIRO,33077100,CE BRIGADEIRO SCHORCHT,1564.0,88.4,11.6,0.0
2021,RIO DE JANEIRO,33077100,CE BRIGADEIRO SCHORCHT,1437.0,95.1,4.9,0.0
2022,RIO DE JANEIRO,33077100,CE BRIGADEIRO SCHORCHT,1521.0,83.5,9.5,7.0
2023,RIO DE JANEIRO,33077100,CE BRIGADEIRO SCHORCHT,1523.0,81.2,12.5,6.3
2024,RIO DE JANEIRO,33077100,CE BRIGADEIRO SCHORCHT,1630.0,73.2,19.2,7.6
2025,RIO DE JANEIRO,33077100,CE BRIGADEIRO SCHORCHT,1339.0,90.2,8.5,1.3
2015,RIO DE JANEIRO,33077118,CE CARLOS LACERDA,296.0,79.5,7.9,12.6
2016,RIO DE JANEIRO,33077118,CE CARLOS LACERDA,413.0,60.5,20.1,19.4
2017,RIO DE JANEIRO,33077118,CE CARLOS LACERDA,283.0,77.9,10.7,11.4
2018,RIO DE JANEIRO,33077118,CE CARLOS LACERDA,282.0,84.8,13.4,1.8
2019,RIO DE JANEIRO,33077118,CE CARLOS LACERDA,310.0,79.9,15.1,5.0
2020,RIO DE JANEIRO,33077118,CE CARLOS LACERDA,374.0,66.7,33.3,0.0
2021,RIO DE JANEIRO,33077118,CE CARLOS LACERDA,271.0,91.5,8.5,0.0
2022,RIO DE JANEIRO,33077118,CE CARLOS LACERDA,334.0,88.6,10.0,1.4
2023,RIO DE JANEIRO,33077118,CE CARLOS LACERDA,334.0,76.5,20.8,2.7
2024,RIO DE JANEIRO,33077118,CE CARLOS LACERDA,315.0,89.9,10.1,0.0
2025,RIO DE JANEIRO,33077118,CE CARLOS LACERDA,278.0,96.5,3.5,0.0
2015,RIO DE JANEIRO,33077126,CE EDUARDO MONDLANE,522.0,76.1,20.0,3.9
2016,RIO DE JANEIRO,33077126,CE EDUARDO MONDLANE,456.0,65.5,14.8,19.7
2017,RIO DE JANEIRO,33077126,CE EDUARDO MONDLANE,478.0,77.2,15.7,7.1
2018,RIO DE JANEIRO,33077126,CE EDUARDO MONDLANE,544.0,70.0,23.3,6.7
2019,RIO DE JANEIRO,33077126,CE EDUARDO MONDLANE,551.0,74.5,7.1,18.4
2020,RIO DE JANEIRO,33077126,CE EDUARDO MONDLANE,552.0,80.8,19.2,0.0
2021,RIO DE JANEIRO,33077126,CE EDUARDO MONDLANE,486.0,91.2,8.2,0.6
2022,RIO DE JANEIRO,33077126,CE EDUARDO MONDLANE,533.0,76.7,14.8,8.5
2023,RIO DE JANEIRO,33077126,CE EDUARDO MONDLANE,536.0,73.9,12.4,13.7
2024,RIO DE JANEIRO,33077126,CE EDUARDO MONDLANE,529.0,75.8,20.5,3.7
2025,RIO DE JANEIRO,33077126,CE EDUARDO MONDLANE,497.0,94.7,2.5,2.8
2015,RIO DE JANEIRO,33077134,CE ENGENHEIRO BERNARDO SAYAO,314.0,82.5,11.2,6.3
2016,RIO DE JANEIRO,33077134,CE ENGENHEIRO BERNARDO SAYAO,286.0,60.3,33.3,6.4
2017,RIO DE JANEIRO,33077134,CE ENGENHEIRO BERNARDO SAYAO,246.0,72.5,21.1,6.4
2018,RIO DE JANEIRO,33077134,CE ENGENHEIRO BERNARDO SAYAO,278.0,80.3,14.5,5.2
2019,RIO DE JANEIRO,33077134,CE ENGENHEIRO BERNARDO SAYAO,292.0,73.6,7.0,19.4
2020,RIO DE JANEIRO,33077134,CE ENGENHEIRO BERNARDO SAYAO,306.0,59.0,41.0,0.0
2021,RIO DE JANEIRO,33077134,CE ENGENHEIRO BERNARDO SAYAO,266.0,61.3,15.5,23.2
2022,RIO DE JANEIRO,33077134,CE ENGENHEIRO BERNARDO SAYAO,249.0,78.2,14.5,7.3
2023,RIO DE JANEIRO,33077134,CE ENGENHEIRO BERNARDO SAYAO,189.0,78.0,4.8,17.2
2024,RIO DE JANEIRO,33077134,CE ENGENHEIRO BERNARDO SAYAO,205.0,77.3,6.6,16.1
2025,RIO DE JANEIRO,33077134,CE ENGENHEIRO BERNARDO SAYAO,187.0,87.7,0.6,11.7
2015,RIO DE JANEIRO,33077142,CE MAHATMA GANDHI,196.0,64.3,8.5,27.2
2016,RIO DE JANEIRO,33077142,CE MAHATMA GANDHI,228.0,57.8,9.4,32.8
2017,RIO DE JANEIRO,33077142,CE MAHATMA GANDHI,233.0,59.2,20.2,20.6
2018,RIO DE JANEIRO,33077142,CE MAHATMA GANDHI,215.0,58.8,20.9,20.3
2019,RIO DE JANEIRO,33077142,CE MAHATMA GANDHI,240.0,65.0,11.0,24.0
2020,RIO DE JANEIRO,33077142,CE MAHATMA GANDHI,214.0,88.3,11.7,0.0
2021,RIO DE JANEIRO,33077142,CE MAHATMA GANDHI,227.0,72.2,27.8,0.0
2022,RIO DE JANEIRO,33077142,CE MAHATMA GANDHI,230.0,66.5,7.6,25.9
2023,RIO DE JANEIRO,33077142,CE MAHATMA GANDHI,206.0,69.8,12.9,17.3
2024,RIO DE JANEIRO,33077142,CE MAHATMA GANDHI,168.0,71.8,28.2,0.0
2025,RIO DE JANEIRO,33077142,CE MAHATMA GANDHI,153.0,78.1,0.6,21.3
2015,RIO DE JANEIRO,33077150,CE PEDRO ALEIXO,371.0,67.2,9.8,23.0
2016,RIO DE JANEIRO,33077150,CE CARDEAL DOM EUGENIO DE ARAUJO SALES,353.0,43.9,18.2,37.9
2017,RIO DE JANEIRO,33077150,CE CARDEAL DOM EUGENIO DE ARAUJO SALES,345.0,70.5,20.8,8.7
2018,RIO DE JANEIRO,33077150,CE CARDEAL DOM EUGENIO DE ARAUJO SALES,381.0,64.3,17.5,18.2
2019,RIO DE JANEIRO,33077150,CE CARDEAL DOM EUGENIO DE ARAUJO SALES,340.0,81.4,16.6,2.0
2020,RIO DE JANEIRO,33077150,CE CARDEAL DOM EUGENIO DE ARAUJO SALES,454.0,69.2,30.8,0.0
2021,RIO DE JANEIRO,33077150,CE CARDEAL DOM EUGENIO DE ARAUJO SALES,386.0,99.2,0.0,0.8
2022,RIO DE JANEIRO,33077150,CE CARDEAL DOM EUGENIO DE ARAUJO SALES,446.0,62.1,22.0,15.9
2023,RIO DE JANEIRO,33077150,CE CARDEAL DOM EUGENIO DE ARAUJO SALES,439.0,66.4,22.5,11.1
2024,RIO DE JANEIRO,33077150,CE CARDEAL DOM EUGENIO DE ARAUJO SALES,444.0,70.1,21.2,8.7
2025,RIO DE JANEIRO,33077150,CE CARDEAL DOM EUGENIO DE ARAUJO SALES,728.0,94.4,2.3,3.3
2015,RIO DE JANEIRO,33077169,CE EUNICE WEAVER,373.0,78.4,11.4,10.2
2016,RIO DE JANEIRO,33077169,CE EUNICE WEAVER,355.0,75.4,10.0,14.6
2017,RIO DE JANEIRO,33077169,CE EUNICE WEAVER,360.0,81.3,15.9,2.8
2018,RIO DE JANEIRO,33077169,CE EUNICE WEAVER,399.0,86.5,7.7,5.8
2019,RIO DE JANEIRO,33077169,CE EUNICE WEAVER,405.0,80.2,12.3,7.5
2020,RIO DE JANEIRO,33077169,CE EUNICE WEAVER,366.0,71.3,28.7,0.0
2021,RIO DE JANEIRO,33077169,CE EUNICE WEAVER,323.0,86.4,9.8,3.8
2022,RIO DE JANEIRO,33077169,CE EUNICE WEAVER,325.0,79.4,8.4,12.2
2023,RIO DE JANEIRO,33077169,CE EUNICE WEAVER,345.0,81.0,11.1,7.9
2024,RIO DE JANEIRO,33077169,CE EUNICE WEAVER,358.0,82.5,10.2,7.3
2025,RIO DE JANEIRO,33077169,CE EUNICE WEAVER,298.0,85.0,5.1,9.9
2015,RIO DE JANEIRO,33077177,CE PRESIDENTE JOAO GOULART,363.0,66.4,22.6,11.0
2016,RIO DE JANEIRO,33077177,CE PRESIDENTE JOAO GOULART,239.0,50.5,49.5,0.0
2017,RIO DE JANEIRO,33077177,CE PRESIDENTE JOAO GOULART,323.0,61.8,23.2,15.0
2018,RIO DE JANEIRO,33077177,CE PRESIDENTE JOAO GOULART,301.0,69.0,9.7,21.3
2019,RIO DE JANEIRO,33077177,CE PRESIDENTE JOAO GOULART,392.0,68.3,15.1,16.6
2020,RIO DE JANEIRO,33077177,CE PRESIDENTE JOAO GOULART,419.0,72.7,27.3,0.0
2021,RIO DE JANEIRO,33077177,CE PRESIDENTE JOAO GOULART,319.0,87.8,1.5,10.7
2022,RIO DE JANEIRO,33077177,CE PRESIDENTE JOAO GOULART,312.0,68.0,14.9,17.1
2023,RIO DE JANEIRO,33077177,CE PRESIDENTE JOAO GOULART,256.0,82.0,9.2,8.8
2024,RIO DE JANEIRO,33077177,CE PRESIDENTE JOAO GOULART,231.0,75.5,13.2,11.3
2025,RIO DE JANEIRO,33077177,CE PRESIDENTE JOAO GOULART,257.0,88.5,0.0,11.5
2015,RIO DE JANEIRO,33077185,CE SENADOR TEOTONIO VILELA,311.0,66.6,11.3,22.1
2016,RIO DE JANEIRO,33077185,CE SENADOR TEOTONIO VILELA,328.0,54.9,16.6,28.5
2017,RIO DE JANEIRO,33077185,CE SENADOR TEOTONIO VILELA,271.0,71.4,21.1,7.5
2018,RIO DE JANEIRO,33077185,CE SENADOR TEOTONIO VILELA,353.0,51.7,34.3,14.0
2019,RIO DE JANEIRO,33077185,CE SENADOR TEOTONIO VILELA,311.0,57.8,26.9,15.3
2020,RIO DE JANEIRO,33077185,CE SENADOR TEOTONIO VILELA,294.0,65.2,34.8,0.0
2021,RIO DE JANEIRO,33077185,CE SENADOR TEOTONIO VILELA,253.0,94.4,5.6,0.0
2022,RIO DE JANEIRO,33077185,CE SENADOR TEOTONIO VILELA,215.0,59.5,15.5,25.0
2023,RIO DE JANEIRO,33077185,CE SENADOR TEOTONIO VILELA,142.0,72.6,27.4,0.0
2024,RIO DE JANEIRO,33077185,CE SENADOR TEOTONIO VILELA,211.0,62.9,30.9,6.2
2025,RIO DE JANEIRO,33077185,CE SENADOR TEOTONIO VILELA,166.0,73.1,20.4,6.5
2015,RIO DE JANEIRO,33077371,CE ALINA DE BRITO,420.0,66.1,22.1,11.8
2016,RIO DE JANEIRO,33077371,CE ALINA DE BRITO,489.0,56.3,15.0,28.7
2017,RIO DE JANEIRO,33077371,CE ALINA DE BRITO,453.0,67.7,14.1,18.2
2018,RIO DE JANEIRO,33077371,CE ALINA DE BRITO,442.0,66.2,23.4,10.4
2019,RIO DE JANEIRO,33077371,CE ALINA DE BRITO,450.0,65.3,17.6,17.1
2020,RIO DE JANEIRO,33077371,CE ALINA DE BRITO,502.0,78.8,21.2,0.0
2021,RIO DE JANEIRO,33077371,CE ALINA DE BRITO,448.0,88.6,11.4,0.0
2022,RIO DE JANEIRO,33077371,CE ALINA DE BRITO,509.0,68.5,6.8,24.7
2023,RIO DE JANEIRO,33077371,CE ALINA DE BRITO,440.0,77.7,16.3,6.0
2024,RIO DE JANEIRO,33077371,CE ALINA DE BRITO,502.0,71.3,13.0,15.7
2025,RIO DE JANEIRO,33077371,CE ALINA DE BRITO,424.0,82.1,2.7,15.2
2015,RIO DE JANEIRO,33077452,CE EMBAIXADOR DIAS CARNEIRO,293.0,96.9,1.2,1.9
2016,RIO DE JANEIRO,33077452,CE EMBAIXADOR DIAS CARNEIRO,246.0,93.5,4.8,1.7
2017,RIO DE JANEIRO,33077452,CE EMBAIXADOR DIAS CARNEIRO,250.0,95.3,3.8,0.9
2018,RIO DE JANEIRO,33077452,CE EMBAIXADOR DIAS CARNEIRO,250.0,96.6,3.4,0.0
2019,RIO DE JANEIRO,33077452,CE EMBAIXADOR DIAS CARNEIRO,262.0,95.6,2.8,1.6
2020,RIO DE JANEIRO,33077452,CE EMBAIXADOR DIAS CARNEIRO,305.0,83.6,16.4,0.0
2021,RIO DE JANEIRO,33077452,CE EMBAIXADOR DIAS CARNEIRO,280.0,98.6,0.0,1.4
2022,RIO DE JANEIRO,33077452,CE EMBAIXADOR DIAS CARNEIRO,268.0,95.2,4.0,0.8
2023,RIO DE JANEIRO,33077452,CE EMBAIXADOR DIAS CARNEIRO,235.0,97.3,2.7,0.0
2024,RIO DE JANEIRO,33077452,CE EMBAIXADOR DIAS CARNEIRO,245.0,97.1,2.9,0.0
2025,RIO DE JANEIRO,33077452,CE EMBAIXADOR DIAS CARNEIRO,257.0,97.9,1.7,0.4
2015,RIO DE JANEIRO,33077525,CE MARECHAL CANROBERT PEREIRA DA COSTA,62.0,70.8,16.9,12.3
2016,RIO DE JANEIRO,33077525,CE MARECHAL CANROBERT PEREIRA DA COSTA,90.0,65.9,28.4,5.7
2017,RIO DE JANEIRO,33077525,CE MARECHAL CANROBERT PEREIRA DA COSTA,80.0,80.0,16.0,4.0
2018,RIO DE JANEIRO,33077525,CE MARECHAL CANROBERT PEREIRA DA COSTA,86.0,75.3,24.7,0.0
2019,RIO DE JANEIRO,33077525,CE MARECHAL CANROBERT PEREIRA DA COSTA,105.0,62.6,9.1,28.3
2020,RIO DE JANEIRO,33077525,CE MARECHAL CANROBERT PEREIRA DA COSTA,89.0,75.3,24.7,0.0
2021,RIO DE JANEIRO,33077525,CE MARECHAL CANROBERT PEREIRA DA COSTA,68.0,87.9,9.1,3.0
2022,RIO DE JANEIRO,33077525,CE MARECHAL CANROBERT PEREIRA DA COSTA,85.0,62.7,18.1,19.2
2023,RIO DE JANEIRO,33077525,CE MARECHAL CANROBERT PEREIRA DA COSTA,88.0,75.0,21.4,3.6
2024,RIO DE JANEIRO,33077525,CE MARECHAL CANROBERT PEREIRA DA COSTA,71.0,69.3,21.3,9.4
2025,RIO DE JANEIRO,33077525,CE MARECHAL CANROBERT PEREIRA DA COSTA,66.0,85.1,7.5,7.4
2015,RIO DE JANEIRO,33077568,CE ROSA DO POVO,344.0,71.5,18.6,9.9
2016,RIO DE JANEIRO,33077568,CE ROSA DO POVO,396.0,68.2,29.5,2.3
2017,RIO DE JANEIRO,33077568,CE ROSA DO POVO,341.0,76.4,21.6,2.0
2018,RIO DE JANEIRO,33077568,CE ROSA DO POVO,425.0,75.1,14.0,10.9
2019,RIO DE JANEIRO,33077568,CE ROSA DO POVO,419.0,85.1,6.3,8.6
2020,RIO DE JANEIRO,33077568,CE ROSA DO POVO,443.0,72.9,27.1,0.0
2021,RIO DE JANEIRO,33077568,CE ROSA DO POVO,300.0,89.8,9.2,1.0
2022,RIO DE JANEIRO,33077568,CE ROSA DO POVO,389.0,67.0,17.3,15.7
2023,RIO DE JANEIRO,33077568,CE ROSA DO POVO,333.0,78.9,16.4,4.7
2024,RIO DE JANEIRO,33077568,CE ROSA DO POVO,272.0,76.9,16.7,6.4
2025,RIO DE JANEIRO,33077568,CE ROSA DO POVO,281.0,82.2,6.2,11.6
2015,RIO DE JANEIRO,33077576,CE VICTOR HUGO,186.0,74.7,13.4,11.9
2016,RIO DE JANEIRO,33077576,CE VICTOR HUGO,208.0,61.4,17.9,20.7
2017,RIO DE JANEIRO,33077576,CE VICTOR HUGO,196.0,66.5,14.0,19.5
2018,RIO DE JANEIRO,33077576,CE VICTOR HUGO,243.0,61.3,19.3,19.4
2019,RIO DE JANEIRO,33077576,CE VICTOR HUGO,283.0,75.4,13.8,10.8
2020,RIO DE JANEIRO,33077576,CE VICTOR HUGO,247.0,80.8,18.8,0.4
2021,RIO DE JANEIRO,33077576,CE VICTOR HUGO,156.0,98.2,1.8,0.0
2022,RIO DE JANEIRO,33077576,CE VICTOR HUGO,232.0,72.2,20.8,7.0
2023,RIO DE JANEIRO,33077576,CE VICTOR HUGO,237.0,76.8,6.6,16.6
2024,RIO DE JANEIRO,33077576,CE VICTOR HUGO,243.0,77.1,12.6,10.3
2025,RIO DE JANEIRO,33077576,CE VICTOR HUGO,211.0,93.8,0.5,5.7
2015,RIO DE JANEIRO,33079323,CE STUART EDGAR ANGEL JONES,1130.0,71.7,23.0,5.3
2016,RIO DE JANEIRO,33079323,CE STUART EDGAR ANGEL JONES,856.0,62.2,17.5,20.3
2017,RIO DE JANEIRO,33079323,CE STUART EDGAR ANGEL JONES,1026.0,61.5,36.9,1.6
2018,RIO DE JANEIRO,33079323,CE STUART EDGAR ANGEL JONES,994.0,72.1,25.7,2.2
2019,RIO DE JANEIRO,33079323,CE STUART EDGAR ANGEL JONES,1238.0,71.9,21.8,6.3
2020,RIO DE JANEIRO,33079323,CE STUART EDGAR ANGEL JONES,1451.0,99.9,0.0,0.1
2021,RIO DE JANEIRO,33079323,CE STUART EDGAR ANGEL JONES,1326.0,99.9,0.0,0.1
2022,RIO DE JANEIRO,33079323,CE STUART EDGAR ANGEL JONES,1392.0,57.0,29.7,13.3
2023,RIO DE JANEIRO,33079323,CE STUART EDGAR ANGEL JONES,1104.0,66.2,33.0,0.8
2024,RIO DE JANEIRO,33079323,CE STUART EDGAR ANGEL JONES,1085.0,78.4,19.6,2.0
2025,RIO DE JANEIRO,33079323,CE STUART EDGAR ANGEL JONES,1145.0,88.8,10.6,0.6
2015,RIO DE JANEIRO,33079331,CE AGOSTINHO NETO,135.0,78.5,14.1,7.4
2016,RIO DE JANEIRO,33079331,CE AGOSTINHO NETO,183.0,75.8,12.9,11.3
2017,RIO DE JANEIRO,33079331,CE AGOSTINHO NETO,197.0,78.8,10.9,10.3
2018,RIO DE JANEIRO,33079331,CE AGOSTINHO NETO,258.0,80.4,10.4,9.2
2019,RIO DE JANEIRO,33079331,CE AGOSTINHO NETO,249.0,82.5,6.3,11.2
2020,RIO DE JANEIRO,33079331,CE AGOSTINHO NETO,303.0,87.2,7.4,5.4
2021,RIO DE JANEIRO,33079331,CE AGOSTINHO NETO,270.0,92.5,3.6,3.9
2022,RIO DE JANEIRO,33079331,CE AGOSTINHO NETO,257.0,70.0,17.2,12.8
2023,RIO DE JANEIRO,33079331,CE AGOSTINHO NETO,205.0,75.9,18.4,5.7
2024,RIO DE JANEIRO,33079331,CE AGOSTINHO NETO,200.0,75.9,7.4,16.7
2025,RIO DE JANEIRO,33079331,CE AGOSTINHO NETO,186.0,97.4,1.0,1.6
2015,RIO DE JANEIRO,33079340,CE BANGU,1711.0,73.9,22.3,3.8
2016,RIO DE JANEIRO,33079340,CE BANGU,1590.0,60.3,19.0,20.7
2017,RIO DE JANEIRO,33079340,CE BANGU,1600.0,64.3,26.2,9.5
2018,RIO DE JANEIRO,33079340,CE BANGU,1501.0,63.5,33.1,3.4
2019,RIO DE JANEIRO,33079340,CE BANGU,1629.0,65.4,29.8,4.8
2020,RIO DE JANEIRO,33079340,CE BANGU,2040.0,96.7,3.3,0.0
2021,RIO DE JANEIRO,33079340,CE BANGU,2013.0,98.3,1.7,0.0
2022,RIO DE JANEIRO,33079340,CE BANGU,1671.0,59.2,29.3,11.5
2023,RIO DE JANEIRO,33079340,CE BANGU,1329.0,58.0,30.6,11.4
2024,RIO DE JANEIRO,33079340,CE BANGU,1400.0,60.9,22.3,16.8
2025,RIO DE JANEIRO,33079340,CE BANGU,1078.0,85.3,11.8,2.9
2015,RIO DE JANEIRO,33079358,CE COLLECCHIO,1300.0,72.6,17.9,9.5
2016,RIO DE JANEIRO,33079358,CE COLLECCHIO,1285.0,65.5,29.2,5.3
2017,RIO DE JANEIRO,33079358,CE COLLECCHIO,1475.0,74.1,18.2,7.7
2018,RIO DE JANEIRO,33079358,CE COLLECCHIO,1595.0,70.9,23.6,5.5
2019,RIO DE JANEIRO,33079358,CE COLLECCHIO,1590.0,74.8,18.3,6.9
2020,RIO DE JANEIRO,33079358,CE COLLECCHIO,1766.0,61.5,38.1,0.4
2021,RIO DE JANEIRO,33079358,CE COLLECCHIO,1541.0,91.4,7.8,0.8
2022,RIO DE JANEIRO,33079358,CE COLLECCHIO,1574.0,65.4,17.9,16.7
2023,RIO DE JANEIRO,33079358,CE COLLECCHIO,1302.0,71.0,22.1,6.9
2024,RIO DE JANEIRO,33079358,CE COLLECCHIO,1373.0,67.5,17.6,14.9
2025,RIO DE JANEIRO,33079358,CE COLLECCHIO,1197.0,85.4,9.9,4.7
2015,RIO DE JANEIRO,33079366,CE JORGE ZARUR,413.0,76.6,17.7,5.7
2016,RIO DE JANEIRO,33079366,CE JORGE ZARUR,209.0,65.7,24.3,10.0
2017,RIO DE JANEIRO,33079366,CE JORGE ZARUR,244.0,63.2,30.8,6.0
2018,RIO DE JANEIRO,33079366,CE JORGE ZARUR,263.0,80.4,16.8,2.8
2019,RIO DE JANEIRO,33079366,CE JORGE ZARUR,377.0,83.5,15.3,1.2
2020,RIO DE JANEIRO,33079366,CE JORGE ZARUR,466.0,98.9,1.1,0.0
2021,RIO DE JANEIRO,33079366,CE JORGE ZARUR,607.0,95.9,0.0,4.1
2022,RIO DE JANEIRO,33079366,CE JORGE ZARUR,601.0,87.3,12.7,0.0
2023,RIO DE JANEIRO,33079366,CE JORGE ZARUR,660.0,85.1,14.8,0.1
2024,RIO DE JANEIRO,33079366,CE JORGE ZARUR,705.0,76.3,22.5,1.2
2025,RIO DE JANEIRO,33079366,CE JORGE ZARUR,660.0,94.6,5.4,0.0
2015,RIO DE JANEIRO,33079374,CE LEOPOLDINA DA SILVEIRA,1472.0,80.1,17.3,2.6
2016,RIO DE JANEIRO,33079374,CE LEOPOLDINA DA SILVEIRA,1485.0,70.9,28.4,0.7
2017,RIO DE JANEIRO,33079374,CE LEOPOLDINA DA SILVEIRA,1585.0,76.2,19.5,4.3
2018,RIO DE JANEIRO,33079374,CE LEOPOLDINA DA SILVEIRA,1494.0,76.8,20.3,2.9
2019,RIO DE JANEIRO,33079374,CE LEOPOLDINA DA SILVEIRA,1502.0,78.4,21.6,0.0
2020,RIO DE JANEIRO,33079374,CE LEOPOLDINA DA SILVEIRA,1666.0,97.2,2.7,0.1
2021,RIO DE JANEIRO,33079374,CE LEOPOLDINA DA SILVEIRA,1611.0,89.6,9.8,0.6
2022,RIO DE JANEIRO,33079374,CE LEOPOLDINA DA SILVEIRA,1569.0,79.8,10.2,10.0
2023,RIO DE JANEIRO,33079374,CE LEOPOLDINA DA SILVEIRA,1381.0,84.2,9.2,6.6
2024,RIO DE JANEIRO,33079374,CE LEOPOLDINA DA SILVEIRA,1421.0,83.2,10.6,6.2
2025,RIO DE JANEIRO,33079374,CE LEOPOLDINA DA SILVEIRA,1429.0,94.4,1.6,4.0
2015,RIO DE JANEIRO,33079382,CE NICARAGUA,449.0,82.6,8.3,9.1
2016,RIO DE JANEIRO,33079382,CE NICARAGUA,482.0,64.6,33.4,2.0
2017,RIO DE JANEIRO,33079382,CE NICARAGUA,390.0,71.9,14.1,14.0
2018,RIO DE JANEIRO,33079382,CE NICARAGUA,393.0,62.3,37.4,0.3
2019,RIO DE JANEIRO,33079382,CE NICARAGUA,446.0,63.1,10.9,26.0
2020,RIO DE JANEIRO,33079382,CE NICARAGUA,369.0,100.0,0.0,0.0
2021,RIO DE JANEIRO,33079382,CE NICARAGUA,343.0,63.4,30.9,5.7
2022,RIO DE JANEIRO,33079382,CE NICARAGUA,279.0,65.7,15.5,18.8
2023,RIO DE JANEIRO,33079382,CE NICARAGUA,213.0,68.7,15.2,16.1
2024,RIO DE JANEIRO,33079382,CE NICARAGUA,198.0,72.1,16.3,11.6
2025,RIO DE JANEIRO,33079382,CE NICARAGUA,150.0,85.4,3.3,11.3
2015,RIO DE JANEIRO,33079390,CE PROFESSOR DALTRO SANTOS,759.0,77.4,16.1,6.5
2016,RIO DE JANEIRO,33079390,CE PROFESSOR DALTRO SANTOS,838.0,78.3,12.6,9.1
2017,RIO DE JANEIRO,33079390,CE PROFESSOR DALTRO SANTOS,719.0,79.2,18.0,2.8
2018,RIO DE JANEIRO,33079390,CE PROFESSOR DALTRO SANTOS,632.0,64.2,30.8,5.0
2019,RIO DE JANEIRO,33079390,CE PROFESSOR DALTRO SANTOS,673.0,63.4,21.8,14.8
2020,RIO DE JANEIRO,33079390,CE PROFESSOR DALTRO SANTOS,550.0,83.4,16.6,0.0
2021,RIO DE JANEIRO,33079390,CE PROFESSOR DALTRO SANTOS,536.0,81.6,6.3,12.1
2022,RIO DE JANEIRO,33079390,CE PROFESSOR DALTRO SANTOS,372.0,63.5,27.5,9.0
2023,RIO DE JANEIRO,33079390,CE PROFESSOR DALTRO SANTOS,320.0,57.4,33.3,9.3
2024,RIO DE JANEIRO,33079390,CE PROFESSOR DALTRO SANTOS,233.0,61.8,33.6,4.6
2025,RIO DE JANEIRO,33079390,CE PROFESSOR DALTRO SANTOS,200.0,77.8,1.0,21.2
2015,RIO DE JANEIRO,33079404,CE REPUBLICA DE MOCAMBIQUE,113.0,67.2,7.8,25.0
2016,RIO DE JANEIRO,33079404,CE REPUBLICA DE MOCAMBIQUE,96.0,72.6,25.3,2.1
2017,RIO DE JANEIRO,33079404,CE REPUBLICA DE MOCAMBIQUE,108.0,78.5,15.9,5.6
2018,RIO DE JANEIRO,33079404,CE REPUBLICA DE MOCAMBIQUE,124.0,60.5,29.0,10.5
2019,RIO DE JANEIRO,33079404,CE REPUBLICA DE MOCAMBIQUE,147.0,64.7,15.4,19.9
2020,RIO DE JANEIRO,33079404,CE REPUBLICA DE MOCAMBIQUE,175.0,91.4,7.5,1.1
2021,RIO DE JANEIRO,33079404,CE REPUBLICA DE MOCAMBIQUE,192.0,78.5,16.2,5.3
2022,RIO DE JANEIRO,33079404,CE REPUBLICA DE MOCAMBIQUE,162.0,64.1,15.0,20.9
2023,RIO DE JANEIRO,33079404,CE REPUBLICA DE MOCAMBIQUE,152.0,70.1,21.0,8.9
2024,RIO DE JANEIRO,33079404,CE REPUBLICA DE MOCAMBIQUE,163.0,72.3,11.9,15.8
2025,RIO DE JANEIRO,33079404,CE REPUBLICA DE MOCAMBIQUE,125.0,90.6,3.9,5.5
2024,RIO DE JANEIRO,33079668,CE BARONESA DE SAAVEDRA,19.0,65.0,20.0,15.0
2025,RIO DE JANEIRO,33079668,CE BARONESA DE SAAVEDRA,40.0,95.0,5.0,0.0
2015,RIO DE JANEIRO,33079706,CE DALVA DE OLIVEIRA,174.0,80.7,8.3,11.0
2016,RIO DE JANEIRO,33079706,CE DALVA DE OLIVEIRA,206.0,63.8,10.6,25.6
2017,RIO DE JANEIRO,33079706,CE DALVA DE OLIVEIRA,141.0,57.7,32.8,9.5
2018,RIO DE JANEIRO,33079706,CE DALVA DE OLIVEIRA,172.0,60.2,29.2,10.6
2019,RIO DE JANEIRO,33079706,CE DALVA DE OLIVEIRA,214.0,75.9,13.2,10.9
2020,RIO DE JANEIRO,33079706,CE DALVA DE OLIVEIRA,259.0,69.6,30.0,0.4
2021,RIO DE JANEIRO,33079706,CE DALVA DE OLIVEIRA,224.0,94.8,4.8,0.4
2022,RIO DE JANEIRO,33079706,CE DALVA DE OLIVEIRA,265.0,67.9,2.7,29.4
2023,RIO DE JANEIRO,33079706,CE DALVA DE OLIVEIRA,242.0,61.0,22.4,16.6
2024,RIO DE JANEIRO,33079706,CE DALVA DE OLIVEIRA,210.0,74.6,8.5,16.9
2025,RIO DE JANEIRO,33079706,CE DALVA DE OLIVEIRA,176.0,88.1,1.7,10.2
2015,RIO DE JANEIRO,33079714,CE ENGENHEIRO JOAO THOME,291.0,72.0,7.3,20.7
2016,RIO DE JANEIRO,33079714,CE ENGENHEIRO JOAO THOME,243.0,73.0,11.1,15.9
2017,RIO DE JANEIRO,33079714,CE ENGENHEIRO JOAO THOME,257.0,84.3,6.9,8.8
2018,RIO DE JANEIRO,33079714,CE ENGENHEIRO JOAO THOME,316.0,78.5,7.6,13.9
2019,RIO DE JANEIRO,33079714,CE ENGENHEIRO JOAO THOME,302.0,79.0,6.1,14.9
2020,RIO DE JANEIRO,33079714,CE ENGENHEIRO JOAO THOME,305.0,65.7,33.7,0.6
2021,RIO DE JANEIRO,33079714,CE ENGENHEIRO JOAO THOME,256.0,89.1,7.0,3.9
2022,RIO DE JANEIRO,33079714,CE ENGENHEIRO JOAO THOME,241.0,76.6,22.1,1.3
2023,RIO DE JANEIRO,33079714,CE ENGENHEIRO JOAO THOME,155.0,84.8,4.4,10.8
2024,RIO DE JANEIRO,33079714,CE ENGENHEIRO JOAO THOME,153.0,79.6,12.6,7.8
2025,RIO DE JANEIRO,33079714,CE ENGENHEIRO JOAO THOME,156.0,98.0,0.7,1.3
2015,RIO DE JANEIRO,33079757,CE JACQUES RAIMUNDO,164.0,67.3,11.9,20.8
2016,RIO DE JANEIRO,33079757,CE JACQUES RAIMUNDO,152.0,49.3,34.7,16.0
2017,RIO DE JANEIRO,33079757,CE JACQUES RAIMUNDO,101.0,76.5,6.9,16.6
2018,RIO DE JANEIRO,33079757,CE JACQUES RAIMUNDO,46.0,80.0,11.1,8.9
2015,RIO DE JANEIRO,33079790,CE MARECHAL ALCIDES ETCHEGOYEN,131.0,69.8,13.2,17.0
2016,RIO DE JANEIRO,33079790,CE MARECHAL ALCIDES ETCHEGOYEN,139.0,63.8,27.0,9.2
2017,RIO DE JANEIRO,33079790,CE MARECHAL ALCIDES ETCHEGOYEN,76.0,94.8,2.6,2.6
2018,RIO DE JANEIRO,33079790,CE MARECHAL ALCIDES ETCHEGOYEN,47.0,82.2,4.4,13.4
2015,RIO DE JANEIRO,33079803,CE MARIETA CUNHA DA SILVA,528.0,69.0,30.8,0.2
2016,RIO DE JANEIRO,33079803,CE MARIETA CUNHA DA SILVA,493.0,56.1,42.8,1.1
2017,RIO DE JANEIRO,33079803,CE MARIETA CUNHA DA SILVA,525.0,62.6,28.0,9.4
2018,RIO DE JANEIRO,33079803,CE MARIETA CUNHA DA SILVA,659.0,54.1,41.1,4.8
2019,RIO DE JANEIRO,33079803,CE MARIETA CUNHA DA SILVA,544.0,68.8,22.7,8.5
2020,RIO DE JANEIRO,33079803,CE MARIETA CUNHA DA SILVA,581.0,85.4,14.6,0.0
2021,RIO DE JANEIRO,33079803,CE MARIETA CUNHA DA SILVA,618.0,100.0,0.0,0.0
2022,RIO DE JANEIRO,33079803,CE MARIETA CUNHA DA SILVA,587.0,74.4,25.0,0.6
2023,RIO DE JANEIRO,33079803,CE MARIETA CUNHA DA SILVA,474.0,77.9,21.9,0.2
2024,RIO DE JANEIRO,33079803,CE MARIETA CUNHA DA SILVA,491.0,71.8,27.5,0.7
2025,RIO DE JANEIRO,33079803,CE MARIETA CUNHA DA SILVA,529.0,92.9,5.4,1.7
2015,RIO DE JANEIRO,33079811,CE MILTON CAMPOS,108.0,66.1,33.9,0.0
2016,RIO DE JANEIRO,33079811,CE MILTON CAMPOS,137.0,56.8,19.7,23.5
2017,RIO DE JANEIRO,33079811,CE MILTON CAMPOS,141.0,77.6,16.4,6.0
2018,RIO DE JANEIRO,33079811,CE MILTON CAMPOS,171.0,78.3,9.6,12.1
2019,RIO DE JANEIRO,33079811,CE MILTON CAMPOS,145.0,88.8,11.2,0.0
2020,RIO DE JANEIRO,33079811,CE MILTON CAMPOS,144.0,92.3,7.7,0.0
2021,RIO DE JANEIRO,33079811,CE MILTON CAMPOS,116.0,93.6,0.8,5.6
2022,RIO DE JANEIRO,33079811,CE MILTON CAMPOS,96.0,87.7,6.2,6.1
2023,RIO DE JANEIRO,33079811,CE MILTON CAMPOS,84.0,77.5,22.5,0.0
2024,RIO DE JANEIRO,33079811,CE MILTON CAMPOS,76.0,80.7,19.3,0.0
2025,RIO DE JANEIRO,33079811,CE MILTON CAMPOS,72.0,98.6,0.0,1.4
2015,RIO DE JANEIRO,33079820,CE MOACYR PADILHA,185.0,73.5,6.5,20.0
2016,RIO DE JANEIRO,33079820,CE MOACYR PADILHA,216.0,77.0,5.5,17.5
2017,RIO DE JANEIRO,33079820,CE MOACYR PADILHA,251.0,80.0,15.6,4.4
2018,RIO DE JANEIRO,33079820,CE MOACYR PADILHA,294.0,77.8,10.2,12.0
2019,RIO DE JANEIRO,33079820,CE MOACYR PADILHA,301.0,73.9,7.2,18.9
2020,RIO DE JANEIRO,33079820,CE MOACYR PADILHA,306.0,94.4,5.6,0.0
2021,RIO DE JANEIRO,33079820,CE MOACYR PADILHA,263.0,95.8,4.2,0.0
2022,RIO DE JANEIRO,33079820,CE MOACYR PADILHA,233.0,81.5,6.0,12.5
2023,RIO DE JANEIRO,33079820,CE MOACYR PADILHA,192.0,70.7,18.3,11.0
2024,RIO DE JANEIRO,33079820,CE MOACYR PADILHA,185.0,75.4,11.5,13.1
2025,RIO DE JANEIRO,33079820,CE MOACYR PADILHA,137.0,84.0,3.1,12.9
2015,RIO DE JANEIRO,33079846,CE NACOES UNIDAS,199.0,68.5,16.8,14.7
2016,RIO DE JANEIRO,33079846,CE NACOES UNIDAS,228.0,54.2,27.3,18.5
2017,RIO DE JANEIRO,33079846,CE NACOES UNIDAS,95.0,76.8,16.8,6.4
2018,RIO DE JANEIRO,33079846,CE NACOES UNIDAS,43.0,83.3,0.0,16.7
2015,RIO DE JANEIRO,33079900,CE RAMIZ GALVAO,176.0,67.0,22.0,11.0
2016,RIO DE JANEIRO,33079900,CE RAMIZ GALVAO,179.0,64.8,30.2,5.0
2017,RIO DE JANEIRO,33079900,CE RAMIZ GALVAO,183.0,71.3,13.8,14.9
2018,RIO DE JANEIRO,33079900,CE RAMIZ GALVAO,212.0,65.4,20.0,14.6
2019,RIO DE JANEIRO,33079900,CE RAMIZ GALVAO,201.0,71.4,14.1,14.5
2020,RIO DE JANEIRO,33079900,CE RAMIZ GALVAO,224.0,95.1,4.9,0.0
2021,RIO DE JANEIRO,33079900,CE RAMIZ GALVAO,190.0,92.1,3.0,4.9
2022,RIO DE JANEIRO,33079900,CE RAMIZ GALVAO,187.0,75.0,10.9,14.1
2023,RIO DE JANEIRO,33079900,CE RAMIZ GALVAO,176.0,75.7,11.3,13.0
2024,RIO DE JANEIRO,33079900,CE RAMIZ GALVAO,169.0,70.9,20.9,8.2
2025,RIO DE JANEIRO,33079900,CE RAMIZ GALVAO,159.0,93.3,2.4,4.3
2015,RIO DE JANEIRO,33079943,CE JOAO SALIM MIGUEL,517.0,81.9,17.7,0.4
2016,RIO DE JANEIRO,33079943,CE JOAO SALIM MIGUEL,562.0,74.5,11.6,13.9
2017,RIO DE JANEIRO,33079943,CE JOAO SALIM MIGUEL,477.0,85.4,11.9,2.7
2018,RIO DE JANEIRO,33079943,CE JOAO SALIM MIGUEL,583.0,79.5,19.0,1.5
2019,RIO DE JANEIRO,33079943,CE JOAO SALIM MIGUEL,627.0,80.2,18.3,1.5
2020,RIO DE JANEIRO,33079943,CE JOAO SALIM MIGUEL,617.0,99.3,0.7,0.0
2021,RIO DE JANEIRO,33079943,CE JOAO SALIM MIGUEL,635.0,98.6,1.0,0.4
2022,RIO DE JANEIRO,33079943,CE JOAO SALIM MIGUEL,650.0,89.8,10.1,0.1
2023,RIO DE JANEIRO,33079943,CE JOAO SALIM MIGUEL,645.0,93.3,6.4,0.3
2024,RIO DE JANEIRO,33079943,CE JOAO SALIM MIGUEL,643.0,92.9,7.1,0.0
2025,RIO DE JANEIRO,33079943,CE JOAO SALIM MIGUEL,627.0,98.1,1.9,0.0
2015,RIO DE JANEIRO,33081743,CIE MIECIMO DA SILVA,524.0,98.4,1.2,0.4
2016,RIO DE JANEIRO,33081743,CIE MIECIMO DA SILVA,515.0,95.1,4.9,0.0
2017,RIO DE JANEIRO,33081743,CIE MIECIMO DA SILVA,510.0,97.8,2.2,0.0
2018,RIO DE JANEIRO,33081743,CIE MIECIMO DA SILVA,489.0,97.3,2.5,0.2
2019,RIO DE JANEIRO,33081743,CIE MIECIMO DA SILVA,476.0,95.0,5.0,0.0
2020,RIO DE JANEIRO,33081743,CIE MIECIMO DA SILVA,476.0,99.8,0.0,0.2
2021,RIO DE JANEIRO,33081743,CIE MIECIMO DA SILVA,519.0,96.7,2.7,0.6
2022,RIO DE JANEIRO,33081743,CIE MIECIMO DA SILVA,488.0,95.9,4.1,0.0
2023,RIO DE JANEIRO,33081743,CIE MIECIMO DA SILVA,449.0,94.3,5.7,0.0
2024,RIO DE JANEIRO,33081743,CIE MIECIMO DA SILVA,470.0,95.1,4.9,0.0
2025,RIO DE JANEIRO,33081743,CIE MIECIMO DA SILVA,442.0,98.2,1.6,0.2
2015,RIO DE JANEIRO,33082022,CE FRANCISCO CALDEIRA DE ALVARENGA,394.0,74.1,25.3,0.6
2016,RIO DE JANEIRO,33082022,CE FRANCISCO CALDEIRA DE ALVARENGA,330.0,72.0,24.7,3.3
2017,RIO DE JANEIRO,33082022,CE FRANCISCO CALDEIRA DE ALVARENGA,444.0,63.5,31.5,5.0
2018,RIO DE JANEIRO,33082022,CE FRANCISCO CALDEIRA DE ALVARENGA,549.0,55.5,13.2,31.3
2019,RIO DE JANEIRO,33082022,CE FRANCISCO CALDEIRA DE ALVARENGA,887.0,57.4,16.4,26.2
2020,RIO DE JANEIRO,33082022,CE FRANCISCO CALDEIRA DE ALVARENGA,1124.0,96.8,1.9,1.3
2021,RIO DE JANEIRO,33082022,CE FRANCISCO CALDEIRA DE ALVARENGA,1255.0,93.5,5.4,1.1
2022,RIO DE JANEIRO,33082022,CE FRANCISCO CALDEIRA DE ALVARENGA,1188.0,77.5,2.5,20.0
2023,RIO DE JANEIRO,33082022,CE FRANCISCO CALDEIRA DE ALVARENGA,1007.0,72.6,16.6,10.8
2024,RIO DE JANEIRO,33082022,CE FRANCISCO CALDEIRA DE ALVARENGA,956.0,74.4,10.7,14.9
2025,RIO DE JANEIRO,33082022,CE FRANCISCO CALDEIRA DE ALVARENGA,937.0,99.0,1.0,0.0
2015,RIO DE JANEIRO,33082030,CE FREIRE ALLEMAO,123.0,75.0,15.3,9.7
2016,RIO DE JANEIRO,33082030,CE FREIRE ALLEMAO,135.0,56.2,16.8,27.0
2017,RIO DE JANEIRO,33082030,CE FREIRE ALLEMAO,114.0,69.0,21.2,9.8
2018,RIO DE JANEIRO,33082030,CE FREIRE ALLEMAO,108.0,75.8,5.3,18.9
2019,RIO DE JANEIRO,33082030,CE FREIRE ALLEMAO,106.0,72.6,12.3,15.1
2020,RIO DE JANEIRO,33082030,CE FREIRE ALLEMAO,82.0,90.2,8.5,1.3
2021,RIO DE JANEIRO,33082030,CE FREIRE ALLEMAO,109.0,87.2,12.8,0.0
2022,RIO DE JANEIRO,33082030,CE FREIRE ALLEMAO,84.0,73.0,0.0,27.0
2023,RIO DE JANEIRO,33082030,CE FREIRE ALLEMAO,63.0,69.4,4.8,25.8
2024,RIO DE JANEIRO,33082030,CE FREIRE ALLEMAO,79.0,76.0,8.0,16.0
2025,RIO DE JANEIRO,33082030,CE FREIRE ALLEMAO,87.0,96.2,1.3,2.5
2015,RIO DE JANEIRO,33082049,CE PROFESSOR FERNANDO ANTONIO RAJA GABAGLIA,1484.0,83.5,13.3,3.2
2016,RIO DE JANEIRO,33082049,CE PROFESSOR FERNANDO ANTONIO RAJA GABAGLIA,1339.0,81.3,12.3,6.4
2017,RIO DE JANEIRO,33082049,CE PROFESSOR FERNANDO ANTONIO RAJA GABAGLIA,1726.0,75.5,19.7,4.8
2018,RIO DE JANEIRO,33082049,CE PROFESSOR FERNANDO ANTONIO RAJA GABAGLIA,1675.0,80.7,16.0,3.3
2019,RIO DE JANEIRO,33082049,CE PROFESSOR FERNANDO ANTONIO RAJA GABAGLIA,1781.0,76.3,17.9,5.8
2020,RIO DE JANEIRO,33082049,CE PROFESSOR FERNANDO ANTONIO RAJA GABAGLIA,1766.0,92.5,7.2,0.3
2021,RIO DE JANEIRO,33082049,CE PROFESSOR FERNANDO ANTONIO RAJA GABAGLIA,1563.0,97.8,0.1,2.1
2022,RIO DE JANEIRO,33082049,CE PROFESSOR FERNANDO ANTONIO RAJA GABAGLIA,1516.0,83.0,11.1,5.9
2023,RIO DE JANEIRO,33082049,CE PROFESSOR FERNANDO ANTONIO RAJA GABAGLIA,1410.0,86.8,13.0,0.2
2024,RIO DE JANEIRO,33082049,CE PROFESSOR FERNANDO ANTONIO RAJA GABAGLIA,1314.0,90.0,8.6,1.4
2025,RIO DE JANEIRO,33082049,CE PROFESSOR FERNANDO ANTONIO RAJA GABAGLIA,1164.0,97.1,1.6,1.3
2015,RIO DE JANEIRO,33082057,CE PROFESSOR DINAMERICO PEREIRA POMBO,58.0,70.2,14.0,15.8
2016,RIO DE JANEIRO,33082057,CE PROFESSOR DINAMERICO PEREIRA POMBO,43.0,68.3,4.9,26.8
2017,RIO DE JANEIRO,33082057,CE PROFESSOR DINAMERICO PEREIRA POMBO,40.0,67.5,17.5,15.0
2018,RIO DE JANEIRO,33082057,CE PROFESSOR DINAMERICO PEREIRA POMBO,13.0,78.6,14.3,7.1
2015,RIO DE JANEIRO,33082065,CE PROFESSOR FELIPE DOS SANTOS REIS,165.0,74.6,15.3,10.1
2016,RIO DE JANEIRO,33082065,CE PROFESSOR FELIPE DOS SANTOS REIS,201.0,48.8,26.4,24.8
2017,RIO DE JANEIRO,33082065,CE PROFESSOR FELIPE DOS SANTOS REIS,113.0,86.9,1.9,11.2
2018,RIO DE JANEIRO,33082065,CE PROFESSOR FELIPE DOS SANTOS REIS,54.0,83.3,1.7,15.0
2015,RIO DE JANEIRO,33082073,CE PROFESSOR IVAN VILLON,125.0,69.5,8.6,21.9
2016,RIO DE JANEIRO,33082073,CE PROFESSOR IVAN VILLON,153.0,58.6,25.5,15.9
2017,RIO DE JANEIRO,33082073,CE PROFESSOR IVAN VILLON,103.0,72.3,0.0,27.7
2018,RIO DE JANEIRO,33082073,CE PROFESSOR IVAN VILLON,49.0,83.7,0.0,16.3
2015,RIO DE JANEIRO,33082146,CE DOUTOR ALBERT SABIN,2032.0,79.4,18.9,1.7
2016,RIO DE JANEIRO,33082146,CE DOUTOR ALBERT SABIN,1815.0,78.5,16.4,5.1
2017,RIO DE JANEIRO,33082146,CE DOUTOR ALBERT SABIN,2250.0,72.3,24.9,2.8
2018,RIO DE JANEIRO,33082146,CE DOUTOR ALBERT SABIN,2153.0,79.5,17.4,3.1
2019,RIO DE JANEIRO,33082146,CE DOUTOR ALBERT SABIN,1986.0,71.0,22.6,6.4
2020,RIO DE JANEIRO,33082146,CE DOUTOR ALBERT SABIN,1992.0,89.9,10.1,0.0
2021,RIO DE JANEIRO,33082146,CE DOUTOR ALBERT SABIN,1741.0,94.9,2.5,2.6
2022,RIO DE JANEIRO,33082146,CE DOUTOR ALBERT SABIN,1777.0,74.2,21.8,4.0
2023,RIO DE JANEIRO,33082146,CE DOUTOR ALBERT SABIN,1615.0,74.0,25.8,0.2
2024,RIO DE JANEIRO,33082146,CE DOUTOR ALBERT SABIN,1660.0,83.7,13.6,2.7
2025,RIO DE JANEIRO,33082146,CE DOUTOR ALBERT SABIN,1534.0,94.6,5.1,0.3
2015,RIO DE JANEIRO,33082227,CE ALMIRANTE FRONTIN,105.0,74.3,20.2,5.5
2016,RIO DE JANEIRO,33082227,CE ALMIRANTE FRONTIN,124.0,61.7,13.3,25.0
2017,RIO DE JANEIRO,33082227,CE ALMIRANTE FRONTIN,102.0,80.2,7.2,12.6
2018,RIO DE JANEIRO,33082227,CE ALMIRANTE FRONTIN,106.0,80.9,13.9,5.2
2019,RIO DE JANEIRO,33082227,CE ALMIRANTE FRONTIN,104.0,78.0,3.0,19.0
2020,RIO DE JANEIRO,33082227,CE ALMIRANTE FRONTIN,109.0,92.6,7.4,0.0
2021,RIO DE JANEIRO,33082227,CE ALMIRANTE FRONTIN,79.0,98.7,0.0,1.3
2022,RIO DE JANEIRO,33082227,CE ALMIRANTE FRONTIN,73.0,67.5,15.0,17.5
2023,RIO DE JANEIRO,33082227,CE ALMIRANTE FRONTIN,83.0,67.5,18.8,13.7
2024,RIO DE JANEIRO,33082227,CE ALMIRANTE FRONTIN,81.0,67.5,13.3,19.2
2025,RIO DE JANEIRO,33082227,CE ALMIRANTE FRONTIN,85.0,72.0,0.0,28.0
2015,RIO DE JANEIRO,33082235,CE AMAZONAS,442.0,70.1,16.1,13.8
2016,RIO DE JANEIRO,33082235,CE AMAZONAS,627.0,66.6,30.7,2.7
2017,RIO DE JANEIRO,33082235,CE AMAZONAS,641.0,74.0,19.4,6.6
2018,RIO DE JANEIRO,33082235,CE AMAZONAS,623.0,74.2,25.0,0.8
2019,RIO DE JANEIRO,33082235,CE AMAZONAS,639.0,72.5,20.5,7.0
2020,RIO DE JANEIRO,33082235,CE AMAZONAS,710.0,96.0,3.9,0.1
2021,RIO DE JANEIRO,33082235,CE AMAZONAS,662.0,92.2,5.0,2.8
2022,RIO DE JANEIRO,33082235,CE AMAZONAS,635.0,80.8,14.8,4.4
2023,RIO DE JANEIRO,33082235,CE AMAZONAS,531.0,80.6,16.1,3.3
2024,RIO DE JANEIRO,33082235,CE AMAZONAS,575.0,82.0,12.7,5.3
2025,RIO DE JANEIRO,33082235,CE AMAZONAS,584.0,92.0,3.5,4.5
2015,RIO DE JANEIRO,33082286,CE GEORGE WASHINGTON,146.0,88.4,4.5,7.1
2016,RIO DE JANEIRO,33082286,CE GEORGE WASHINGTON,187.0,66.8,5.9,27.3
2017,RIO DE JANEIRO,33082286,CE GEORGE WASHINGTON,174.0,85.2,8.3,6.5
2018,RIO DE JANEIRO,33082286,CE GEORGE WASHINGTON,187.0,83.2,5.8,11.0
2019,RIO DE JANEIRO,33082286,CE GEORGE WASHINGTON,195.0,83.2,4.2,12.6
2020,RIO DE JANEIRO,33082286,CE GEORGE WASHINGTON,160.0,97.5,2.5,0.0
2021,RIO DE JANEIRO,33082286,CE GEORGE WASHINGTON,143.0,94.1,2.0,3.9
2022,RIO DE JANEIRO,33082286,CE GEORGE WASHINGTON,93.0,89.5,3.8,6.7
2023,RIO DE JANEIRO,33082286,CE GEORGE WASHINGTON,87.0,89.8,2.3,7.9
2024,RIO DE JANEIRO,33082286,CE GEORGE WASHINGTON,82.0,81.3,11.3,7.4
2025,RIO DE JANEIRO,33082286,CE GEORGE WASHINGTON,48.0,96.2,0.0,3.8
2015,RIO DE JANEIRO,33082316,CE JOAO PROENCA,350.0,67.5,17.9,14.6
2016,RIO DE JANEIRO,33082316,CE JOAO PROENCA,416.0,54.0,19.4,26.6
2017,RIO DE JANEIRO,33082316,CE JOAO PROENCA,347.0,72.9,14.0,13.1
2018,RIO DE JANEIRO,33082316,CE JOAO PROENCA,423.0,59.5,20.8,19.7
2019,RIO DE JANEIRO,33082316,CE JOAO PROENCA,414.0,65.3,20.9,13.8
2020,RIO DE JANEIRO,33082316,CE JOAO PROENCA,405.0,80.0,20.0,0.0
2021,RIO DE JANEIRO,33082316,CE JOAO PROENCA,388.0,67.3,24.3,8.4
2022,RIO DE JANEIRO,33082316,CE JOAO PROENCA,352.0,54.6,23.4,22.0
2023,RIO DE JANEIRO,33082316,CE JOAO PROENCA,267.0,46.7,23.2,30.1
2024,RIO DE JANEIRO,33082316,CE JOAO PROENCA,266.0,38.8,55.8,5.4
2025,RIO DE JANEIRO,33082316,CE JOAO PROENCA,202.0,75.9,15.6,8.5
2015,RIO DE JANEIRO,33082332,CE PRESIDENTE ANTONIO CARLOS,298.0,45.9,42.0,12.1
2016,RIO DE JANEIRO,33082332,CE PRESIDENTE ANTONIO CARLOS,245.0,42.2,36.3,21.5
2017,RIO DE JANEIRO,33082332,CE PRESIDENTE ANTONIO CARLOS,231.0,62.9,19.7,17.4
2018,RIO DE JANEIRO,33082332,CE PRESIDENTE ANTONIO CARLOS,258.0,64.4,20.3,15.3
2019,RIO DE JANEIRO,33082332,CE PRESIDENTE ANTONIO CARLOS,315.0,64.1,12.8,23.1
2020,RIO DE JANEIRO,33082332,CE PRESIDENTE ANTONIO CARLOS,375.0,99.5,0.0,0.5
2021,RIO DE JANEIRO,33082332,CE PRESIDENTE ANTONIO CARLOS,275.0,72.3,12.2,15.5
2022,RIO DE JANEIRO,33082332,CE PRESIDENTE ANTONIO CARLOS,256.0,66.4,27.0,6.6
2023,RIO DE JANEIRO,33082332,CE PRESIDENTE ANTONIO CARLOS,221.0,59.1,14.3,26.6
2024,RIO DE JANEIRO,33082332,CE PRESIDENTE ANTONIO CARLOS,222.0,57.1,5.2,37.7
2025,RIO DE JANEIRO,33082332,CE PRESIDENTE ANTONIO CARLOS,211.0,74.5,0.9,24.6
2015,RIO DE JANEIRO,33082359,CE PROFESSOR JUREMA PECANHA GIRAUD,196.0,54.5,25.5,20.0
2016,RIO DE JANEIRO,33082359,CE PROFESSOR JUREMA PECANHA GIRAUD,188.0,49.2,32.6,18.2
2017,RIO DE JANEIRO,33082359,CE PROFESSORA JUREMA PECANHA GIRAUD,256.0,57.6,19.2,23.2
2018,RIO DE JANEIRO,33082359,CE PROFESSORA JUREMA PECANHA GIRAUD,271.0,63.9,29.8,6.3
2019,RIO DE JANEIRO,33082359,CE PROFESSORA JUREMA PECANHA GIRAUD,326.0,65.6,23.2,11.2
2020,RIO DE JANEIRO,33082359,CE PROFESSORA JUREMA PECANHA GIRAUD,318.0,96.8,2.9,0.3
2021,RIO DE JANEIRO,33082359,CE PROFESSORA JUREMA PECANHA GIRAUD,255.0,99.3,0.0,0.7
2022,RIO DE JANEIRO,33082359,CE PROFESSORA JUREMA PECANHA GIRAUD,265.0,45.1,52.7,2.2
2023,RIO DE JANEIRO,33082359,CE PROFESSORA JUREMA PECANHA GIRAUD,201.0,52.4,47.6,0.0
2024,RIO DE JANEIRO,33082359,CE JUREMA PECANHA GIRAUD,220.0,55.6,43.2,1.2
2025,RIO DE JANEIRO,33082359,CE JUREMA PECANHA GIRAUD,219.0,85.8,0.0,14.2
2015,RIO DE JANEIRO,33082375,CE RAINHA VITORIA,218.0,74.3,15.0,10.7
2016,RIO DE JANEIRO,33082375,CE RAINHA VITORIA,208.0,46.6,42.0,11.4
2017,RIO DE JANEIRO,33082375,CE RAINHA VITORIA,199.0,63.3,26.1,10.6
2018,RIO DE JANEIRO,33082375,CE RAINHA VITORIA,194.0,64.4,19.8,15.8
2019,RIO DE JANEIRO,33082375,CE RAINHA VITORIA,194.0,51.9,44.8,3.3
2020,RIO DE JANEIRO,33082375,CE RAINHA VITORIA,201.0,75.0,22.4,2.6
2021,RIO DE JANEIRO,33082375,CE RAINHA VITORIA,154.0,69.9,30.1,0.0
2022,RIO DE JANEIRO,33082375,CE RAINHA VITORIA,111.0,56.5,18.5,25.0
2023,RIO DE JANEIRO,33082375,CE RAINHA VITORIA,98.0,77.3,5.7,17.0
2024,RIO DE JANEIRO,33082375,CE RAINHA VITORIA,91.0,73.1,17.2,9.7
2025,RIO DE JANEIRO,33082375,CE RAINHA VITORIA,57.0,78.6,7.1,14.3
2015,RIO DE JANEIRO,33082421,CE VENEZUELA,274.0,57.4,41.1,1.5
2015,RIO DE JANEIRO,33082430,CE PROFESSOR VIEIRA FAZENDA,178.0,70.4,26.8,2.8
2016,RIO DE JANEIRO,33082430,CE PROFESSOR VIEIRA FAZENDA,173.0,63.3,18.3,18.4
2017,RIO DE JANEIRO,33082430,CE PROFESSOR VIEIRA FAZENDA,157.0,73.2,11.8,15.0
2018,RIO DE JANEIRO,33082430,CE PROFESSOR VIEIRA FAZENDA,179.0,68.0,23.3,8.7
2019,RIO DE JANEIRO,33082430,CE PROFESSOR VIEIRA FAZENDA,223.0,64.1,12.1,23.8
2020,RIO DE JANEIRO,33082430,CE PROFESSOR VIEIRA FAZENDA,208.0,79.7,20.3,0.0
2021,RIO DE JANEIRO,33082430,CE PROFESSOR VIEIRA FAZENDA,206.0,84.8,12.3,2.9
2022,RIO DE JANEIRO,33082430,CE PROFESSOR VIEIRA FAZENDA,190.0,75.4,12.3,12.3
2023,RIO DE JANEIRO,33082430,CE PROFESSOR VIEIRA FAZENDA,178.0,78.9,11.7,9.4
2024,RIO DE JANEIRO,33082430,CE PROFESSOR VIEIRA FAZENDA,186.0,79.4,10.0,10.6
2025,RIO DE JANEIRO,33082430,CE PROFESSOR VIEIRA FAZENDA,166.0,94.5,0.0,5.5
2015,RIO DE JANEIRO,33083592,IE SARAH KUBITSCHEK,2159.0,88.2,11.1,0.7
2016,RIO DE JANEIRO,33083592,IE SARAH KUBITSCHEK,2019.0,85.1,14.0,0.9
2017,RIO DE JANEIRO,33083592,IE SARAH KUBITSCHEK,2409.0,90.8,8.1,1.1
2018,RIO DE JANEIRO,33083592,IE SARAH KUBITSCHEK,2409.0,86.8,11.8,1.4
2019,RIO DE JANEIRO,33083592,IE SARAH KUBITSCHEK,2397.0,86.2,9.9,3.9
2020,RIO DE JANEIRO,33083592,IE SARAH KUBITSCHEK,2805.0,96.3,3.3,0.4
2021,RIO DE JANEIRO,33083592,IE SARAH KUBITSCHEK,2640.0,96.8,3.0,0.2
2022,RIO DE JANEIRO,33083592,IE SARAH KUBITSCHEK,2697.0,82.8,13.6,3.6
2023,RIO DE JANEIRO,33083592,IE SARAH KUBITSCHEK,2330.0,88.9,10.3,0.8
2024,RIO DE JANEIRO,33083592,IE SARAH KUBITSCHEK,2319.0,88.8,11.2,0.0
2025,RIO DE JANEIRO,33083592,IE SARAH KUBITSCHEK,2285.0,97.7,2.1,0.2
2015,RIO DE JANEIRO,33084238,CE BARAO DO RIO BRANCO,1732.0,78.5,17.8,3.7
2016,RIO DE JANEIRO,33084238,CE BARAO DO RIO BRANCO,1798.0,71.3,16.4,12.3
2017,RIO DE JANEIRO,33084238,CE BARAO DO RIO BRANCO,1792.0,74.5,24.3,1.2
2018,RIO DE JANEIRO,33084238,CE BARAO DO RIO BRANCO,1930.0,79.9,15.3,4.8
2019,RIO DE JANEIRO,33084238,CE BARAO DO RIO BRANCO,2041.0,77.6,12.2,10.2
2020,RIO DE JANEIRO,33084238,CE BARAO DO RIO BRANCO,2142.0,99.2,0.8,0.0
2021,RIO DE JANEIRO,33084238,CE BARAO DO RIO BRANCO,2153.0,97.8,1.2,1.0
2022,RIO DE JANEIRO,33084238,CE BARAO DO RIO BRANCO,1973.0,77.6,15.9,6.5
2023,RIO DE JANEIRO,33084238,CE BARAO DO RIO BRANCO,1887.0,81.4,14.2,4.4
2024,RIO DE JANEIRO,33084238,CE BARAO DO RIO BRANCO,1768.0,84.5,11.3,4.2
2025,RIO DE JANEIRO,33084238,CE BARAO DO RIO BRANCO,1841.0,95.0,0.9,4.1
2015,RIO DE JANEIRO,33084459,CE PESTALOZZI,535.0,80.2,16.9,2.9
2016,RIO DE JANEIRO,33084459,CE PESTALOZZI,569.0,58.7,34.4,6.9
2017,RIO DE JANEIRO,33084459,CE PESTALOZZI,539.0,68.5,30.1,1.4
2018,RIO DE JANEIRO,33084459,CE PESTALOZZI,505.0,68.3,28.8,2.9
2019,RIO DE JANEIRO,33084459,CE PESTALOZZI,525.0,71.4,19.3,9.3
2020,RIO DE JANEIRO,33084459,CE PESTALOZZI,534.0,59.1,40.5,0.4
2021,RIO DE JANEIRO,33084459,CE PESTALOZZI,441.0,91.0,8.8,0.2
2022,RIO DE JANEIRO,33084459,CE PESTALOZZI,509.0,71.0,22.2,6.8
2023,RIO DE JANEIRO,33084459,CE PESTALOZZI,462.0,71.1,28.6,0.3
2024,RIO DE JANEIRO,33084459,CE PESTALOZZI,416.0,73.0,24.7,2.3
2025,RIO DE JANEIRO,33084459,CE PESTALOZZI,386.0,92.8,6.3,0.9
2015,RIO DE JANEIRO,33085463,CE ANITA GARIBALDI,244.0,66.0,23.6,10.4
2016,RIO DE JANEIRO,33085463,CE ANITA GARIBALDI,258.0,65.3,16.4,18.3
2017,RIO DE JANEIRO,33085463,CE ANITA GARIBALDI,272.0,74.7,16.0,9.3
2018,RIO DE JANEIRO,33085463,CE ANITA GARIBALDI,321.0,78.1,12.4,9.5
2019,RIO DE JANEIRO,33085463,CE ANITA GARIBALDI,345.0,72.2,11.2,16.6
2020,RIO DE JANEIRO,33085463,CE ANITA GARIBALDI,318.0,84.0,11.3,4.7
2021,RIO DE JANEIRO,33085463,CE ANITA GARIBALDI,258.0,89.9,1.1,9.0
2022,RIO DE JANEIRO,33085463,CE ANITA GARIBALDI,342.0,78.7,9.2,12.1
2023,RIO DE JANEIRO,33085463,CE ANITA GARIBALDI,296.0,64.7,27.0,8.3
2024,RIO DE JANEIRO,33085463,CE ANITA GARIBALDI,294.0,78.1,15.2,6.7
2025,RIO DE JANEIRO,33085463,CE ANITA GARIBALDI,290.0,82.8,2.4,14.8
2015,RIO DE JANEIRO,33085480,CE LEONEL AZEVEDO,196.0,55.3,27.4,17.3
2016,RIO DE JANEIRO,33085480,CE LEONEL AZEVEDO,220.0,41.0,51.2,7.8
2017,RIO DE JANEIRO,33085480,CE LEONEL AZEVEDO,151.0,73.5,26.5,0.0
2018,RIO DE JANEIRO,33085480,CE LEONEL AZEVEDO,156.0,63.4,17.4,19.2
2019,RIO DE JANEIRO,33085480,CE LEONEL AZEVEDO,158.0,61.4,20.9,17.7
2020,RIO DE JANEIRO,33085480,CE LEONEL AZEVEDO,179.0,99.4,0.0,0.6
2021,RIO DE JANEIRO,33085480,CE LEONEL AZEVEDO,162.0,68.5,31.5,0.0
2022,RIO DE JANEIRO,33085480,CE LEONEL AZEVEDO,199.0,48.6,47.2,4.2
2023,RIO DE JANEIRO,33085480,CE LEONEL AZEVEDO,182.0,55.1,44.9,0.0
2024,RIO DE JANEIRO,33085480,CE LEONEL AZEVEDO,253.0,48.8,26.8,24.4
2025,RIO DE JANEIRO,33085480,CE LEONEL AZEVEDO,249.0,75.9,3.4,20.7
2015,RIO DE JANEIRO,33085498,CE PREFEITO MENDES DE MORAES,2050.0,77.0,13.0,10.0
2016,RIO DE JANEIRO,33085498,CE PREFEITO MENDES DE MORAES,2149.0,69.5,28.9,1.6
2017,RIO DE JANEIRO,33085498,CE PREFEITO MENDES DE MORAES,1959.0,71.8,27.8,0.4
2018,RIO DE JANEIRO,33085498,CE PREFEITO MENDES DE MORAES,1928.0,62.0,37.7,0.3
2019,RIO DE JANEIRO,33085498,CE PREFEITO MENDES DE MORAES,1960.0,63.1,27.1,9.8
2020,RIO DE JANEIRO,33085498,CE PREFEITO MENDES DE MORAES,2190.0,91.8,8.0,0.2
2021,RIO DE JANEIRO,33085498,CE PREFEITO MENDES DE MORAES,2015.0,95.9,1.0,3.1
2022,RIO DE JANEIRO,33085498,CE PREFEITO MENDES DE MORAES,2062.0,65.7,27.2,7.1
2023,RIO DE JANEIRO,33085498,CE PREFEITO MENDES DE MORAES,1683.0,64.0,32.0,4.0
2024,RIO DE JANEIRO,33085498,CE PREFEITO MENDES DE MORAES,1409.0,68.2,30.3,1.5
2025,RIO DE JANEIRO,33085498,CE PREFEITO MENDES DE MORAES,1357.0,78.5,21.5,0.0
2015,RIO DE JANEIRO,33085765,CE DUNSHEE DE ABRANCHES,217.0,79.3,11.1,9.6
2016,RIO DE JANEIRO,33085765,CE DUNSHEE DE ABRANCHES,242.0,70.7,17.8,11.5
2017,RIO DE JANEIRO,33085765,CE DUNSHEE DE ABRANCHES,226.0,78.8,9.7,11.5
2018,RIO DE JANEIRO,33085765,CE DUNSHEE DE ABRANCHES,222.0,78.7,20.8,0.5
2019,RIO DE JANEIRO,33085765,CE DUNSHEE DE ABRANCHES,262.0,71.7,10.2,18.1
2020,RIO DE JANEIRO,33085765,CE DUNSHEE DE ABRANCHES,282.0,91.1,8.9,0.0
2021,RIO DE JANEIRO,33085765,CE DUNSHEE DE ABRANCHES,267.0,90.0,8.1,1.9
2022,RIO DE JANEIRO,33085765,CE DUNSHEE DE ABRANCHES,262.0,62.0,11.7,26.3
2023,RIO DE JANEIRO,33085765,CE DUNSHEE DE ABRANCHES,195.0,89.4,7.2,3.4
2024,RIO DE JANEIRO,33085765,CE DUNSHEE DE ABRANCHES,215.0,70.6,8.9,20.5
2025,RIO DE JANEIRO,33085765,CE DUNSHEE DE ABRANCHES,182.0,87.3,12.7,0.0
2015,RIO DE JANEIRO,33085838,CE ROTARY,165.0,68.3,22.0,9.7
2016,RIO DE JANEIRO,33085838,CE ROTARY,128.0,56.2,22.3,21.5
2017,RIO DE JANEIRO,33085838,CE ROTARY,121.0,51.7,44.9,3.4
2018,RIO DE JANEIRO,33085838,CE ROTARY,117.0,58.1,17.1,24.8
2019,RIO DE JANEIRO,33085838,CE ROTARY,120.0,43.3,25.8,30.9
2020,RIO DE JANEIRO,33085838,CE ROTARY,83.0,100.0,0.0,0.0
2021,RIO DE JANEIRO,33085838,CE ROTARY,83.0,79.3,20.7,0.0
2022,RIO DE JANEIRO,33085838,CE ROTARY,56.0,53.4,17.2,29.4
2023,RIO DE JANEIRO,33085838,CE ROTARY,52.0,59.6,21.2,19.2
2024,RIO DE JANEIRO,33085838,CE ROTARY,64.0,54.5,45.5,0.0
2025,RIO DE JANEIRO,33085838,CE ROTARY,44.0,100.0,0.0,0.0
2015,RIO DE JANEIRO,33086427,CE AUGUSTO RUSCHI,57.0,86.9,1.6,11.5
2016,RIO DE JANEIRO,33086427,CE AUGUSTO RUSCHI,89.0,82.1,7.1,10.8
2017,RIO DE JANEIRO,33086427,CE AUGUSTO RUSCHI,68.0,78.9,17.5,3.6
2018,RIO DE JANEIRO,33086427,CE AUGUSTO RUSCHI,50.0,85.7,12.2,2.1
2019,RIO DE JANEIRO,33086427,CE AUGUSTO RUSCHI,59.0,77.6,17.2,5.2
2020,RIO DE JANEIRO,33086427,CE AUGUSTO RUSCHI,59.0,86.4,5.1,8.5
2021,RIO DE JANEIRO,33086427,CE AUGUSTO RUSCHI,43.0,95.6,0.0,4.4
2022,RIO DE JANEIRO,33086427,CE AUGUSTO RUSCHI,40.0,89.5,5.3,5.2
2023,RIO DE JANEIRO,33086427,CE AUGUSTO RUSCHI,47.0,73.1,26.9,0.0
2024,RIO DE JANEIRO,33086427,CE AUGUSTO RUSCHI,48.0,72.9,22.9,4.2
2025,RIO DE JANEIRO,33086427,CE AUGUSTO RUSCHI,50.0,90.2,5.9,3.9
2015,RIO DE JANEIRO,33086540,CE ACARI,137.0,57.9,25.0,17.1
2016,RIO DE JANEIRO,33086540,CE ACARI,159.0,46.8,46.8,6.4
2017,RIO DE JANEIRO,33086540,CE ACARI,135.0,62.9,33.6,3.5
2018,RIO DE JANEIRO,33086540,CE ACARI,125.0,62.8,17.8,19.4
2019,RIO DE JANEIRO,33086540,CE ACARI,109.0,49.1,33.3,17.6
2020,RIO DE JANEIRO,33086540,CE ACARI,110.0,68.2,30.9,0.9
2021,RIO DE JANEIRO,33086540,CE ACARI,72.0,65.4,33.3,1.3
2022,RIO DE JANEIRO,33086540,CE ACARI,79.0,65.1,10.5,24.4
2023,RIO DE JANEIRO,33086540,CE ACARI,72.0,54.1,21.6,24.3
2024,RIO DE JANEIRO,33086540,CE ACARI,85.0,61.6,20.9,17.5
2025,RIO DE JANEIRO,33086540,CE ACARI,82.0,82.4,0.0,17.6
2015,RIO DE JANEIRO,33086567,CE GRACILIANO RAMOS,123.0,71.0,28.2,0.8
2016,RIO DE JANEIRO,33086567,CE GRACILIANO RAMOS,131.0,46.6,53.4,0.0
2017,RIO DE JANEIRO,33086567,CE GRACILIANO RAMOS,120.0,51.2,38.8,10.0
2018,RIO DE JANEIRO,33086567,CE GRACILIANO RAMOS,111.0,51.8,38.6,9.6
2019,RIO DE JANEIRO,33086567,CE GRACILIANO RAMOS,93.0,38.7,26.9,34.4
2020,RIO DE JANEIRO,33086567,CE GRACILIANO RAMOS,85.0,100.0,0.0,0.0
2021,RIO DE JANEIRO,33086567,CE GRACILIANO RAMOS,76.0,86.7,12.0,1.3
2022,RIO DE JANEIRO,33086567,CE GRACILIANO RAMOS,64.0,73.4,3.1,23.5
2023,RIO DE JANEIRO,33086567,CE GRACILIANO RAMOS,46.0,68.8,25.0,6.2
2024,RIO DE JANEIRO,33086567,CE GRACILIANO RAMOS,43.0,73.3,2.2,24.5
2025,RIO DE JANEIRO,33086567,CE GRACILIANO RAMOS,33.0,83.3,0.0,16.7
2015,RIO DE JANEIRO,33086575,CE GUADALUPE,110.0,63.2,20.8,16.0
2016,RIO DE JANEIRO,33086575,CE GUADALUPE,80.0,45.1,19.5,35.4
2017,RIO DE JANEIRO,33086575,CE GUADALUPE,103.0,56.3,29.1,14.6
2018,RIO DE JANEIRO,33086575,CE GUADALUPE,82.0,54.3,35.8,9.9
2019,RIO DE JANEIRO,33086575,CE GUADALUPE,92.0,53.8,31.9,14.3
2020,RIO DE JANEIRO,33086575,CE GUADALUPE,111.0,70.3,29.7,0.0
2021,RIO DE JANEIRO,33086575,CE GUADALUPE,78.0,79.5,16.7,3.8
2022,RIO DE JANEIRO,33086575,CE GUADALUPE,79.0,58.8,7.5,33.7
2023,RIO DE JANEIRO,33086575,CE GUADALUPE,68.0,50.7,26.0,23.3
2024,RIO DE JANEIRO,33086575,CE GUADALUPE,71.0,72.6,11.0,16.4
2025,RIO DE JANEIRO,33086575,CE GUADALUPE,64.0,87.0,5.8,7.2
2015,RIO DE JANEIRO,33086583,CE MARECHAL JOAO BAPTISTA DE MATTOS,1734.0,73.4,22.3,4.3
2016,RIO DE JANEIRO,33086583,CE MARECHAL JOAO BAPTISTA DE MATTOS,2039.0,45.1,30.7,24.2
2017,RIO DE JANEIRO,33086583,CE MARECHAL JOAO BAPTISTA DE MATTOS,1679.0,59.8,35.4,4.8
2018,RIO DE JANEIRO,33086583,CE MARECHAL JOAO BAPTISTA DE MATTOS,1673.0,59.7,37.2,3.1
2019,RIO DE JANEIRO,33086583,CE MARECHAL JOAO BAPTISTA DE MATTOS,1682.0,62.4,32.7,4.9
2020,RIO DE JANEIRO,33086583,CE MARECHAL JOAO BAPTISTA DE MATTOS,1726.0,92.6,7.4,0.0
2021,RIO DE JANEIRO,33086583,CE MARECHAL JOAO BAPTISTA DE MATTOS,1758.0,81.9,14.8,3.3
2022,RIO DE JANEIRO,33086583,CE MARECHAL JOAO BAPTISTA DE MATTOS,1820.0,61.2,31.5,7.3
2023,RIO DE JANEIRO,33086583,CE MARECHAL JOAO BAPTISTA DE MATTOS,1822.0,63.4,32.1,4.5
2024,RIO DE JANEIRO,33086583,CE MARECHAL JOAO BAPTISTA DE MATTOS,1683.0,68.6,25.5,5.9
2025,RIO DE JANEIRO,33086583,CE MARECHAL JOAO BAPTISTA DE MATTOS,1805.0,74.0,22.0,4.0
2015,RIO DE JANEIRO,33086591,CE PROFESSOR JOEL DE OLIVEIRA,602.0,85.7,11.4,2.9
2016,RIO DE JANEIRO,33086591,CE PROFESSOR JOEL DE OLIVEIRA,467.0,73.7,13.9,12.4
2017,RIO DE JANEIRO,33086591,CE PROFESSOR JOEL DE OLIVEIRA,463.0,76.1,20.4,3.5
2018,RIO DE JANEIRO,33086591,CE PROFESSOR JOEL DE OLIVEIRA,447.0,71.4,24.9,3.7
2019,RIO DE JANEIRO,33086591,CE PROFESSOR JOEL DE OLIVEIRA,564.0,67.6,31.8,0.6
2020,RIO DE JANEIRO,33086591,CE PROFESSOR JOEL DE OLIVEIRA,713.0,67.4,32.6,0.0
2021,RIO DE JANEIRO,33086591,CE PROFESSOR JOEL DE OLIVEIRA,608.0,95.0,4.9,0.1
2022,RIO DE JANEIRO,33086591,CE PROFESSOR JOEL DE OLIVEIRA,681.0,68.8,31.2,0.0
2023,RIO DE JANEIRO,33086591,CE PROFESSOR JOEL DE OLIVEIRA,626.0,78.2,21.8,0.0
2024,RIO DE JANEIRO,33086591,CE PROFESSOR JOEL DE OLIVEIRA,644.0,80.1,19.9,0.0
2025,RIO DE JANEIRO,33086591,CE PROFESSOR JOEL DE OLIVEIRA,644.0,93.9,5.2,0.9
2015,RIO DE JANEIRO,33086605,CE PROFESSOR MANOEL MAURICIO DE ALBUQUERQUE,765.0,63.7,31.1,5.2
2016,RIO DE JANEIRO,33086605,CE PROFESSOR MANOEL MAURICIO DE ALBUQUERQUE,810.0,55.0,31.4,13.6
2017,RIO DE JANEIRO,33086605,CE PROFESSOR MANOEL MAURICIO DE ALBUQUERQUE,634.0,65.6,27.0,7.4
2018,RIO DE JANEIRO,33086605,CE PROFESSOR MANOEL MAURICIO DE ALBUQUERQUE,573.0,56.3,30.2,13.5
2019,RIO DE JANEIRO,33086605,CE PROFESSOR MANOEL MAURICIO DE ALBUQUERQUE,548.0,63.9,25.1,11.0
2020,RIO DE JANEIRO,33086605,CE PROFESSOR MANUEL MAURICIO DE ALBUQUERQUE,586.0,92.0,8.0,0.0
2021,RIO DE JANEIRO,33086605,CE PROFESSOR MANUEL MAURICIO DE ALBUQUERQUE,513.0,85.0,13.0,2.0
2022,RIO DE JANEIRO,33086605,CE PROFESSOR MANUEL MAURICIO DE ALBUQUERQUE,558.0,70.1,22.0,7.9
2023,RIO DE JANEIRO,33086605,CE PROFESSOR MANUEL MAURICIO DE ALBUQUERQUE,454.0,78.1,16.0,5.9
2024,RIO DE JANEIRO,33086605,CE PROFESSOR MANUEL MAURICIO DE ALBUQUERQUE,451.0,67.5,13.5,19.0
2025,RIO DE JANEIRO,33086605,CE PROFESSOR MANUEL MAURICIO DE ALBUQUERQUE,460.0,85.8,3.7,10.5
2015,RIO DE JANEIRO,33086613,CE REPUBLICA DE CABO VERDE,279.0,73.9,16.8,9.3
2016,RIO DE JANEIRO,33086613,CE REPUBLICA DE CABO VERDE,290.0,73.2,17.8,9.0
2017,RIO DE JANEIRO,33086613,CE REPUBLICA DE CABO VERDE,254.0,71.2,23.5,5.3
2018,RIO DE JANEIRO,33086613,CE REPUBLICA DE CABO VERDE,244.0,62.5,29.3,8.2
2019,RIO DE JANEIRO,33086613,CE REPUBLICA DE CABO VERDE,216.0,57.3,16.4,26.3
2020,RIO DE JANEIRO,33086613,CE REPUBLICA DE CABO VERDE,167.0,79.5,19.9,0.6
2021,RIO DE JANEIRO,33086613,CE PROFESSORA ELIANE MARTINS DANTAS BRASIL ALEMANHA,191.0,89.1,0.0,10.9
2022,RIO DE JANEIRO,33086613,CE PROFESSORA ELIANE MARTINS DANTAS BRASIL ALEMANHA,207.0,87.6,11.4,1.0
2023,RIO DE JANEIRO,33086613,CE PROFESSORA ELIANE MARTINS DANTAS BRASIL ALEMANHA,252.0,97.0,2.5,0.5
2024,RIO DE JANEIRO,33086613,CE PROFESSORA ELIANE MARTINS DANTAS BRASIL ALEMANHA,240.0,94.1,5.9,0.0
2025,RIO DE JANEIRO,33086613,CE PROFESSORA ELIANE MARTINS DANTAS BRASIL ALEMANHA,289.0,99.3,0.4,0.3
2015,RIO DE JANEIRO,33086729,CE BELGICA,340.0,65.8,14.0,20.2
2016,RIO DE JANEIRO,33086729,CE BELGICA,330.0,54.7,27.0,18.3
2017,RIO DE JANEIRO,33086729,CE BELGICA,268.0,63.6,20.4,16.0
2018,RIO DE JANEIRO,33086729,CE BELGICA,303.0,65.0,17.7,17.3
2019,RIO DE JANEIRO,33086729,CE BELGICA,307.0,70.5,14.1,15.4
2020,RIO DE JANEIRO,33086729,CE BELGICA,330.0,62.8,0.0,37.2
2021,RIO DE JANEIRO,33086729,CE BELGICA,226.0,86.6,11.6,1.8
2022,RIO DE JANEIRO,33086729,CE BELGICA,363.0,64.1,15.8,20.1
2023,RIO DE JANEIRO,33086729,CE BELGICA,306.0,73.5,13.5,13.0
2024,RIO DE JANEIRO,33086729,CE BELGICA,359.0,70.5,19.5,10.0
2025,RIO DE JANEIRO,33086729,CE BELGICA,307.0,81.9,4.1,14.0
2015,RIO DE JANEIRO,33086737,CE COELHO NETO,173.0,75.7,14.7,9.6
2016,RIO DE JANEIRO,33086737,CE COELHO NETO,169.0,50.6,22.6,26.8
2017,RIO DE JANEIRO,33086737,CE COELHO NETO,133.0,64.8,19.2,16.0
2018,RIO DE JANEIRO,33086737,CE COELHO NETO,127.0,70.8,20.0,9.2
2019,RIO DE JANEIRO,33086737,CE COELHO NETO,162.0,72.1,14.5,13.4
2020,RIO DE JANEIRO,33086737,CE COELHO NETO,215.0,92.0,7.5,0.5
2021,RIO DE JANEIRO,33086737,CE COELHO NETO,155.0,74.8,13.2,12.0
2022,RIO DE JANEIRO,33086737,CE COELHO NETO,183.0,70.8,11.8,17.4
2023,RIO DE JANEIRO,33086737,CE COELHO NETO,181.0,51.3,27.8,20.9
2024,RIO DE JANEIRO,33086737,CE COELHO NETO,165.0,57.3,23.8,18.9
2025,RIO DE JANEIRO,33086737,CE COELHO NETO,95.0,94.6,0.9,4.5
2015,RIO DE JANEIRO,33086796,CE PARAIBA,134.0,71.7,21.7,6.6
2016,RIO DE JANEIRO,33086796,CE PARAIBA,118.0,38.6,46.5,14.9
2017,RIO DE JANEIRO,33086796,CE PARAIBA,126.0,49.2,27.0,23.8
2018,RIO DE JANEIRO,33086796,CE PARAIBA,123.0,52.4,11.1,36.5
2019,RIO DE JANEIRO,33086796,CE PARAIBA,117.0,58.4,16.8,24.8
2020,RIO DE JANEIRO,33086796,CE PARAIBA,145.0,63.4,34.5,2.1
2021,RIO DE JANEIRO,33086796,CE PARAIBA,105.0,99.0,0.0,1.0
2022,RIO DE JANEIRO,33086796,CE PARAIBA,105.0,57.9,18.4,23.7
2023,RIO DE JANEIRO,33086796,CE PARAIBA,88.0,60.2,22.6,17.2
2024,RIO DE JANEIRO,33086796,CE PARAIBA,80.0,50.0,26.2,23.8
2025,RIO DE JANEIRO,33086796,CE PARAIBA,60.0,71.4,28.6,0.0
2015,RIO DE JANEIRO,33087644,CE VICENTE JANNUZZI,2181.0,81.3,15.9,2.8
2016,RIO DE JANEIRO,33087644,CE VICENTE JANNUZZI,2376.0,70.4,19.0,10.6
2017,RIO DE JANEIRO,33087644,CE VICENTE JANNUZZI,2133.0,79.4,14.9,5.7
2018,RIO DE JANEIRO,33087644,CE VICENTE JANNUZZI,2216.0,83.3,16.2,0.5
2019,RIO DE JANEIRO,33087644,CE VICENTE JANNUZZI,2303.0,87.4,7.8,4.8
2020,RIO DE JANEIRO,33087644,CE VICENTE JANNUZZI,2588.0,99.8,0.2,0.0
2021,RIO DE JANEIRO,33087644,CE VICENTE JANNUZZI,2391.0,100.0,0.0,0.0
2022,RIO DE JANEIRO,33087644,CE VICENTE JANNUZZI,2441.0,90.3,6.3,3.4
2023,RIO DE JANEIRO,33087644,CE VICENTE JANNUZZI,2268.0,88.3,6.3,5.4
2024,RIO DE JANEIRO,33087644,CE VICENTE JANNUZZI,2189.0,89.8,5.7,4.5
2025,RIO DE JANEIRO,33087644,CE VICENTE JANNUZZI,2224.0,94.9,1.5,3.6
2015,RIO DE JANEIRO,33087725,CE GILSON AMADO,525.0,73.7,13.7,12.6
2016,RIO DE JANEIRO,33087725,CE GILSON AMADO,562.0,60.3,27.4,12.3
2017,RIO DE JANEIRO,33087725,CE GILSON AMADO,504.0,80.1,19.4,0.5
2018,RIO DE JANEIRO,33087725,CE GILSON AMADO,475.0,67.9,20.5,11.6
2019,RIO DE JANEIRO,33087725,CE GILSON AMADO,482.0,74.7,10.5,14.8
2020,RIO DE JANEIRO,33087725,CE GILSON AMADO,559.0,63.1,35.9,1.0
2021,RIO DE JANEIRO,33087725,CE GILSON AMADO,436.0,81.1,2.3,16.6
2022,RIO DE JANEIRO,33087725,CE GILSON AMADO,487.0,65.7,13.9,20.4
2023,RIO DE JANEIRO,33087725,CE GILSON AMADO,422.0,79.6,13.5,6.9
2024,RIO DE JANEIRO,33087725,CE GILSON AMADO,438.0,76.3,18.4,5.3
2025,RIO DE JANEIRO,33087725,CE GILSON AMADO,416.0,81.0,14.1,4.9
2015,RIO DE JANEIRO,33087733,CE GOLDA MEIR,129.0,79.7,15.4,4.9
2016,RIO DE JANEIRO,33087733,CE GOLDA MEIR,141.0,58.2,19.1,22.7
2017,RIO DE JANEIRO,33087733,CE GOLDA MEIR,137.0,70.2,18.4,11.4
2018,RIO DE JANEIRO,33087733,CE GOLDA MEIR,170.0,56.6,30.8,12.6
2019,RIO DE JANEIRO,33087733,CE GOLDA MEIR,154.0,55.6,27.5,16.9
2020,RIO DE JANEIRO,33087733,CE GOLDA MEIR,219.0,66.4,33.6,0.0
2021,RIO DE JANEIRO,33087733,CE GOLDA MEIR,178.0,79.6,16.8,3.6
2022,RIO DE JANEIRO,33087733,CE GOLDA MEIR,175.0,56.6,16.9,26.5
2023,RIO DE JANEIRO,33087733,CE GOLDA MEIR,146.0,62.2,28.9,8.9
2024,RIO DE JANEIRO,33087733,CE GOLDA MEIR,161.0,74.0,15.6,10.4
2025,RIO DE JANEIRO,33087733,CE GOLDA MEIR,192.0,83.6,3.5,12.9
2015,RIO DE JANEIRO,33087750,CE ALMIRANTE TAMANDARE,206.0,65.2,14.7,20.1
2016,RIO DE JANEIRO,33087750,CE ALMIRANTE TAMANDARE,193.0,44.4,34.4,21.2
2017,RIO DE JANEIRO,33087750,CE ALMIRANTE TAMANDARE,177.0,55.7,21.0,23.3
2018,RIO DE JANEIRO,33087750,CE ALMIRANTE TAMANDARE,199.0,52.8,12.7,34.5
2019,RIO DE JANEIRO,33087750,CE ALMIRANTE TAMANDARE,233.0,54.0,14.6,31.4
2020,RIO DE JANEIRO,33087750,CE ALMIRANTE TAMANDARE,241.0,59.3,40.7,0.0
2021,RIO DE JANEIRO,33087750,CE ALMIRANTE TAMANDARE,173.0,100.0,0.0,0.0
2022,RIO DE JANEIRO,33087750,CE ALMIRANTE TAMANDARE,192.0,61.5,13.8,24.7
2023,RIO DE JANEIRO,33087750,CE ALMIRANTE TAMANDARE,147.0,79.7,9.2,11.1
2024,RIO DE JANEIRO,33087750,CE ALMIRANTE TAMANDARE,130.0,68.8,9.6,21.6
2025,RIO DE JANEIRO,33087750,CE ALMIRANTE TAMANDARE,133.0,67.7,20.0,12.3
2015,RIO DE JANEIRO,33088152,CE JORNALISTA RODOLFO FERNANDES,707.0,70.6,12.1,17.3
2016,RIO DE JANEIRO,33088152,CE JORNALISTA RODOLFO FERNANDES,768.0,59.7,15.5,24.8
2017,RIO DE JANEIRO,33088152,CE JORNALISTA RODOLFO FERNANDES,816.0,68.3,15.1,16.6
2018,RIO DE JANEIRO,33088152,CE JORNALISTA RODOLFO FERNANDES,885.0,63.6,10.8,25.6
2019,RIO DE JANEIRO,33088152,CE JORNALISTA RODOLFO FERNANDES,945.0,63.9,10.3,25.8
2020,RIO DE JANEIRO,33088152,CE JORNALISTA RODOLFO FERNANDES,1001.0,99.6,0.0,0.4
2021,RIO DE JANEIRO,33088152,CE JORNALISTA RODOLFO FERNANDES,1057.0,78.7,0.0,21.3
2022,RIO DE JANEIRO,33088152,CE JORNALISTA RODOLFO FERNANDES,1169.0,61.2,7.0,31.8
2023,RIO DE JANEIRO,33088152,CE JORNALISTA RODOLFO FERNANDES,998.0,67.0,3.6,29.4
2024,RIO DE JANEIRO,33088152,CE JORNALISTA RODOLFO FERNANDES,957.0,65.3,4.7,30.0
2025,RIO DE JANEIRO,33088152,CE JORNALISTA RODOLFO FERNANDES,975.0,71.9,14.5,13.6
2015,RIO DE JANEIRO,33088179,CE MAX FLEIUSS,187.0,71.5,11.9,16.6
2016,RIO DE JANEIRO,33088179,CE MAX FLEIUSS,167.0,77.3,16.5,6.2
2017,RIO DE JANEIRO,33088179,CE MAX FLEIUSS,153.0,81.2,10.4,8.4
2018,RIO DE JANEIRO,33088179,CE MAX FLEIUSS,199.0,68.6,13.4,18.0
2019,RIO DE JANEIRO,33088179,CE MAX FLEIUSS,172.0,68.8,15.3,15.9
2020,RIO DE JANEIRO,33088179,CE MAX FLEIUSS,170.0,100.0,0.0,0.0
2021,RIO DE JANEIRO,33088179,CE MAX FLEIUSS,102.0,83.3,7.4,9.3
2022,RIO DE JANEIRO,33088179,CE MAX FLEIUSS,126.0,70.9,3.7,25.4
2023,RIO DE JANEIRO,33088179,CE MAX FLEIUSS,96.0,78.8,10.6,10.6
2024,RIO DE JANEIRO,33088179,CE MAX FLEIUSS,113.0,71.2,9.0,19.8
2025,RIO DE JANEIRO,33088179,CE MAX FLEIUSS,85.0,80.2,2.3,17.5
2020,RIO DE JANEIRO,33088420,CE DEBORAH MENDES DE MORAES,359.0,85.3,14.2,0.5
2021,RIO DE JANEIRO,33088420,CE DEBORAH MENDES DE MORAES,649.0,93.8,3.8,2.4
2022,RIO DE JANEIRO,33088420,CE DEBORAH MENDES DE MORAES,735.0,84.8,10.6,4.6
2023,RIO DE JANEIRO,33088420,CE DEBORAH MENDES DE MORAES,698.0,91.9,4.4,3.7
2024,RIO DE JANEIRO,33088420,CE DEBORAH MENDES DE MORAES,774.0,90.7,7.3,2.0
2025,RIO DE JANEIRO,33088420,CE DEBORAH MENDES DE MORAES,704.0,96.6,1.6,1.8
2015,SÃO GONÇALO,33088870,CIEP 430 CARLOS MARIGHELLA,95.0,83.3,13.5,3.2
2016,SÃO GONÇALO,33088870,CIEP 430 CARLOS MARIGHELLA,129.0,70.9,23.6,5.5
2017,SÃO GONÇALO,33088870,CIEP 430 CARLOS MARIGHELLA,84.0,77.1,19.3,3.6
2018,SÃO GONÇALO,33088870,CIEP 430 CARLOS MARIGHELLA,121.0,72.9,26.3,0.8
2019,SÃO GONÇALO,33088870,CIEP 430 CARLOS MARIGHELLA,112.0,74.8,4.5,20.7
2020,SÃO GONÇALO,33088870,CIEP 430 CARLOS MARIGHELLA,118.0,94.9,5.1,0.0
2021,SÃO GONÇALO,33088870,CIEP 430 CARLOS MARIGHELLA,104.0,74.0,24.0,2.0
2022,SÃO GONÇALO,33088870,CIEP 430 CARLOS MARIGHELLA,97.0,71.1,16.5,12.4
2023,SÃO GONÇALO,33088870,CIEP 430 CARLOS MARIGHELLA,84.0,74.1,18.5,7.4
2024,SÃO GONÇALO,33088870,CIEP 430 CARLOS MARIGHELLA,83.0,82.1,6.0,11.9
2025,SÃO GONÇALO,33088870,CIEP 430 CARLOS MARIGHELLA,83.0,91.5,0.0,8.5
2015,SÃO GONÇALO,33088896,CIEP 306 DEPUTADO DAVID QUINDERE,212.0,73.4,22.2,4.4
2016,SÃO GONÇALO,33088896,CIEP 306 DEPUTADO DAVID QUINDERE,214.0,77.8,17.9,4.3
2017,SÃO GONÇALO,33088896,CIEP 306 DEPUTADO DAVID QUINDERE,208.0,77.8,18.2,4.0
2018,SÃO GONÇALO,33088896,CIEP 306 DEPUTADO DAVID QUINDERE,207.0,90.9,9.1,0.0
2019,SÃO GONÇALO,33088896,CIEP 306 DEPUTADO DAVID QUINDERE,203.0,88.3,6.9,4.8
2020,SÃO GONÇALO,33088896,CIEP 306 DEPUTADO DAVID QUINDERE,181.0,91.6,8.4,0.0
2021,SÃO GONÇALO,33088896,CIEP 306 DEPUTADO DAVID QUINDERE,180.0,96.6,2.9,0.5
2022,SÃO GONÇALO,33088896,CIEP 306 DEPUTADO DAVID QUINDERE,191.0,76.7,22.1,1.2
2023,SÃO GONÇALO,33088896,CIEP 306 DEPUTADO DAVID QUINDERE,110.0,90.2,9.8,0.0
2024,SÃO GONÇALO,33088896,CIEP 306 DEPUTADO DAVID QUINDERE,84.0,90.1,9.9,0.0
2025,SÃO GONÇALO,33088896,CIEP 306 DEPUTADO DAVID QUINDERE,72.0,95.3,1.6,3.1
2015,SÃO GONÇALO,33088900,CIEP 249 PASTOR WALDEMAR ZARRO,309.0,74.3,21.2,4.5
2016,SÃO GONÇALO,33088900,CIEP 249 PASTOR WALDEMAR ZARRO,276.0,57.8,40.3,1.9
2017,SÃO GONÇALO,33088900,CIEP 249 PASTOR WALDEMAR ZARRO,299.0,64.6,35.4,0.0
2018,SÃO GONÇALO,33088900,CIEP 249 PASTOR WALDEMAR ZARRO,263.0,62.6,30.3,7.1
2019,SÃO GONÇALO,33088900,CIEP 249 PASTOR WALDEMAR ZARRO,277.0,71.8,19.9,8.3
2020,SÃO GONÇALO,33088900,CIEP 249 PASTOR WALDEMAR ZARRO,302.0,88.6,11.4,0.0
2021,SÃO GONÇALO,33088900,CIEP 249 PASTOR WALDEMAR ZARRO,259.0,95.7,3.9,0.4
2022,SÃO GONÇALO,33088900,CIEP 249 PASTOR WALDEMAR ZARRO,326.0,69.4,26.6,4.0
2023,SÃO GONÇALO,33088900,CIEP 249 PASTOR WALDEMAR ZARRO,351.0,65.3,22.2,12.5
2024,SÃO GONÇALO,33088900,CIEP 249 PASTOR WALDEMAR ZARRO,361.0,62.0,19.0,19.0
2025,SÃO GONÇALO,33088900,CIEP 249 PASTOR WALDEMAR ZARRO,332.0,81.2,7.3,11.5
2015,SÃO GONÇALO,33088926,CIEP 240 PROFESSOR HAROLDO TEIXEIRA VALLADAO,50.0,93.8,0.0,6.2
2016,SÃO GONÇALO,33088926,CIEP 240 PROFESSOR HAROLDO TEIXEIRA VALLADAO,76.0,91.5,8.5,0.0
2017,SÃO GONÇALO,33088926,CIEP 240 PROFESSOR HAROLDO TEIXEIRA VALLADAO,83.0,90.1,7.4,2.5
2018,SÃO GONÇALO,33088926,CIEP 240 PROFESSOR HAROLDO TEIXEIRA VALLADAO,83.0,85.9,14.1,0.0
2019,SÃO GONÇALO,33088926,CIEP 240 PROFESSOR HAROLDO TEIXEIRA VALLADAO,98.0,79.2,14.6,6.2
2020,SÃO GONÇALO,33088926,CIEP 240 PROFESSOR HAROLDO TEIXEIRA VALLADAO,99.0,95.9,4.1,0.0
2021,SÃO GONÇALO,33088926,CIEP 240 PROFESSOR HAROLDO TEIXEIRA VALLADAO,79.0,92.5,7.5,0.0
2022,SÃO GONÇALO,33088926,CIEP 240 PROFESSOR HAROLDO TEIXEIRA VALLADAO,86.0,97.6,1.2,1.2
2023,SÃO GONÇALO,33088926,CIEP 240 PROFESSOR HAROLDO TEIXEIRA VALLADAO,84.0,85.0,11.3,3.7
2024,SÃO GONÇALO,33088926,CIEP 240 PROFESSOR HAROLDO TEIXEIRA VALLADAO,73.0,91.2,7.4,1.4
2025,SÃO GONÇALO,33088926,CIEP 240 PROFESSOR HAROLDO TEIXEIRA VALLADAO,82.0,98.6,0.0,1.4
2017,SÃO GONÇALO,33088942,CIEP 248 PROFESSOR TULIO RODRIGUES PERLINGEIRO,39.0,51.4,48.6,0.0
2018,SÃO GONÇALO,33088942,CIEP 248 PROFESSOR TULIO RODRIGUES PERLINGEIRO,44.0,44.4,44.4,11.2
2019,SÃO GONÇALO,33088942,CIEP 248 PROFESSOR TULIO RODRIGUES PERLINGEIRO,77.0,70.7,18.7,10.6
2020,SÃO GONÇALO,33088942,CIEP 248 PROFESSOR TULIO RODRIGUES PERLINGEIRO,104.0,96.9,2.0,1.1
2021,SÃO GONÇALO,33088942,CIEP 248 PROFESSOR TULIO RODRIGUES PERLINGEIRO,156.0,93.5,3.2,3.3
2022,SÃO GONÇALO,33088942,CIEP 248 PROFESSOR TULIO RODRIGUES PERLINGEIRO,172.0,65.9,15.2,18.9
2023,SÃO GONÇALO,33088942,CIEP 248 PROFESSOR TULIO RODRIGUES PERLINGEIRO,136.0,70.8,18.5,10.7
2024,SÃO GONÇALO,33088942,CIEP 248 PROFESSOR TULIO RODRIGUES PERLINGEIRO,140.0,79.7,9.8,10.5
2025,SÃO GONÇALO,33088942,CIEP 248 PROFESSOR TULIO RODRIGUES PERLINGEIRO,105.0,89.0,0.0,11.0
2015,SÃO GONÇALO,33088950,CIEP 052 PROFESSORA ROMANDA GOUVEIA GONCALVES,90.0,74.4,11.6,14.0
2016,SÃO GONÇALO,33088950,CIEP 052 PROFESSORA ROMANDA GOUVEIA GONCALVES,70.0,66.2,14.1,19.7
2017,SÃO GONÇALO,33088950,CIEP 052 PROFESSORA ROMANDA GOUVEIA GONCALVES,89.0,84.9,9.3,5.8
2018,SÃO GONÇALO,33088950,CIEP 052 PROFESSORA ROMANDA GOUVEIA GONCALVES,115.0,71.9,18.4,9.7
2019,SÃO GONÇALO,33088950,CIEP 052 PROFESSORA ROMANDA GOUVEIA GONCALVES,94.0,79.1,9.9,11.0
2020,SÃO GONÇALO,33088950,CIEP 052 PROFESSORA ROMANDA GOUVEIA GONCALVES,97.0,84.5,15.5,0.0
2021,SÃO GONÇALO,33088950,CIEP 052 PROFESSORA ROMANDA GOUVEIA GONCALVES,118.0,81.7,13.9,4.4
2022,SÃO GONÇALO,33088950,CIEP 052 PROFESSORA ROMANDA GOUVEIA GONCALVES,103.0,62.4,21.2,16.4
2023,SÃO GONÇALO,33088950,CIEP 052 PROFESSORA ROMANDA GOUVEIA GONCALVES,80.0,82.9,12.9,4.2
2024,SÃO GONÇALO,33088950,CIEP 052 PROFESSORA ROMANDA GOUVEIA GONCALVES,58.0,88.2,11.8,0.0
2025,SÃO GONÇALO,33088950,CIEP 052 PROFESSORA ROMANDA GOUVEIA GONCALVES,62.0,100.0,0.0,0.0
2015,SÃO GONÇALO,33089043,CE ARMANDO GONCALVES,353.0,66.3,21.1,12.6
2016,SÃO GONÇALO,33089043,CE ARMANDO GONCALVES,236.0,66.4,18.7,14.9
2017,SÃO GONÇALO,33089043,CE ARMANDO GONCALVES,288.0,74.1,16.8,9.1
2018,SÃO GONÇALO,33089043,CE ARMANDO GONCALVES,298.0,73.2,25.8,1.0
2019,SÃO GONÇALO,33089043,CE ARMANDO GONCALVES,319.0,69.6,14.4,16.0
2020,SÃO GONÇALO,33089043,CE ARMANDO GONCALVES,330.0,99.4,0.3,0.3
2021,SÃO GONÇALO,33089043,CE ARMANDO GONCALVES,316.0,83.1,16.9,0.0
2022,SÃO GONÇALO,33089043,CE ARMANDO GONCALVES,337.0,73.1,18.5,8.4
2023,SÃO GONÇALO,33089043,CE ARMANDO GONCALVES,289.0,72.8,16.2,11.0
2024,SÃO GONÇALO,33089043,CE ARMANDO GONCALVES,284.0,78.6,21.4,0.0
2025,SÃO GONÇALO,33089043,CE ARMANDO GONCALVES,240.0,90.0,5.8,4.2
2015,SÃO GONÇALO,33089051,CE DOUTOR ADINO XAVIER,1185.0,83.8,14.9,1.3
2016,SÃO GONÇALO,33089051,CE DOUTOR ADINO XAVIER,1402.0,76.4,14.9,8.7
2017,SÃO GONÇALO,33089051,CE DOUTOR ADINO XAVIER,1328.0,77.2,20.3,2.5
2018,SÃO GONÇALO,33089051,CE DOUTOR ADINO XAVIER,1503.0,82.7,13.4,3.9
2019,SÃO GONÇALO,33089051,CE DOUTOR ADINO XAVIER,1381.0,81.0,13.7,5.3
2020,SÃO GONÇALO,33089051,CE DOUTOR ADINO XAVIER,1405.0,89.6,10.4,0.0
2021,SÃO GONÇALO,33089051,CE DOUTOR ADINO XAVIER,1167.0,92.7,7.1,0.2
2022,SÃO GONÇALO,33089051,CE DOUTOR ADINO XAVIER,1232.0,84.5,10.3,5.2
2023,SÃO GONÇALO,33089051,CE DOUTOR ADINO XAVIER,1174.0,86.1,11.6,2.3
2024,SÃO GONÇALO,33089051,CE DOUTOR ADINO XAVIER,1150.0,84.8,10.5,4.7
2025,SÃO GONÇALO,33089051,CE DOUTOR ADINO XAVIER,1130.0,95.9,3.5,0.6
2015,SÃO GONÇALO,33089060,CE ISMAEL BRANCO,281.0,77.1,19.4,3.5
2016,SÃO GONÇALO,33089060,CE ISMAEL BRANCO,323.0,63.8,15.3,20.9
2017,SÃO GONÇALO,33089060,CE ISMAEL BRANCO,250.0,73.4,24.1,2.5
2018,SÃO GONÇALO,33089060,CE ISMAEL BRANCO,249.0,70.4,28.0,1.6
2019,SÃO GONÇALO,33089060,CE ISMAEL BRANCO,218.0,65.1,17.7,17.2
2020,SÃO GONÇALO,33089060,CE ISMAEL BRANCO,226.0,79.6,20.4,0.0
2021,SÃO GONÇALO,33089060,CE ISMAEL BRANCO,179.0,95.6,3.8,0.6
2022,SÃO GONÇALO,33089060,CE ISMAEL BRANCO,256.0,61.3,27.0,11.7
2023,SÃO GONÇALO,33089060,CE ISMAEL BRANCO,203.0,64.4,35.6,0.0
2024,SÃO GONÇALO,33089060,CE ISMAEL BRANCO,223.0,76.9,14.5,8.6
2025,SÃO GONÇALO,33089060,CE ISMAEL BRANCO,206.0,77.5,14.0,8.5
2015,SÃO GONÇALO,33089086,CE MINISTRO JOSE DE MOURA E SILVA,215.0,75.9,19.3,4.8
2016,SÃO GONÇALO,33089086,CE MINISTRO JOSE DE MOURA E SILVA,248.0,68.6,26.4,5.0
2017,SÃO GONÇALO,33089086,CE MINISTRO JOSE DE MOURA E SILVA,268.0,76.4,15.9,7.7
2018,SÃO GONÇALO,33089086,CE MINISTRO JOSE DE MOURA E SILVA,266.0,82.2,11.1,6.7
2019,SÃO GONÇALO,33089086,CE MINISTRO JOSE DE MOURA E SILVA,286.0,91.0,5.8,3.2
2020,SÃO GONÇALO,33089086,CE MINISTRO JOSE DE MOURA E SILVA,203.0,90.0,10.0,0.0
2021,SÃO GONÇALO,33089086,CE MINISTRO JOSE DE MOURA E SILVA,201.0,83.8,15.7,0.5
2022,SÃO GONÇALO,33089086,CE MINISTRO JOSE DE MOURA E SILVA,203.0,87.1,10.3,2.6
2023,SÃO GONÇALO,33089086,CE MINISTRO JOSE DE MOURA E SILVA,177.0,90.3,7.9,1.8
2024,SÃO GONÇALO,33089086,CE MINISTRO JOSE DE MOURA E SILVA,174.0,84.6,13.0,2.4
2025,SÃO GONÇALO,33089086,CE MINISTRO JOSE DE MOURA E SILVA,165.0,93.0,0.6,6.4
2015,SÃO GONÇALO,33089094,CE NILO PECANHA,1121.0,87.5,10.6,1.9
2016,SÃO GONÇALO,33089094,CE NILO PECANHA,1035.0,88.6,11.4,0.0
2017,SÃO GONÇALO,33089094,CE NILO PECANHA,1033.0,84.0,15.9,0.1
2018,SÃO GONÇALO,33089094,CE NILO PECANHA,1088.0,83.0,16.0,1.0
2019,SÃO GONÇALO,33089094,CE NILO PECANHA,1077.0,86.0,12.7,1.3
2020,SÃO GONÇALO,33089094,CE NILO PECANHA,1057.0,82.7,16.8,0.5
2021,SÃO GONÇALO,33089094,CE NILO PECANHA,845.0,95.6,3.8,0.6
2022,SÃO GONÇALO,33089094,CE NILO PECANHA,923.0,80.7,17.8,1.5
2023,SÃO GONÇALO,33089094,CE NILO PECANHA,837.0,84.2,13.9,1.9
2024,SÃO GONÇALO,33089094,CE NILO PECANHA,817.0,83.2,15.8,1.0
2025,SÃO GONÇALO,33089094,CE NILO PECANHA,813.0,92.8,4.7,2.5
2015,SÃO GONÇALO,33089108,CE PANDIA CALOGERAS,1639.0,73.3,18.2,8.5
2016,SÃO GONÇALO,33089108,CE PANDIA CALOGERAS,1326.0,60.9,14.9,24.2
2017,SÃO GONÇALO,33089108,CE PANDIA CALOGERAS,1186.0,76.4,21.1,2.5
2018,SÃO GONÇALO,33089108,CE PANDIA CALOGERAS,1116.0,73.9,23.7,2.4
2019,SÃO GONÇALO,33089108,CE PANDIA CALOGERAS,1024.0,80.5,19.3,0.2
2020,SÃO GONÇALO,33089108,CE PANDIA CALOGERAS,1094.0,79.3,17.4,3.3
2021,SÃO GONÇALO,33089108,CE PANDIA CALOGERAS,1004.0,96.3,2.6,1.1
2022,SÃO GONÇALO,33089108,CE PANDIA CALOGERAS,1049.0,85.2,12.0,2.8
2023,SÃO GONÇALO,33089108,CE PANDIA CALOGERAS,1056.0,79.4,17.4,3.2
2024,SÃO GONÇALO,33089108,CE PANDIA CALOGERAS,1090.0,81.6,18.4,0.0
2025,SÃO GONÇALO,33089108,CE PANDIA CALOGERAS,1065.0,89.3,9.7,1.0
2015,SÃO GONÇALO,33089124,CE PADRE MANUEL DA NOBREGA,291.0,82.6,15.8,1.6
2016,SÃO GONÇALO,33089124,CE PADRE MANUEL DA NOBREGA,299.0,73.7,15.9,10.4
2017,SÃO GONÇALO,33089124,CE PADRE MANUEL DA NOBREGA,237.0,77.7,19.2,3.1
2018,SÃO GONÇALO,33089124,CE PADRE MANUEL DA NOBREGA,211.0,83.3,6.9,9.8
2019,SÃO GONÇALO,33089124,CE PADRE MANUEL DA NOBREGA,230.0,84.1,6.8,9.1
2020,SÃO GONÇALO,33089124,CE PADRE MANUEL DA NOBREGA,243.0,95.9,3.3,0.8
2021,SÃO GONÇALO,33089124,CE PADRE MANUEL DA NOBREGA,226.0,96.4,3.6,0.0
2022,SÃO GONÇALO,33089124,CE PADRE MANUEL DA NOBREGA,234.0,87.4,9.0,3.6
2023,SÃO GONÇALO,33089124,CE PADRE MANUEL DA NOBREGA,223.0,78.3,16.0,5.7
2024,SÃO GONÇALO,33089124,CE PADRE MANUEL DA NOBREGA,220.0,80.9,12.6,6.5
2025,SÃO GONÇALO,33089124,CE PADRE MANUEL DA NOBREGA,186.0,96.2,1.6,2.2
2015,SÃO GONÇALO,33089388,CE FREDERICO AZEVEDO,449.0,77.7,15.8,6.5
2016,SÃO GONÇALO,33089388,CE FREDERICO AZEVEDO,505.0,78.5,7.9,13.6
2017,SÃO GONÇALO,33089388,CE FREDERICO AZEVEDO,428.0,77.4,17.7,4.9
2018,SÃO GONÇALO,33089388,CE FREDERICO AZEVEDO,371.0,79.8,15.3,4.9
2019,SÃO GONÇALO,33089388,CE FREDERICO AZEVEDO,345.0,68.7,13.6,17.7
2020,SÃO GONÇALO,33089388,CE FREDERICO AZEVEDO,350.0,93.4,6.3,0.3
2021,SÃO GONÇALO,33089388,CE FREDERICO AZEVEDO,388.0,85.7,14.3,0.0
2022,SÃO GONÇALO,33089388,CE FREDERICO AZEVEDO,357.0,68.6,25.4,6.0
2023,SÃO GONÇALO,33089388,CE FREDERICO AZEVEDO,309.0,62.8,28.6,8.6
2024,SÃO GONÇALO,33089388,CE FREDERICO AZEVEDO,338.0,72.3,18.8,8.9
2025,SÃO GONÇALO,33089388,CE FREDERICO AZEVEDO,308.0,91.5,6.5,2.0
2015,SÃO GONÇALO,33089396,CE LAURO CORREA,303.0,56.2,39.1,4.7
2016,SÃO GONÇALO,33089396,CE LAURO CORREA,271.0,45.7,37.7,16.6
2017,SÃO GONÇALO,33089396,CE LAURO CORREA,235.0,54.2,40.7,5.1
2018,SÃO GONÇALO,33089396,CE LAURO CORREA,233.0,60.5,33.9,5.6
2019,SÃO GONÇALO,33089396,CE LAURO CORREA,242.0,68.6,23.6,7.8
2020,SÃO GONÇALO,33089396,CE LAURO CORREA,264.0,85.4,14.6,0.0
2021,SÃO GONÇALO,33089396,CE LAURO CORREA,244.0,89.5,6.7,3.8
2022,SÃO GONÇALO,33089396,CE LAURO CORREA,260.0,78.1,21.9,0.0
2023,SÃO GONÇALO,33089396,CE LAURO CORREA,253.0,80.4,14.9,4.7
2024,SÃO GONÇALO,33089396,CE LAURO CORREA,258.0,76.6,13.9,9.5
2025,SÃO GONÇALO,33089396,CE LAURO CORREA,253.0,93.3,4.6,2.1
2015,SÃO GONÇALO,33089426,CE MONSENHOR BARENCO COELHO,244.0,75.5,22.4,2.1
2016,SÃO GONÇALO,33089426,CE MONSENHOR BARENCO COELHO,293.0,67.2,25.6,7.2
2017,SÃO GONÇALO,33089426,CE MONSENHOR BARENCO COELHO,288.0,68.9,29.3,1.8
2018,SÃO GONÇALO,33089426,CE MONSENHOR BARENCO COELHO,249.0,68.9,26.8,4.3
2019,SÃO GONÇALO,33089426,CE MONSENHOR BARENCO COELHO,226.0,61.4,28.3,10.3
2020,SÃO GONÇALO,33089426,CE MONSENHOR BARENCO COELHO,223.0,83.7,10.4,5.9
2021,SÃO GONÇALO,33089426,CE MONSENHOR BARENCO COELHO,288.0,91.0,9.0,0.0
2022,SÃO GONÇALO,33089426,CE MONSENHOR BARENCO COELHO,311.0,63.8,26.2,10.0
2023,SÃO GONÇALO,33089426,CE MONSENHOR BARENCO COELHO,278.0,65.6,32.3,2.1
2024,SÃO GONÇALO,33089426,CE MONSENHOR BARENCO COELHO,274.0,67.8,23.0,9.2
2025,SÃO GONÇALO,33089426,CE MONSENHOR BARENCO COELHO,244.0,76.5,13.2,10.3
2015,SÃO GONÇALO,33089469,CE PROFESSORA ANTONIETA PALMEIRA,251.0,75.7,24.3,0.0
2016,SÃO GONÇALO,33089469,CE PROFESSORA ANTONIETA PALMEIRA,278.0,68.7,31.3,0.0
2017,SÃO GONÇALO,33089469,CE PROFESSORA ANTONIETA PALMEIRA,227.0,77.0,23.0,0.0
2018,SÃO GONÇALO,33089469,CE PROFESSORA ANTONIETA PALMEIRA,243.0,85.5,14.5,0.0
2019,SÃO GONÇALO,33089469,CE PROFESSORA ANTONIETA PALMEIRA,258.0,81.2,11.8,7.0
2020,SÃO GONÇALO,33089469,CE PROFESSORA ANTONIETA PALMEIRA,298.0,86.8,13.2,0.0
2021,SÃO GONÇALO,33089469,CE PROFESSORA ANTONIETA PALMEIRA,320.0,87.3,12.7,0.0
2022,SÃO GONÇALO,33089469,CE PROFESSORA ANTONIETA PALMEIRA,344.0,86.2,12.9,0.9
2023,SÃO GONÇALO,33089469,CE PROFESSORA ANTONIETA PALMEIRA,374.0,84.5,13.3,2.2
2024,SÃO GONÇALO,33089469,CE PROFESSORA ANTONIETA PALMEIRA,394.0,91.2,6.5,2.3
2025,SÃO GONÇALO,33089469,CE PROFESSORA ANTONIETA PALMEIRA,378.0,94.5,3.7,1.8
2015,SÃO GONÇALO,33089841,IE CLELIA NANCI,1133.0,82.5,17.1,0.4
2016,SÃO GONÇALO,33089841,IE CLELIA NANCI,1123.0,80.5,18.8,0.7
2017,SÃO GONÇALO,33089841,IE CLELIA NANCI,1026.0,78.4,19.9,1.7
2018,SÃO GONÇALO,33089841,IE CLELIA NANCI,984.0,80.0,19.6,0.4
2019,SÃO GONÇALO,33089841,IE CLELIA NANCI,1072.0,77.2,21.5,1.3
2020,SÃO GONÇALO,33089841,IE CLELIA NANCI,1125.0,88.6,11.4,0.0
2021,SÃO GONÇALO,33089841,IE CLELIA NANCI,1073.0,84.4,15.6,0.0
2022,SÃO GONÇALO,33089841,IE CLELIA NANCI,1051.0,87.2,12.8,0.0
2023,SÃO GONÇALO,33089841,IE CLELIA NANCI,969.0,82.2,17.8,0.0
2024,SÃO GONÇALO,33089841,IE CLELIA NANCI,877.0,85.2,14.8,0.0
2025,SÃO GONÇALO,33089841,IE CLELIA NANCI,833.0,96.1,3.9,0.0
2015,SÃO GONÇALO,33090149,CIEP 122 PROFESSOR ERMEZINDA DIONIZIO NECCO,389.0,63.3,30.3,6.4
2016,SÃO GONÇALO,33090149,CIEP 122 PROFESSOR ERMEZINDA DIONIZIO NECCO,402.0,68.5,23.4,8.1
2017,SÃO GONÇALO,33090149,CIEP 122 ERMEZINDA DIONIZIO NECCO,370.0,63.8,30.1,6.1
2018,SÃO GONÇALO,33090149,CIEP 122 ERMEZINDA DIONIZIO NECCO,334.0,73.9,20.8,5.3
2019,SÃO GONÇALO,33090149,CIEP 122 ERMEZINDA DIONIZIO NECCO,322.0,69.5,21.9,8.6
2020,SÃO GONÇALO,33090149,CIEP 122 ERMEZINDA DIONIZIO NECCO,317.0,84.1,15.9,0.0
2021,SÃO GONÇALO,33090149,CIEP 122 ERMEZINDA DIONIZIO NECCO,309.0,92.8,7.2,0.0
2022,SÃO GONÇALO,33090149,CIEP 122 ERMEZINDA DIONISIO NECCO,361.0,69.2,30.8,0.0
2023,SÃO GONÇALO,33090149,CIEP 122 ERMEZINDA DIONISIO NECCO,308.0,73.3,22.4,4.3
2024,SÃO GONÇALO,33090149,CIEP 122 ERMEZINDA DIONISIO NECCO,267.0,73.8,20.4,5.8
2025,SÃO GONÇALO,33090149,CIEP 122 ERMEZINDA DIONISIO NECCO,248.0,82.1,11.8,6.1
2015,SÃO GONÇALO,33090157,CIEP 126 ALMEDORINA AZEREDO,133.0,75.2,9.3,15.5
2016,SÃO GONÇALO,33090157,CIEP 126 ALMEDORINA AZEREDO,121.0,66.7,15.4,17.9
2017,SÃO GONÇALO,33090157,CIEP 126 ALMEDORINA AZEREDO,118.0,77.5,13.5,9.0
2018,SÃO GONÇALO,33090157,CIEP 126 ALMEDORINA AZEREDO,117.0,71.9,11.4,16.7
2019,SÃO GONÇALO,33090157,CIEP 126 ALMEDORINA AZEREDO,82.0,80.5,3.9,15.6
2020,SÃO GONÇALO,33090157,CIEP 126 ALMEDORINA AZEREDO,99.0,63.2,35.8,1.0
2021,SÃO GONÇALO,33090157,CIEP 126 ALMEDORINA AZEREDO,68.0,79.4,19.1,1.5
2022,SÃO GONÇALO,33090157,CIEP 126 ALMEDORINA AZEREDO,69.0,71.8,21.1,7.1
2023,SÃO GONÇALO,33090157,CIEP 126 ALMEDORINA AZEREDO,66.0,85.0,15.0,0.0
2024,SÃO GONÇALO,33090157,CIEP 126 ALMEDORINA AZEREDO,53.0,80.8,15.4,3.8
2025,SÃO GONÇALO,33090157,CIEP 126 ALMEDORINA AZEREDO,48.0,91.3,4.3,4.4
2017,SÃO GONÇALO,33090165,CIEP BRIZOLAO 440 MAJOR JOAQUIM DE AZEREDO COUTINHO,2.0,50.0,0.0,50.0
2018,SÃO GONÇALO,33090165,CIEP 440 MAJOR JOAQUIM DE AZEVEDO COUTINHO,6.0,71.4,0.0,28.6
2019,SÃO GONÇALO,33090165,CIEP 440 MAJOR JOAQUIM DE AZEVEDO COUTINHO,21.0,71.4,9.5,19.1
2020,SÃO GONÇALO,33090165,CIEP 440 MAJOR JOAQUIM DE AZEVEDO COUTINHO,29.0,100.0,0.0,0.0
2021,SÃO GONÇALO,33090165,CIEP 440 MAJOR JOAQUIM DE AZEVEDO COUTINHO,48.0,69.2,30.8,0.0
2022,SÃO GONÇALO,33090165,CIEP 440 MAJOR JOAQUIM DE AZEVEDO COUTINHO,57.0,66.0,0.0,34.0
2023,SÃO GONÇALO,33090165,CIEP 440 MAJOR JOAQUIM DE AZEVEDO COUTINHO,42.0,66.7,12.8,20.5
2024,SÃO GONÇALO,33090165,CIEP 440 MAJOR JOAQUIM DE AZEVEDO COUTINHO,36.0,72.4,13.8,13.8
2025,SÃO GONÇALO,33090165,CIEP 440 MAJOR JOAQUIM DE AZEVEDO COUTINHO,17.0,82.4,0.0,17.6
2015,SÃO GONÇALO,33090173,CIEP 410 PATRICIA GALVAO PAGU,261.0,76.7,18.3,5.0
2016,SÃO GONÇALO,33090173,CIEP 410 PATRICIA GALVAO PAGU,266.0,72.1,21.3,6.6
2017,SÃO GONÇALO,33090173,CIEP 410 PATRICIA GALVAO PAGU,229.0,82.2,17.3,0.5
2018,SÃO GONÇALO,33090173,CIEP 410 PATRICIA GALVAO PAGU,212.0,80.8,17.3,1.9
2019,SÃO GONÇALO,33090173,CIEP 410 PATRICIA GALVAO PAGU,180.0,87.3,8.3,4.4
2020,SÃO GONÇALO,33090173,CIEP 410 PATRICIA GALVAO PAGU,183.0,98.4,1.6,0.0
2021,SÃO GONÇALO,33090173,CIEP 410 PATRICIA GALVAO PAGU,231.0,89.9,7.9,2.2
2022,SÃO GONÇALO,33090173,CIEP 410 PATRICIA GALVAO PAGU,237.0,79.2,13.3,7.5
2023,SÃO GONÇALO,33090173,CIEP 410 PATRICIA GALVAOPAGU,198.0,84.5,11.4,4.1
2024,SÃO GONÇALO,33090173,CIEP 410 PATRICIA GALVAOPAGU,178.0,83.2,14.5,2.3
2025,SÃO GONÇALO,33090173,CIEP 410 PATRICIA GALVAOPAGU,167.0,97.0,1.8,1.2
2015,SÃO GONÇALO,33090246,CE DORVAL FERREIRA DA CUNHA,276.0,83.5,15.8,0.7
2016,SÃO GONÇALO,33090246,CE DORVAL FERREIRA DA CUNHA,247.0,81.3,13.9,4.8
2017,SÃO GONÇALO,33090246,CE DORVAL FERREIRA DA CUNHA,239.0,79.4,17.2,3.4
2018,SÃO GONÇALO,33090246,CE DORVAL FERREIRA DA CUNHA,241.0,78.1,21.0,0.9
2019,SÃO GONÇALO,33090246,CE DORVAL FERREIRA DA CUNHA,259.0,72.0,26.4,1.6
2020,SÃO GONÇALO,33090246,CE DORVAL FERREIRA DA CUNHA,215.0,99.1,0.9,0.0
2021,SÃO GONÇALO,33090246,CE DORVAL FERREIRA DA CUNHA,292.0,98.6,1.4,0.0
2022,SÃO GONÇALO,33090246,CE DORVAL FERREIRA DA CUNHA,304.0,72.5,27.5,0.0
2023,SÃO GONÇALO,33090246,CE DORVAL FERREIRA DA CUNHA,287.0,67.9,30.0,2.1
2024,SÃO GONÇALO,33090246,CE DORVAL FERREIRA DA CUNHA,285.0,76.9,23.1,0.0
2025,SÃO GONÇALO,33090246,CE DORVAL FERREIRA DA CUNHA,251.0,90.0,10.0,0.0
2015,SÃO GONÇALO,33090270,CE AMANDA VELASCO,413.0,78.5,21.5,0.0
2016,SÃO GONÇALO,33090270,CE AMANDA VELASCO,426.0,76.9,9.2,13.9
2017,SÃO GONÇALO,33090270,CE AMANDA VELASCO,367.0,79.2,13.3,7.5
2018,SÃO GONÇALO,33090270,CE AMANDA VELASCO,390.0,76.5,20.2,3.3
2019,SÃO GONÇALO,33090270,CE AMANDA VELASCO,378.0,78.9,19.5,1.6
2020,SÃO GONÇALO,33090270,CE AMANDA VELASCO,414.0,81.9,17.9,0.2
2021,SÃO GONÇALO,33090270,CE AMANDA VELASCO,339.0,90.5,7.1,2.4
2022,SÃO GONÇALO,33090270,CE AMANDA VELASCO,367.0,84.3,7.2,8.5
2023,SÃO GONÇALO,33090270,CE AMANDA VELASCO,416.0,84.4,12.4,3.2
2024,SÃO GONÇALO,33090270,CE AMANDA VELASCO,444.0,81.7,7.8,10.5
2025,SÃO GONÇALO,33090270,CE AMANDA VELASCO,394.0,87.9,1.6,10.5
2015,SÃO GONÇALO,33090300,CE AUGUSTO CEZARIO DIAZ ANDRE,536.0,89.6,10.4,0.0
2016,SÃO GONÇALO,33090300,CE AUGUSTO CEZARIO DIAZ ANDRE,495.0,88.9,11.1,0.0
2017,SÃO GONÇALO,33090300,CE AUGUSTO CEZARIO DIAZ ANDRE,471.0,84.3,14.2,1.5
2018,SÃO GONÇALO,33090300,CE AUGUSTO CEZARIO DIAZ ANDRE,507.0,92.0,7.2,0.8
2019,SÃO GONÇALO,33090300,CE AUGUSTO CEZARIO DIAZ ANDRE,516.0,87.6,8.9,3.5
2020,SÃO GONÇALO,33090300,CE AUGUSTO CEZARIO DIAZ ANDRE,543.0,93.6,6.4,0.0
2021,SÃO GONÇALO,33090300,CE AUGUSTO CEZARIO DIAZ ANDRE,498.0,95.7,2.0,2.3
2022,SÃO GONÇALO,33090300,CE AUGUSTO CEZARIO DIAZ ANDRE,499.0,85.0,9.4,5.6
2023,SÃO GONÇALO,33090300,CE AUGUSTO CEZARIO DIAZ ANDRE,453.0,89.6,6.3,4.1
2024,SÃO GONÇALO,33090300,CE AUGUSTO CEZARIO DIAZ ANDRE,480.0,87.3,7.2,5.5
2025,SÃO GONÇALO,33090300,CE AUGUSTO CEZARIO DIAZ ANDRE,476.0,91.0,4.6,4.4
2015,SÃO GONÇALO,33090327,CE DESEMBARGADOR FERREIRA PINTO,210.0,68.0,23.3,8.7
2016,SÃO GONÇALO,33090327,CE DESEMBARGADOR FERREIRA PINTO,282.0,69.0,19.9,11.1
2017,SÃO GONÇALO,33090327,CE DESEMBARGADOR FERREIRA PINTO,229.0,78.5,20.1,1.4
2018,SÃO GONÇALO,33090327,CE DESEMBARGADOR FERREIRA PINTO,245.0,80.7,18.5,0.8
2019,SÃO GONÇALO,33090327,CE DESEMBARGADOR FERREIRA PINTO,232.0,67.9,29.7,2.4
2020,SÃO GONÇALO,33090327,CE DESEMBARGADOR FERREIRA PINTO,236.0,88.5,11.5,0.0
2021,SÃO GONÇALO,33090327,CE DESEMBARGADOR FERREIRA PINTO,247.0,91.5,5.1,3.4
2022,SÃO GONÇALO,33090327,CE DESEMBARGADOR FERREIRA PINTO,225.0,75.6,15.8,8.6
2023,SÃO GONÇALO,33090327,CE DESEMBARGADOR FERREIRA PINTO,248.0,68.9,23.7,7.4
2024,SÃO GONÇALO,33090327,CE DESEMBARGADOR FERREIRA PINTO,260.0,80.9,14.5,4.6
2025,SÃO GONÇALO,33090327,CE DESEMBARGADOR FERREIRA PINTO,245.0,88.8,7.4,3.8
2015,SÃO GONÇALO,33090343,CE DOUTOR HUMBERTO SOEIRO DE CARVALHO,71.0,76.5,16.2,7.3
2016,SÃO GONÇALO,33090343,CE DOUTOR HUMBERTO SOEIRO DE CARVALHO,108.0,81.6,14.9,3.5
2017,SÃO GONÇALO,33090343,CE DOUTOR HUMBERTO SOEIRO DE CARVALHO,136.0,80.6,10.1,9.3
2018,SÃO GONÇALO,33090343,CE DOUTOR HUMBERTO SOEIRO DE CARVALHO,129.0,82.0,10.2,7.8
2019,SÃO GONÇALO,33090343,CE DOUTOR HUMBERTO SOEIRO DE CARVALHO,123.0,86.7,7.5,5.8
2020,SÃO GONÇALO,33090343,CE DOUTOR HUMBERTO SOEIRO DE CARVALHO,122.0,88.3,11.7,0.0
2021,SÃO GONÇALO,33090343,CE DOUTOR HUMBERTO SOEIRO DE CARVALHO,130.0,88.4,10.9,0.7
2022,SÃO GONÇALO,33090343,CE DOUTOR HUMBERTO SOEIRO DE CARVALHO,137.0,90.2,9.8,0.0
2023,SÃO GONÇALO,33090343,CE DOUTOR HUMBERTO SOEIRO DE CARVALHO,136.0,84.3,13.4,2.3
2024,SÃO GONÇALO,33090343,CE DOUTOR HUMBERTO SOEIRO DE CARVALHO,133.0,78.8,17.4,3.8
2025,SÃO GONÇALO,33090343,CE DOUTOR HUMBERTO SOEIRO DE CARVALHO,131.0,94.4,2.4,3.2
2015,SÃO GONÇALO,33090351,CE DOUTOR RODOLPHO SIQUEIRA,344.0,79.3,14.9,5.8
2016,SÃO GONÇALO,33090351,CE DOUTOR RODOLPHO SIQUEIRA,370.0,77.9,10.1,12.0
2017,SÃO GONÇALO,33090351,CE DOUTOR RODOLPHO SIQUEIRA,330.0,78.2,17.8,4.0
2018,SÃO GONÇALO,33090351,CE DOUTOR RODOLPHO SIQUEIRA,288.0,84.4,11.7,3.9
2019,SÃO GONÇALO,33090351,CE DOUTOR RODOLPHO SIQUEIRA,270.0,92.1,5.3,2.6
2020,SÃO GONÇALO,33090351,CE DOUTOR RODOLPHO SIQUEIRA,259.0,99.6,0.4,0.0
2021,SÃO GONÇALO,33090351,CE DOUTOR RODOLPHO SIQUEIRA,234.0,99.6,0.4,0.0
2022,SÃO GONÇALO,33090351,CE DOUTOR RODOLPHO SIQUEIRA,238.0,85.7,11.7,2.6
2023,SÃO GONÇALO,33090351,CE DOUTOR RODOLPHO SIQUEIRA,228.0,80.7,15.0,4.3
2024,SÃO GONÇALO,33090351,CE DOUTOR RODOLPHO SIQUEIRA,287.0,84.2,13.0,2.8
2025,SÃO GONÇALO,33090351,CE DOUTOR RODOLPHO SIQUEIRA,251.0,91.2,5.6,3.2
2015,SÃO GONÇALO,33090378,CE ELIZA MARIA DUTRA,274.0,83.1,10.4,6.5
2016,SÃO GONÇALO,33090378,CE ELIZA MARIA DUTRA,287.0,85.4,9.3,5.3
2017,SÃO GONÇALO,33090378,CE ELIZA MARIA DUTRA,310.0,82.1,12.7,5.2
2018,SÃO GONÇALO,33090378,CE ELIZA MARIA DUTRA,280.0,78.2,18.6,3.2
2019,SÃO GONÇALO,33090378,CE ELIZA MARIA DUTRA,236.0,80.3,6.6,13.1
2020,SÃO GONÇALO,33090378,CE ELIZA MARIA DUTRA,251.0,86.0,14.0,0.0
2021,SÃO GONÇALO,33090378,CE ELIZA MARIA DUTRA,227.0,96.5,3.5,0.0
2022,SÃO GONÇALO,33090378,CE ELIZA MARIA DUTRA,260.0,83.3,10.4,6.3
2023,SÃO GONÇALO,33090378,CE ELIZA MARIA DUTRA,248.0,81.2,11.3,7.5
2024,SÃO GONÇALO,33090378,CE ELIZA MARIA DUTRA,204.0,87.4,10.1,2.5
2025,SÃO GONÇALO,33090378,CE ELIZA MARIA DUTRA,181.0,98.8,0.0,1.2
2015,SÃO GONÇALO,33090424,CE PROFESSORA ADELIA MARTINS,209.0,84.0,15.5,0.5
2016,SÃO GONÇALO,33090424,CE PROFESSORA ADELIA MARTINS,247.0,82.3,16.7,1.0
2017,SÃO GONÇALO,33090424,CE PROFESSORA ADELIA MARTINS,223.0,73.0,19.1,7.9
2018,SÃO GONÇALO,33090424,CE PROFESSORA ADELIA MARTINS,172.0,74.8,23.9,1.3
2019,SÃO GONÇALO,33090424,CE PROFESSORA ADELIA MARTINS,115.0,70.3,22.5,7.2
2020,SÃO GONÇALO,33090424,CE PROFESSORA ADELIA MARTINS,139.0,84.6,15.4,0.0
2021,SÃO GONÇALO,33090424,CE PROFESSORA ADELIA MARTINS,135.0,91.0,9.0,0.0
2022,SÃO GONÇALO,33090424,CE PROFESSORA ADELIA MARTINS,143.0,76.6,14.9,8.5
2023,SÃO GONÇALO,33090424,CE PROFESSORA ADELIA MARTINS,118.0,68.4,31.6,0.0
2024,SÃO GONÇALO,33090424,CE PROFESSORA ADELIA MARTINS,115.0,76.6,18.9,4.5
2025,SÃO GONÇALO,33090424,CE PROFESSORA ADELIA MARTINS,121.0,99.2,0.8,0.0
2015,SÃO GONÇALO,33090432,CE PROFESSORA DALILA DE OLIVEIRA COSTA,346.0,72.4,27.6,0.0
2016,SÃO GONÇALO,33090432,CE PROFESSORA DALILA DE OLIVEIRA COSTA,301.0,73.5,25.4,1.1
2017,SÃO GONÇALO,33090432,CE PROFESSORA DALILA DE OLIVEIRA COSTA,303.0,85.8,13.9,0.3
2018,SÃO GONÇALO,33090432,CE PROFESSORA DALILA DE OLIVEIRA COSTA,243.0,70.3,29.7,0.0
2019,SÃO GONÇALO,33090432,CE PROFESSORA DALILA DE OLIVEIRA COSTA,209.0,74.4,17.4,8.2
2020,SÃO GONÇALO,33090432,CE PROFESSORA DALILA DE OLIVEIRA COSTA,199.0,84.4,15.6,0.0
2021,SÃO GONÇALO,33090432,CE PROFESSORA DALILA DE OLIVEIRA COSTA,216.0,88.7,10.9,0.4
2022,SÃO GONÇALO,33090432,CE PROFESSORA DALILA DE OLIVEIRA COSTA,219.0,79.6,5.4,15.0
2023,SÃO GONÇALO,33090432,CE PROFESSORA DALILA DE OLIVEIRA COSTA,215.0,81.8,18.2,0.0
2024,SÃO GONÇALO,33090432,CE PROFESSORA DALILA DE OLIVEIRA COSTA,229.0,76.8,23.2,0.0
2025,SÃO GONÇALO,33090432,CE PROFESSORA DALILA DE OLIVEIRA COSTA,237.0,87.5,12.5,0.0
2015,SÃO GONÇALO,33090440,CE PROFESSOR FRANCISCO DE PAULA ACHILLES,34.0,97.2,0.0,2.8
2016,SÃO GONÇALO,33090440,CE PROFESSOR FRANCISCO DE PAULA ACHILLES,60.0,88.9,9.5,1.6
2017,SÃO GONÇALO,33090440,CE PROFESSOR FRANCISCO DE PAULA ACHILLES,56.0,96.3,3.7,0.0
2018,SÃO GONÇALO,33090440,CE PROFESSOR FRANCISCO DE PAULA ACHILLES,43.0,95.3,2.3,2.4
2019,SÃO GONÇALO,33090440,CE PROFESSOR FRANCISCO DE PAULA ACHILLES,43.0,95.5,4.5,0.0
2020,SÃO GONÇALO,33090440,CE PROFESSOR FRANCISCO DE PAULA ACHILLES,54.0,100.0,0.0,0.0
2021,SÃO GONÇALO,33090440,CE PROFESSOR FRANCISCO DE PAULA ACHILLES,78.0,90.8,1.3,7.9
2022,SÃO GONÇALO,33090440,CE PROFESSOR FRANCISCO DE PAULA ACHILLES,75.0,90.3,5.6,4.1
2023,SÃO GONÇALO,33090440,CE PROFESSOR FRANCISCO DE PAULA ACHILLES,77.0,94.7,1.3,4.0
2024,SÃO GONÇALO,33090440,CE PROFESSOR FRANCISCO DE PAULA ACHILLES,85.0,92.3,6.4,1.3
2025,SÃO GONÇALO,33090440,CE PROFESSOR FRANCISCO DE PAULA ACHILLES,86.0,100.0,0.0,0.0
2015,SÃO GONÇALO,33090459,CE PROFESSORA ODYSSEA SILVEIRA DE SIQUEIRA,203.0,74.1,25.9,0.0
2016,SÃO GONÇALO,33090459,CE PROFESSORA ODYSSEA SILVEIRA DE SIQUEIRA,150.0,79.2,20.8,0.0
2017,SÃO GONÇALO,33090459,CE PROFESSORA ODYSSEA SILVEIRA DE SIQUEIRA,150.0,87.7,11.6,0.7
2018,SÃO GONÇALO,33090459,CE PROFESSORA ODYSSEA SILVEIRA DE SIQUEIRA,166.0,90.5,9.5,0.0
2019,SÃO GONÇALO,33090459,CE PROFESSORA ODYSSEA SILVEIRA DE SIQUEIRA,158.0,89.0,10.3,0.7
2020,SÃO GONÇALO,33090459,CE PROFESSORA ODYSSEA SILVEIRA DE SIQUEIRA,159.0,86.3,13.7,0.0
2021,SÃO GONÇALO,33090459,CE PROFESSORA ODYSSEA SILVEIRA DE SIQUEIRA,144.0,92.1,7.9,0.0
2022,SÃO GONÇALO,33090459,CE PROFESSORA ODYSSEA SILVEIRA DE SIQUEIRA,130.0,90.7,9.3,0.0
2023,SÃO GONÇALO,33090459,CE PROFESSORA ODYSSEA SILVEIRA DE SIQUEIRA,136.0,87.5,12.5,0.0
2024,SÃO GONÇALO,33090459,CE PROFESSORA ODYSSEA SILVEIRA DE SIQUEIRA,126.0,89.0,11.0,0.0
2025,SÃO GONÇALO,33090459,CE PROFESSORA ODYSSEA SILVEIRA DE SIQUEIRA,146.0,97.7,2.3,0.0
2016,SÃO GONÇALO,33090475,CE VITAL BRASIL,78.0,71.4,14.3,14.3
2017,SÃO GONÇALO,33090475,CE VITAL BRASIL,125.0,80.0,11.7,8.3
2018,SÃO GONÇALO,33090475,CE VITAL BRASIL,190.0,83.9,10.9,5.2
2019,SÃO GONÇALO,33090475,CE VITAL BRASIL,207.0,74.2,20.5,5.3
2020,SÃO GONÇALO,33090475,CE VITAL BRASIL,205.0,86.3,13.7,0.0
2021,SÃO GONÇALO,33090475,CE VITAL BRASIL,197.0,88.1,4.1,7.8
2022,SÃO GONÇALO,33090475,CE VITAL BRASIL,210.0,78.9,17.1,4.0
2023,SÃO GONÇALO,33090475,CE VITAL BRASIL,210.0,88.0,7.7,4.3
2024,SÃO GONÇALO,33090475,CE VITAL BRASIL,219.0,85.8,11.3,2.9
2025,SÃO GONÇALO,33090475,CE VITAL BRASIL,220.0,95.3,2.8,1.9
2016,SÃO GONÇALO,33090653,CIEP 121 PROFESSOR JOADELIO CODECO,69.0,70.0,17.1,12.9
2017,SÃO GONÇALO,33090653,CIEP 121 PROFESSOR JOADELIO CODECO,111.0,79.4,16.8,3.8
2018,SÃO GONÇALO,33090653,CIEP 121 PROFESSOR JOADELIO CODECO,169.0,81.0,10.5,8.5
2019,SÃO GONÇALO,33090653,CIEP 121 PROFESSOR JOADELIO CODECO,151.0,81.3,10.8,7.9
2020,SÃO GONÇALO,33090653,CIEP 121 PROFESSOR JOADELIO CODECO,188.0,87.6,12.4,0.0
2021,SÃO GONÇALO,33090653,CIEP 121 PROFESSOR JOADELIO CODECO,213.0,92.2,6.9,0.9
2022,SÃO GONÇALO,33090653,CIEP 121 PROFESSOR JOADELIO CODECO,242.0,79.3,12.5,8.2
2023,SÃO GONÇALO,33090653,CIEP 121 PROFESSOR JOADELIO CODECO,216.0,79.5,14.0,6.5
2024,SÃO GONÇALO,33090653,CIEP 121 PROFESSOR JOADELIO CODECO,207.0,91.2,8.8,0.0
2025,SÃO GONÇALO,33090653,CIEP 121 PROFESSOR JOADELIO CODECO,217.0,90.7,1.9,7.4
2015,SÃO GONÇALO,33090670,CIEP 050 PABLO NERUDA,523.0,73.3,25.9,0.8
2016,SÃO GONÇALO,33090670,CIEP 050 PABLO NERUDA,641.0,61.8,29.6,8.6
2017,SÃO GONÇALO,33090670,CIEP 050 PABLO NERUDA,501.0,70.2,28.8,1.0
2018,SÃO GONÇALO,33090670,CIEP 050 PABLO NERUDA,477.0,68.3,21.8,9.9
2019,SÃO GONÇALO,33090670,CIEP 050 PABLO NERUDA,405.0,67.2,23.1,9.7
2020,SÃO GONÇALO,33090670,CIEP 050 PABLO NERUDA,370.0,94.8,5.2,0.0
2021,SÃO GONÇALO,33090670,CIEP 050 PABLO NERUDA,361.0,84.0,15.2,0.8
2022,SÃO GONÇALO,33090670,CIEP 050 PABLO NERUDA,356.0,79.3,12.7,8.0
2023,SÃO GONÇALO,33090670,CIEP 050 PABLO NERUDA,247.0,78.5,17.0,4.5
2024,SÃO GONÇALO,33090670,CIEP 050 PABLO NERUDA,192.0,76.2,11.9,11.9
2025,SÃO GONÇALO,33090670,CIEP 050 PABLO NERUDA,169.0,85.3,10.0,4.7
2015,SÃO GONÇALO,33090688,CIEP 239 PROFESSORA ELZA VIANNA FIALHO,228.0,80.2,18.5,1.3
2016,SÃO GONÇALO,33090688,CIEP 239 PROFESSORA ELZA VIANNA FIALHO,226.0,74.9,18.7,6.4
2017,SÃO GONÇALO,33090688,CIEP 239 PROFESSORA ELZA VIANNA FIALHO,247.0,78.4,18.1,3.5
2018,SÃO GONÇALO,33090688,CIEP 239 PROFESSORA ELZA VIANNA FIALHO,248.0,72.4,27.1,0.5
2019,SÃO GONÇALO,33090688,CIEP 239 PROFESSORA ELZA VIANNA FIALHO,241.0,80.8,17.9,1.3
2020,SÃO GONÇALO,33090688,CIEP 239 PROFESSORA ELZA VIANNA FIALHO,241.0,93.2,6.8,0.0
2021,SÃO GONÇALO,33090688,CIEP 239 PROFESSORA ELZA VIANNA FIALHO,288.0,100.0,0.0,0.0
2022,SÃO GONÇALO,33090688,CIEP 239 PROFESSORA ELZA VIANNA FIALHO,310.0,66.7,26.7,6.6
2023,SÃO GONÇALO,33090688,CIEP 239 PROFESSORA ELZA VIANNA FIALHO,392.0,54.9,8.4,36.7
2024,SÃO GONÇALO,33090688,CIEP 239 PROFESSORA ELZA VIANNA FIALHO,251.0,77.2,14.0,8.8
2025,SÃO GONÇALO,33090688,CIEP 239 PROFESSORA ELZA VIANNA FIALHO,246.0,85.2,6.6,8.2
2015,SÃO GONÇALO,33090726,CE TRASILBO FILGUEIRAS,476.0,81.0,12.2,6.8
2016,SÃO GONÇALO,33090726,CE TRASILBO FILGUEIRAS,502.0,74.1,16.9,9.0
2017,SÃO GONÇALO,33090726,CE TRASILBO FILGUEIRAS,471.0,81.4,15.4,3.2
2018,SÃO GONÇALO,33090726,COLEGIO ESTADUAL TRASILBO FILGUEIRAS,454.0,78.4,12.4,9.2
2019,SÃO GONÇALO,33090726,CE TRASILBO FILGUEIRAS,457.0,71.7,18.3,10.0
2020,SÃO GONÇALO,33090726,CE TRASILBO FILGUEIRAS,498.0,80.6,19.2,0.2
2021,SÃO GONÇALO,33090726,CE TRASILBO FILGUEIRAS,371.0,95.8,4.0,0.2
2022,SÃO GONÇALO,33090726,CE TRASILBO FILGUEIRAS,520.0,73.8,16.2,10.0
2023,SÃO GONÇALO,33090726,CE TRASILBO FILGUEIRAS,566.0,71.8,23.4,4.8
2024,SÃO GONÇALO,33090726,CE TRASILBO FILGUEIRAS,550.0,80.1,14.9,5.0
2025,SÃO GONÇALO,33090726,CE TRASILBO FILGUEIRAS,508.0,84.4,8.4,7.2
2015,SÃO GONÇALO,33090815,CE ALECRIM,105.0,85.9,14.1,0.0
2016,SÃO GONÇALO,33090815,CE ALECRIM,99.0,86.5,13.5,0.0
2017,SÃO GONÇALO,33090815,CE ALECRIM,96.0,88.8,11.2,0.0
2018,SÃO GONÇALO,33090815,CE ALECRIM,110.0,89.2,10.8,0.0
2019,SÃO GONÇALO,33090815,CE ALECRIM,120.0,93.3,6.7,0.0
2020,SÃO GONÇALO,33090815,CE ALECRIM,149.0,85.1,14.9,0.0
2021,SÃO GONÇALO,33090815,CE ALECRIM,146.0,97.9,2.1,0.0
2022,SÃO GONÇALO,33090815,CE ALECRIM,117.0,82.9,17.1,0.0
2023,SÃO GONÇALO,33090815,CE ALECRIM,105.0,89.1,10.9,0.0
2024,SÃO GONÇALO,33090815,CE ALECRIM,121.0,96.7,3.3,0.0
2025,SÃO GONÇALO,33090815,CE ALECRIM,128.0,97.7,1.6,0.7
2015,SÃO GONÇALO,33090823,CE CORONEL SERRADO,267.0,83.2,13.4,3.4
2016,SÃO GONÇALO,33090823,CE CORONEL SERRADO,247.0,76.9,20.7,2.4
2017,SÃO GONÇALO,33090823,CE CORONEL SERRADO,235.0,83.2,15.9,0.9
2018,SÃO GONÇALO,33090823,CE CORONEL SERRADO,200.0,79.9,12.9,7.2
2019,SÃO GONÇALO,33090823,CE CORONEL SERRADO,138.0,89.9,7.9,2.2
2020,SÃO GONÇALO,33090823,CE CORONEL SERRADO,148.0,93.2,6.8,0.0
2021,SÃO GONÇALO,33090823,CE CORONEL SERRADO,164.0,98.8,1.2,0.0
2022,SÃO GONÇALO,33090823,CE CORONEL SERRADO,177.0,81.8,6.3,11.9
2023,SÃO GONÇALO,33090823,CE CORONEL SERRADO,157.0,83.9,9.7,6.4
2024,SÃO GONÇALO,33090823,CE CORONEL SERRADO,157.0,81.4,12.4,6.2
2025,SÃO GONÇALO,33090823,CE CORONEL SERRADO,153.0,92.6,2.0,5.4
2015,SÃO GONÇALO,33090831,CE DOM ANTONIO DE ALMEIDA MORAES JUNIOR,198.0,89.5,8.4,2.1
2016,SÃO GONÇALO,33090831,CE DOM ANTONIO DE ALMEIDA MORAES JUNIOR,200.0,87.9,8.0,4.1
2017,SÃO GONÇALO,33090831,CE DOM ANTONIO DE ALMEIDA MORAES JUNIOR,224.0,75.3,18.7,6.0
2018,SÃO GONÇALO,33090831,CE DOM ANTONIO DE ALMEIDA MORAES JUNIOR,203.0,82.9,15.5,1.6
2019,SÃO GONÇALO,33090831,CE DOM ANTONIO DE ALMEIDA MORAES JUNIOR,141.0,92.9,3.5,3.6
2020,SÃO GONÇALO,33090831,CE DOM ANTONIO DE ALMEIDA MORAES JUNIOR,159.0,99.4,0.6,0.0
2021,SÃO GONÇALO,33090831,CE DOM ANTONIO DE ALMEIDA MORAES JUNIOR,183.0,98.9,0.0,1.1
2022,SÃO GONÇALO,33090831,CE DOM ANTONIO DE ALMEIDA MORAES JUNIOR,203.0,88.1,11.9,0.0
2023,SÃO GONÇALO,33090831,CE DOM ANTONIO DE ALMEIDA MORAES JUNIOR,189.0,92.0,7.5,0.5
2024,SÃO GONÇALO,33090831,CE DOM ANTONIO DE ALMEIDA MORAES JUNIOR,137.0,97.8,1.5,0.7
2025,SÃO GONÇALO,33090831,CE DOM ANTONIO DE ALMEIDA MORAES JUNIOR,133.0,98.4,0.0,1.6
2015,SÃO GONÇALO,33090840,CE DOUTOR ARMANDO SA COUTO,159.0,81.0,18.4,0.6
2016,SÃO GONÇALO,33090840,CE DOUTOR ARMANDO SA COUTO,155.0,80.8,9.9,9.3
2017,SÃO GONÇALO,33090840,CE DOUTOR ARMANDO SA COUTO,114.0,80.7,17.5,1.8
2018,SÃO GONÇALO,33090840,CE DOUTOR ARMANDO SA COUTO,108.0,77.8,22.2,0.0
2019,SÃO GONÇALO,33090840,CE DOUTOR ARMANDO SA COUTO,96.0,88.0,10.9,1.1
2020,SÃO GONÇALO,33090840,CE DOUTOR ARMANDO SA COUTO,102.0,99.0,0.0,1.0
2021,SÃO GONÇALO,33090840,CE DOUTOR ARMANDO SA COUTO,118.0,100.0,0.0,0.0
2022,SÃO GONÇALO,33090840,CE DOUTOR ARMANDO SA COUTO,142.0,90.8,9.2,0.0
2023,SÃO GONÇALO,33090840,CE DOUTOR ARMANDO SA COUTO,137.0,84.1,15.9,0.0
2024,SÃO GONÇALO,33090840,CE DOUTOR ARMANDO SA COUTO,129.0,89.6,10.4,0.0
2025,SÃO GONÇALO,33090840,CE DOUTOR ARMANDO SA COUTO,106.0,99.0,1.0,0.0
2015,SÃO GONÇALO,33090882,CE MAUA,110.0,89.1,7.3,3.6
2016,SÃO GONÇALO,33090882,CE MAUA,124.0,81.2,11.1,7.7
2017,SÃO GONÇALO,33090882,CE MAUA,118.0,89.6,10.4,0.0
2018,SÃO GONÇALO,33090882,CE MAUA,110.0,86.7,13.3,0.0
2019,SÃO GONÇALO,33090882,CE MAUA,112.0,85.2,10.2,4.6
2020,SÃO GONÇALO,33090882,CE MAUA,136.0,100.0,0.0,0.0
2021,SÃO GONÇALO,33090882,CE MAUA,159.0,91.4,7.3,1.3
2022,SÃO GONÇALO,33090882,CE MAUA,190.0,84.2,14.7,1.1
2023,SÃO GONÇALO,33090882,CE MAUA,201.0,92.3,6.7,1.0
2024,SÃO GONÇALO,33090882,CE MAUA,212.0,93.9,6.1,0.0
2025,SÃO GONÇALO,33090882,CE MAUA,208.0,96.0,4.0,0.0
2015,SÃO GONÇALO,33090904,CE VILA GUARANI,118.0,68.5,18.9,12.6
2016,SÃO GONÇALO,33090904,CE VILA GUARANI,121.0,79.7,13.6,6.7
2017,SÃO GONÇALO,33090904,CE VILA GUARANI,137.0,75.0,13.6,11.4
2018,SÃO GONÇALO,33090904,CE VILA GUARANI,132.0,73.1,13.1,13.8
2019,SÃO GONÇALO,33090904,CE VILA GUARANI,112.0,78.7,13.9,7.4
2020,SÃO GONÇALO,33090904,CE VILA GUARANI,112.0,86.8,10.5,2.7
2021,SÃO GONÇALO,33090904,CE VILA GUARANI,107.0,87.0,11.1,1.9
2022,SÃO GONÇALO,33090904,CE VILA GUARANI,71.0,80.3,14.1,5.6
2023,SÃO GONÇALO,33090904,CE VILA GUARANI,70.0,84.1,7.2,8.7
2024,SÃO GONÇALO,33090904,CE VILA GUARANI,74.0,66.7,15.3,18.0
2025,SÃO GONÇALO,33090904,CE VILA GUARANI,83.0,94.0,1.2,4.8
2015,SÃO GONÇALO,33091196,CE SANTOS DIAS,458.0,83.1,16.2,0.7
2016,SÃO GONÇALO,33091196,CE SANTOS DIAS,506.0,77.3,13.2,9.5
2017,SÃO GONÇALO,33091196,CE SANTOS DIAS,352.0,89.3,9.2,1.5
2018,SÃO GONÇALO,33091196,CE SANTOS DIAS,351.0,84.3,14.5,1.2
2019,SÃO GONÇALO,33091196,CE SANTOS DIAS,299.0,84.6,14.4,1.0
2020,SÃO GONÇALO,33091196,CE SANTOS DIAS,263.0,92.3,7.7,0.0
2021,SÃO GONÇALO,33091196,CE SANTOS DIAS,349.0,92.6,7.1,0.3
2022,SÃO GONÇALO,33091196,CE SANTOS DIAS,402.0,85.5,14.5,0.0
2023,SÃO GONÇALO,33091196,CE SANTOS DIAS,333.0,88.7,11.3,0.0
2024,SÃO GONÇALO,33091196,CE SANTOS DIAS,339.0,84.2,14.0,1.8
2025,SÃO GONÇALO,33091196,CE SANTOS DIAS,332.0,92.1,5.3,2.6
2015,SÃO GONÇALO,33091200,CE WALTER ORLANDINI,1560.0,77.3,20.7,2.0
2016,SÃO GONÇALO,33091200,CE WALTER ORLANDINI,1561.0,79.0,15.9,5.1
2017,SÃO GONÇALO,33091200,CE WALTER ORLANDINE,1510.0,81.6,15.5,2.9
2018,SÃO GONÇALO,33091200,CE WALTER ORLANDINE,1522.0,82.2,15.8,2.0
2019,SÃO GONÇALO,33091200,CE WALTER ORLANDINE,1381.0,87.0,9.3,3.7
2020,SÃO GONÇALO,33091200,CE WALTER ORLANDINE,1302.0,99.4,0.3,0.3
2021,SÃO GONÇALO,33091200,CE WALTER ORLANDINE,1164.0,96.8,3.0,0.2
2022,SÃO GONÇALO,33091200,CE WALTER ORLANDINE,1108.0,88.1,9.0,2.9
2023,SÃO GONÇALO,33091200,CE WALTER ORLANDINE,1113.0,84.8,14.6,0.6
2024,SÃO GONÇALO,33091200,CE WALTER ORLANDINE,1117.0,88.4,11.4,0.2
2025,SÃO GONÇALO,33091200,CE WALTER ORLANDINE,1081.0,96.6,2.8,0.6
2020,SÃO GONÇALO,33091323,CE SUBTENENTE PM MARCO ANTONIO GRIPP,72.0,100.0,0.0,0.0
2021,SÃO GONÇALO,33091323,CE SUBTENENTE PM MARCO ANTONIO GRIPP,122.0,98.2,1.8,0.0
2022,SÃO GONÇALO,33091323,CE SUBTENENTE PM MARCO ANTONIO GRIPP,137.0,96.9,3.1,0.0
2023,SÃO GONÇALO,33091323,CE SUBTENENTE PM MARCO ANTONIO GRIPP,136.0,90.6,9.4,0.0
2024,SÃO GONÇALO,33091323,CE SUBTENENTE PM MARCO ANTONIO GRIPP,130.0,91.5,8.5,0.0
2025,SÃO GONÇALO,33091323,CE SUBTENENTE PM MARCO ANTONIO GRIPP,120.0,100.0,0.0,0.0
2015,SÃO GONÇALO,33091340,CE CAPITAO OSWALDO ORNELLAS,333.0,84.8,13.6,1.6
2016,SÃO GONÇALO,33091340,CE CAPITAO OSWALDO ORNELLAS,380.0,82.0,15.9,2.1
2017,SÃO GONÇALO,33091340,CE CAPITAO OSWALDO ORNELLAS,347.0,81.4,15.3,3.3
2018,SÃO GONÇALO,33091340,CE CAPITAO OSWALDO ORNELLAS,290.0,83.6,9.8,6.6
2019,SÃO GONÇALO,33091340,CE CAPITAO OSWALDO ORNELLAS,297.0,85.2,10.0,4.8
2020,SÃO GONÇALO,33091340,CE CAPITAO OSWALDO ORNELLAS,291.0,94.4,5.2,0.4
2021,SÃO GONÇALO,33091340,CE CAPITAO OSWALDO ORNELLAS,312.0,96.4,2.9,0.7
2022,SÃO GONÇALO,33091340,CE CAPITAO OSWALDO ORNELLAS,361.0,81.3,4.7,14.0
2023,SÃO GONÇALO,33091340,CE CAPITAO OSWALDO ORNELLAS,310.0,83.1,8.5,8.4
2024,SÃO GONÇALO,33091340,CE CAPITAO OSWALDO ORNELLAS,294.0,87.1,7.1,5.8
2025,SÃO GONÇALO,33091340,CE CAPITAO OSWALDO ORNELLAS,297.0,93.9,1.3,4.8
2015,SÃO GONÇALO,33091382,CE CORONEL FRANCISCO LIMA,172.0,84.0,12.4,3.6
2016,SÃO GONÇALO,33091382,CE CORONEL FRANCISCO LIMA,150.0,74.3,13.2,12.5
2017,SÃO GONÇALO,33091382,CE CORONEL FRANCISCO LIMA,151.0,88.4,7.5,4.1
2018,SÃO GONÇALO,33091382,CE CORONEL FRANCISCO LIMA,162.0,87.3,12.1,0.6
2019,SÃO GONÇALO,33091382,CE CORONEL FRANCISCO LIMA,186.0,87.4,8.6,4.0
2020,SÃO GONÇALO,33091382,CE CORONEL FRANCISCO LIMA,185.0,87.4,11.5,1.1
2021,SÃO GONÇALO,33091382,CE CORONEL FRANCISCO LIMA,180.0,96.0,4.0,0.0
2022,SÃO GONÇALO,33091382,CE CORONEL FRANCISCO LIMA,206.0,85.6,11.8,2.6
2023,SÃO GONÇALO,33091382,CE CORONEL FRANCISCO LIMA,203.0,90.8,9.2,0.0
2024,SÃO GONÇALO,33091382,CE CORONEL FRANCISCO LIMA,214.0,88.6,10.9,0.5
2025,SÃO GONÇALO,33091382,CE CORONEL FRANCISCO LIMA,181.0,99.4,0.0,0.6
2015,SÃO GONÇALO,33091390,CE CORONEL JOAO TARCISIO BUENO,171.0,72.0,26.2,1.8
2016,SÃO GONÇALO,33091390,CE CORONEL JOAO TARCISIO BUENO,160.0,66.0,9.6,24.4
2017,SÃO GONÇALO,33091390,CE CORONEL JOAO TARCISIO BUENO,127.0,71.9,22.3,5.8
2018,SÃO GONÇALO,33091390,CE CORONEL JOAO TARCISIO BUENO,117.0,68.1,19.8,12.1
2019,SÃO GONÇALO,33091390,CE CORONEL JOAO TARCISIO BUENO,115.0,65.1,22.9,12.0
2020,SÃO GONÇALO,33091390,CE CORONEL JOAO TARCISIO BUENO,129.0,78.3,21.7,0.0
2021,SÃO GONÇALO,33091390,CE CORONEL JOAO TARCISIO BUENO,153.0,85.0,14.3,0.7
2022,SÃO GONÇALO,33091390,CE CORONEL JOAO TARCISIO BUENO,165.0,72.9,16.8,10.3
2023,SÃO GONÇALO,33091390,CE CORONEL JOAO TARCISIO BUENO,157.0,77.9,19.5,2.6
2024,SÃO GONÇALO,33091390,CE CORONEL JOAO TARCISIO BUENO,141.0,78.5,18.1,3.4
2025,SÃO GONÇALO,33091390,CE CORONEL JOAO TARCISIO BUENO,134.0,86.6,13.4,0.0
2015,SÃO GONÇALO,33091447,CE MELCHIADES PICANCO,372.0,65.7,23.4,10.9
2016,SÃO GONÇALO,33091447,CE MELCHIADES PICANCO,314.0,65.9,20.7,13.4
2017,SÃO GONÇALO,33091447,CE MELCHIADES PICANCO,320.0,72.0,21.0,7.0
2018,SÃO GONÇALO,33091447,CE MELCHIADES PICANCO,279.0,74.5,16.8,8.7
2019,SÃO GONÇALO,33091447,CE MELCHIADES PICANCO,278.0,79.1,12.8,8.1
2020,SÃO GONÇALO,33091447,CE MELCHIADES PICANCO,291.0,87.5,12.5,0.0
2021,SÃO GONÇALO,33091447,CE MELCHIADES PICANCO,217.0,92.7,7.3,0.0
2022,SÃO GONÇALO,33091447,CE MELCHIADES PICANCO,246.0,74.1,13.9,12.0
2023,SÃO GONÇALO,33091447,CE MELCHIADES PICANCO,220.0,71.4,20.7,7.9
2024,SÃO GONÇALO,33091447,CE MELCHIADES PICANCO,194.0,86.8,7.4,5.8
2025,SÃO GONÇALO,33091447,CE MELCHIADES PICANCO,208.0,92.8,3.4,3.8
2015,SÃO GONÇALO,33091757,CIEP 246 PROFESSORA ADALGISA CABRAL DE FARIA,137.0,84.4,15.6,0.0
2016,SÃO GONÇALO,33091757,CIEP 246 PROFESSORA ADALGISA CABRAL DE FARIA,129.0,83.7,16.3,0.0
2017,SÃO GONÇALO,33091757,CIEP 246 PROFESSORA ADALGISA CABRAL DE FARIA,132.0,86.7,13.3,0.0
2018,SÃO GONÇALO,33091757,CIEP 246 PROFESSORA ADALGISA CABRAL DE FARIA,159.0,77.5,21.0,1.5
2019,SÃO GONÇALO,33091757,CIEP 246 PROFESSORA ADALGISA CABRAL DE FARIA,151.0,81.0,19.0,0.0
2020,SÃO GONÇALO,33091757,CIEP 246 PROFESSORA ADALGISA CABRAL DE FARIA,192.0,98.9,1.1,0.0
2021,SÃO GONÇALO,33091757,CIEP 246 PROFESSORA ADALGISA CABRAL DE FARIA,202.0,96.9,3.1,0.0
2022,SÃO GONÇALO,33091757,CIEP 246 PROFESSORA ADALGISA CABRAL DE FARIA,247.0,64.1,28.7,7.2
2023,SÃO GONÇALO,33091757,CIEP 246 PROFESSORA ADALGISA CABRAL DE FARIA,221.0,76.1,18.8,5.1
2024,SÃO GONÇALO,33091757,CIEP 246 PROFESSORA ADALGISA CABRAL DE FARIA,234.0,79.2,10.8,10.0
2025,SÃO GONÇALO,33091757,CIEP 246 PROFESSORA ADALGISA CABRAL DE FARIA,233.0,83.5,10.0,6.5
2015,SÃO GONÇALO,33091765,CE PAULINO PINHEIRO BAPTISTA,286.0,79.8,18.5,1.7
2016,SÃO GONÇALO,33091765,CE PAULINO PINHEIRO BAPTISTA,333.0,70.6,29.1,0.3
2017,SÃO GONÇALO,33091765,CE PAULINO PINHEIRO BAPTISTA,289.0,78.3,21.4,0.3
2018,SÃO GONÇALO,33091765,CE PAULINO PINHEIRO BAPTISTA,247.0,80.4,19.6,0.0
2019,SÃO GONÇALO,33091765,CE PAULINO PINHEIRO BAPTISTA,243.0,72.6,24.8,2.6
2020,SÃO GONÇALO,33091765,CE PAULINO PINHEIRO BAPTISTA,271.0,81.4,18.6,0.0
2021,SÃO GONÇALO,33091765,CE PAULINO PINHEIRO BAPTISTA,231.0,93.4,6.6,0.0
2022,SÃO GONÇALO,33091765,CE PAULINO PINHEIRO BAPTISTA,289.0,75.9,16.3,7.8
2023,SÃO GONÇALO,33091765,CE PAULINO PINHEIRO BAPTISTA,246.0,78.4,15.5,6.1
2024,SÃO GONÇALO,33091765,CE PAULINO PINHEIRO BAPTISTA,246.0,77.1,20.3,2.6
2025,SÃO GONÇALO,33091765,CE PAULINO PINHEIRO BAPTISTA,188.0,93.9,2.8,3.3
2020,SÃO GONÇALO,33091897,CE CORONEL PM MARCUS JARDIM,104.0,100.0,0.0,0.0
2021,SÃO GONÇALO,33091897,CE CORONEL PM MARCUS JARDIM,202.0,100.0,0.0,0.0
2022,SÃO GONÇALO,33091897,CE CORONEL PM MARCUS JARDIM,246.0,91.9,8.1,0.0
2023,SÃO GONÇALO,33091897,CE CORONEL PM MARCUS JARDIM,233.0,93.3,6.7,0.0
2024,SÃO GONÇALO,33091897,CE CORONEL PM MARCUS JARDIM,238.0,91.7,8.3,0.0
2025,SÃO GONÇALO,33091897,CE CORONEL PM MARCUS JARDIM,235.0,99.6,0.4,0.0
2015,RIO DE JANEIRO,33095078,CE BERNARDO DE VASCONCELOS,244.0,72.1,10.5,17.4
2016,RIO DE JANEIRO,33095078,CE BERNARDO DE VASCONCELOS,265.0,57.0,13.6,29.4
2017,RIO DE JANEIRO,33095078,CE BERNARDO DE VASCONCELOS,236.0,74.1,10.9,15.0
2018,RIO DE JANEIRO,33095078,CE BERNARDO DE VASCONCELOS,274.0,78.3,6.5,15.2
2019,RIO DE JANEIRO,33095078,CE BERNARDO DE VASCONCELOS,302.0,78.5,6.1,15.4
2020,RIO DE JANEIRO,33095078,CE BERNARDO DE VASCONCELOS,286.0,88.5,11.2,0.3
2021,RIO DE JANEIRO,33095078,CE BERNARDO DE VASCONCELOS,254.0,87.6,4.3,8.1
2022,RIO DE JANEIRO,33095078,CE BERNARDO DE VASCONCELOS,298.0,77.2,4.3,18.5
2023,RIO DE JANEIRO,33095078,CE BERNARDO DE VASCONCELOS,307.0,76.5,5.2,18.3
2024,RIO DE JANEIRO,33095078,CE BERNARDO DE VASCONCELOS,294.0,79.7,3.3,17.0
2025,RIO DE JANEIRO,33095078,CE BERNARDO DE VASCONCELOS,284.0,86.2,0.4,13.4
2015,RIO DE JANEIRO,33096759,CIEP 173 RAINHA NZINGA ANGOLA,384.0,67.1,16.2,16.7
2016,RIO DE JANEIRO,33096759,CIEP 173 RAINHA NZINGA ANGOLA,588.0,44.8,43.3,11.9
2017,RIO DE JANEIRO,33096759,CIEP 173 RAINHA NZINGA ANGOLA,609.0,48.2,32.7,19.1
2018,RIO DE JANEIRO,33096759,CIEP 173 RAINHA NZINGA ANGOLA,630.0,45.2,49.9,4.9
2019,RIO DE JANEIRO,33096759,CIEP 173 RAINHA NZINGA ANGOLA,644.0,60.6,18.7,20.7
2020,RIO DE JANEIRO,33096759,CIEP 173 RAINHA NZINGA ANGOLA,786.0,91.6,8.4,0.0
2021,RIO DE JANEIRO,33096759,CIEP 173 RAINHA NZINGA ANGOLA,883.0,100.0,0.0,0.0
2022,RIO DE JANEIRO,33096759,CIEP 173 RAINHA NZINGA DE ANGOLA,629.0,82.5,17.5,0.0
2023,RIO DE JANEIRO,33096759,CIEP 173 RAINHA NZINGA DE ANGOLA,497.0,60.9,39.1,0.0
2024,RIO DE JANEIRO,33096759,CIEP 173 RAINHA NZINGA DE ANGOLA,387.0,53.8,35.4,10.8
2025,RIO DE JANEIRO,33096759,CIEP 173 RAINHA NZINGA DE ANGOLA,378.0,88.0,5.3,6.7
2015,NITERÓI,33096805,CIEP 449 GOVERNADOR LEONEL DE MOURA BRIZOLA BRASIL FRANCA,149.0,95.7,4.3,0.0
2016,NITERÓI,33096805,CIEP 449 GOVERNADOR LEONEL DE MOURA BRIZOLA BRASIL FRANCA,214.0,91.9,8.1,0.0
2017,NITERÓI,33096805,CIEP 449 GOVERNADOR LEONEL DE MOURA BRIZOLA BRASIL FRANCA,267.0,87.4,12.6,0.0
2018,NITERÓI,33096805,CIEP 449 GOVERNADOR LEONEL DE MOURA BRIZOLA BRASIL FRANCA,268.0,88.5,11.5,0.0
2019,NITERÓI,33096805,CIEP 449 GOVERNADOR LEONEL DE MOURA BRIZOLA BRASIL FRANCA,267.0,86.2,13.8,0.0
2020,NITERÓI,33096805,CIEP 449 GOVERNADOR LEONEL DE MOURA BRIZOLA BRASIL FRANCA,269.0,100.0,0.0,0.0
2021,NITERÓI,33096805,CIEP 449 GOVERNADOR LEONEL DE MOURA BRIZOLA BRASIL FRANCA,267.0,99.2,0.8,0.0
2022,NITERÓI,33096805,CIEP 449 GOVERNADOR LEONEL DE MOURA BRIZOLA BRASIL FRANCA,271.0,81.9,18.1,0.0
2023,NITERÓI,33096805,CIEP 449 GOVERNADOR LEONEL DE MOURA BRIZOLA BRASIL FRANCA,253.0,84.8,15.2,0.0
2024,NITERÓI,33096805,CIEP 449 GOVERNADOR LEONEL DE MOURA BRIZOLA BRASIL FRANCA,253.0,87.0,13.0,0.0
2025,NITERÓI,33096805,CIEP 449 GOVERNADOR LEONEL DE MOURA BRIZOLA BRASIL FRANCA,267.0,96.8,3.2,0.0
2015,MARICÁ,33096929,CIEP 391 PROFESSOR ROBSON MENDONCA LOU,152.0,63.9,23.8,12.3
2016,MARICÁ,33096929,CIEP 391 PROFESSOR ROBSON MENDONCA LOU,156.0,44.1,24.4,31.5
2017,MARICÁ,33096929,CIEP 391 PROFESSOR ROBSON MENDONCA LOU,189.0,82.9,16.6,0.5
2018,MARICÁ,33096929,CIEP 391 PROFESSOR ROBSON MENDONCA LOU,242.0,82.4,16.2,1.4
2019,MARICÁ,33096929,CIEP 391 PROFESSOR ROBSON MENDONCA LOU,331.0,62.3,24.6,13.1
2020,MARICÁ,33096929,CIEP 391 PROFESSOR ROBSON MENDONCA LOU,386.0,90.8,8.6,0.6
2021,MARICÁ,33096929,CIEP 391 PROFESSOR ROBSON MENDONCA LOU,369.0,87.9,12.1,0.0
2022,MARICÁ,33096929,CIEP 391 PROFESSOR ROBSON MENDONCA LOU,318.0,58.0,11.5,30.5
2023,MARICÁ,33096929,CIEP 391 PROFESSOR ROBSON MENDONCA LOU,280.0,52.7,12.0,35.3
2024,MARICÁ,33096929,CIEP 391 PROFESSOR ROBSON MENDONCA LOU,320.0,52.6,29.8,17.6
2025,MARICÁ,33096929,CIEP 391 PROFESSOR ROBSON MENDONCA LOU,227.0,62.9,14.3,22.8
2015,SÃO GONÇALO,33096970,CIEP 309 ZUZU ANGEL,56.0,51.9,48.1,0.0
2016,SÃO GONÇALO,33096970,CIEP 309 ZUZU ANGEL,118.0,37.3,41.5,21.2
2017,SÃO GONÇALO,33096970,CIEP 309 ZUZU ANGEL,122.0,73.0,21.7,5.3
2018,SÃO GONÇALO,33096970,CIEP 309 ZUZU ANGEL,142.0,59.7,17.9,22.4
2019,SÃO GONÇALO,33096970,CIEP 309 ZUZU ANGEL,159.0,75.7,19.6,4.7
2020,SÃO GONÇALO,33096970,CIEP 309 ZUZU ANGEL,213.0,85.0,15.0,0.0
2021,SÃO GONÇALO,33096970,CIEP 309 ZUZU ANGEL,204.0,99.0,1.0,0.0
2022,SÃO GONÇALO,33096970,CIEP 309 ZUZU ANGEL,256.0,70.0,20.8,9.2
2023,SÃO GONÇALO,33096970,CIEP 309 ZUZU ANGEL BRASILCOLOMBIA,200.0,80.6,11.0,8.4
2024,SÃO GONÇALO,33096970,CIEP 309 ZUZU ANGEL BRASILCOLOMBIA,149.0,85.8,14.2,0.0
2025,SÃO GONÇALO,33096970,CIEP 309 ZUZU ANGEL BRASILCOLOMBIA,88.0,97.5,2.5,0.0
2015,SÃO GONÇALO,33096988,CIEP 412 DOUTOR ZERBINI,346.0,81.9,17.8,0.3
2016,SÃO GONÇALO,33096988,CIEP 412 DOUTOR ZERBINI,370.0,76.4,23.0,0.6
2017,SÃO GONÇALO,33096988,CIEP 412 DOUTOR ZERBINI,348.0,86.7,13.3,0.0
2018,SÃO GONÇALO,33096988,CIEP 412 DOUTOR ZERBINI,314.0,85.2,14.8,0.0
2019,SÃO GONÇALO,33096988,CIEP 412 DOUTOR ZERBINI,297.0,72.0,20.6,7.4
2020,SÃO GONÇALO,33096988,CIEP 412 DOUTOR ZERBINI,318.0,81.8,17.9,0.3
2021,SÃO GONÇALO,33096988,CIEP 412 DOUTOR ZERBINI,349.0,85.8,14.0,0.2
2022,SÃO GONÇALO,33096988,CIEP 412 DOUTOR ZERBINI,312.0,73.7,18.8,7.5
2023,SÃO GONÇALO,33096988,CIEP 412 DOUTOR ZERBINI,232.0,76.3,19.8,3.9
2024,SÃO GONÇALO,33096988,CIEP 412 DOUTOR ZERBINI,80.0,84.0,14.7,1.3
2025,SÃO GONÇALO,33096988,CIEP 412 DOUTOR ZERBINI,60.0,96.6,3.4,0.0
2015,RIO DE JANEIRO,33097038,CIEP 326 PROFESSOR CESAR PERNETTA,597.0,76.8,15.9,7.3
2016,RIO DE JANEIRO,33097038,CIEP 326 PROFESSOR CESAR PERNETTA,699.0,64.4,26.3,9.3
2017,RIO DE JANEIRO,33097038,CIEP 326 PROFESSOR CESAR PERNETTA,635.0,77.9,22.1,0.0
2018,RIO DE JANEIRO,33097038,CIEP 326 PROFESSOR CESAR PERNETTA,692.0,51.4,48.6,0.0
2019,RIO DE JANEIRO,33097038,CIEP 326 PROFESSOR CESAR PERNETTA,759.0,54.4,18.5,27.1
2020,RIO DE JANEIRO,33097038,CIEP 326 PROFESSOR CESAR PERNETTA,852.0,77.0,23.0,0.0
2021,RIO DE JANEIRO,33097038,CIEP 326 PROFESSOR CESAR PERNETTA,763.0,99.9,0.1,0.0
2022,RIO DE JANEIRO,33097038,CIEP 326 PROFESSOR CESAR PERNETTA,1078.0,53.7,46.2,0.1
2023,RIO DE JANEIRO,33097038,CIEP 326 PROFESSOR CESAR PERNETTA,953.0,61.6,9.1,29.3
2024,RIO DE JANEIRO,33097038,CIEP 326 PROFESSOR CESAR PERNETTA,958.0,58.9,41.1,0.0
2025,RIO DE JANEIRO,33097038,CIEP 326 PROFESSOR CESAR PERNETTA,898.0,99.7,0.0,0.3
2015,RIO DE JANEIRO,33097283,CIEP 321 DOUTOR ULISSES GUIMARAES,2182.0,80.5,16.9,2.6
2016,RIO DE JANEIRO,33097283,CIEP 321 DOUTOR ULISSES GUIMARAES,2303.0,72.2,25.8,2.0
2017,RIO DE JANEIRO,33097283,CIEP 321 DOUTOR ULISSES GUIMARAES,2159.0,74.3,16.4,9.3
2018,RIO DE JANEIRO,33097283,CIEP 321 DOUTOR ULISSES GUIMARAES,2041.0,77.2,18.0,4.8
2019,RIO DE JANEIRO,33097283,CIEP 321 DOUTOR ULISSES GUIMARAES,2264.0,74.5,18.4,7.1
2020,RIO DE JANEIRO,33097283,CIEP 321 DOUTOR ULISSES GUIMARAES,2802.0,85.2,14.8,0.0
2021,RIO DE JANEIRO,33097283,CIEP 321 DOUTOR ULISSES GUIMARAES,2458.0,85.4,14.5,0.1
2022,RIO DE JANEIRO,33097283,CIEP 321 DOUTOR ULISSES GUIMARAES,2616.0,74.9,17.1,8.0
2023,RIO DE JANEIRO,33097283,CIEP 321 DOUTOR ULISSES GUIMARAES,2471.0,73.2,16.4,10.4
2024,RIO DE JANEIRO,33097283,CIEP 321 DOUTOR ULISSES GUIMARAES,2415.0,71.1,18.7,10.2
2025,RIO DE JANEIRO,33097283,CIEP 321 DOUTOR ULYSSES GUIMARAES,2275.0,83.7,12.1,4.2
2015,RIO DE JANEIRO,33100659,CAIC NACOES UNIDAS,471.0,65.5,34.1,0.4
2016,RIO DE JANEIRO,33100659,CAIC NACOES UNIDAS,617.0,52.4,25.5,22.1
2017,RIO DE JANEIRO,33100659,CAIC NACOES UNIDAS,543.0,65.7,24.5,9.8
2018,RIO DE JANEIRO,33100659,CAIC NACOES UNIDAS,663.0,61.0,30.7,8.3
2019,RIO DE JANEIRO,33100659,CAIC NACOES UNIDAS,894.0,64.3,29.8,5.9
2020,RIO DE JANEIRO,33100659,CAIC NACOES UNIDAS,888.0,89.9,1.7,8.4
2021,RIO DE JANEIRO,33100659,CAIC NACOES UNIDAS,850.0,86.7,13.3,0.0
2022,RIO DE JANEIRO,33100659,CAIC NACOES UNIDAS,759.0,63.8,28.3,7.9
2023,RIO DE JANEIRO,33100659,CAIC NACOES UNIDAS,638.0,70.4,22.5,7.1
2024,RIO DE JANEIRO,33100659,CAIC NACOES UNIDAS,559.0,74.5,19.8,5.7
2025,RIO DE JANEIRO,33100659,CAIC NACOES UNIDAS,587.0,87.4,1.9,10.7
2015,RIO DE JANEIRO,33102210,CIEP 241 NACAO MANGUEIRENSE GOVERNADOR LEONEL DE MOURA BRIZOLA,840.0,64.9,32.3,2.8
2016,RIO DE JANEIRO,33102210,CIEP 241 NACAO MANGUEIRENSE GOVERNADOR LEONEL DE MOURA BRIZOLA,1001.0,57.1,35.5,7.4
2017,RIO DE JANEIRO,33102210,CIEP 241 NACAO MANGUEIRENSE GOVERNADOR LEONEL DE MOURA BRIZOLA,1002.0,61.1,15.1,23.8
2018,RIO DE JANEIRO,33102210,CIEP 241 NACAO MANGUEIRENSE GOVERNADOR LEONEL DE MOURA BRIZOLA,1044.0,67.6,29.6,2.8
2019,RIO DE JANEIRO,33102210,CIEP 241 NACAO MANGUEIRENSE GOVERNADOR LEONEL DE MOURA BRIZOLA,1228.0,67.7,26.7,5.6
2020,RIO DE JANEIRO,33102210,CIEP 241 NACAO MANGUEIRENSE GOVERNADOR LEONEL DE MOURA BRIZOLA,1275.0,100.0,0.0,0.0
2021,RIO DE JANEIRO,33102210,CIEP 241 NACAO MANGUEIRENSE GOVERNADOR LEONEL DE MOURA BRIZOLA,1298.0,93.4,6.6,0.0
2022,RIO DE JANEIRO,33102210,CIEP 241 NACAO MANGUEIRENSE GOVERNADOR LEONEL DE MOURA BRIZOLA,1163.0,63.4,36.6,0.0
2023,RIO DE JANEIRO,33102210,CIEP 241 NACAO MANGUEIRENSE GOVERNADOR LEONEL DE MOURA BRIZOLA,922.0,64.8,29.7,5.5
2024,RIO DE JANEIRO,33102210,CIEP 241 NACAO MANGUEIRENSE GOVERNADOR LEONEL DE MOURA BRIZOLA,936.0,64.5,35.4,0.1
2025,RIO DE JANEIRO,33102210,CIEP 241 NACAO MANGUEIRENSE GOVERNADOR LEONEL DE MOURA BRIZOLA,841.0,81.0,10.2,8.8
2015,MARICÁ,33102414,CIEP 259 PROFESSORA MARIA DO AMPARO RANGEL DE SOUZA,682.0,86.1,10.8,3.1
2016,MARICÁ,33102414,CIEP 259 PROFESSORA MARIA DO AMPARO RANGEL DE SOUZA,859.0,80.6,12.0,7.4
2017,MARICÁ,33102414,CIEP 259 PROFESSORA MARIA DO AMPARO RANGEL DE SOUZA,675.0,86.9,12.3,0.8
2018,MARICÁ,33102414,CIEP 259 PROFESSORA MARIA DO AMPARO RANGEL DE SOUZA,578.0,85.0,13.2,1.8
2019,MARICÁ,33102414,CIEP 259 PROFESSORA MARIA DO AMPARO RANGEL DE SOUZA,910.0,62.9,30.4,6.7
2020,MARICÁ,33102414,CIEP 259 PROFESSORA MARIA DO AMPARO RANGEL DE SOUZA,1047.0,98.7,0.2,1.1
2021,MARICÁ,33102414,CIEP 259 PROFESSORA MARIA DO AMPARO RANGEL DE SOUZA,1332.0,95.9,3.9,0.2
2022,MARICÁ,33102414,CIEP 259 PROFESSORA MARIA DO AMPARO RANGEL DE SOUZA,1292.0,78.1,11.7,10.2
2023,MARICÁ,33102414,CIEP 259 PROFESSORA MARIA DO AMPARO RANGEL DE SOUZA,1348.0,72.5,18.4,9.1
2024,MARICÁ,33102414,CIEP 259 PROFESSORA MARIA DO AMPARO RANGEL DE SOUZA,1387.0,68.7,25.2,6.1
2025,MARICÁ,33102414,CIEP 259 PROFESSORA MARIA DO AMPARO RANGEL DE SOUZA,1382.0,75.3,15.6,9.1
2015,NITERÓI,33102503,CE DAVID CAPISTRANO,943.0,77.6,19.3,3.1
2016,NITERÓI,33102503,CE DAVID CAPISTRANO,914.0,54.4,37.0,8.6
2017,NITERÓI,33102503,CE DAVID CAPISTRANO,730.0,67.9,28.6,3.5
2018,NITERÓI,33102503,CE DAVID CAPISTRANO,741.0,75.3,19.2,5.5
2019,NITERÓI,33102503,CE DAVID CAPISTRANO,688.0,76.8,19.4,3.8
2020,NITERÓI,33102503,CE DAVID CAPISTRANO,678.0,97.6,2.4,0.0
2021,NITERÓI,33102503,CE DAVID CAPISTRANO,653.0,91.6,7.2,1.2
2022,NITERÓI,33102503,CE DAVID CAPISTRANO,654.0,77.3,19.5,3.2
2023,NITERÓI,33102503,CE DAVID CAPISTRANO,620.0,77.1,18.1,4.8
2024,NITERÓI,33102503,CE DAVID CAPISTRANO,539.0,78.9,19.0,2.1
2025,NITERÓI,33102503,CE DAVID CAPISTRANO,449.0,93.3,4.3,2.4
2017,NITERÓI,33102520,CIEP 307 DJANIRA,32.0,80.6,11.1,8.3
2018,NITERÓI,33102520,CIEP 307 DJANIRA,92.0,70.0,18.9,11.1
2019,NITERÓI,33102520,CIEP 307 DJANIRA,130.0,77.2,9.8,13.0
2020,NITERÓI,33102520,CIEP 307 DJANIRA,172.0,96.5,2.4,1.1
2021,NITERÓI,33102520,CIEP 307 DJANIRA,167.0,91.3,7.5,1.2
2022,NITERÓI,33102520,CIEP 307 DJANIRA,205.0,85.4,8.3,6.3
2023,NITERÓI,33102520,CIEP 307 DJANIRA,218.0,78.1,18.1,3.8
2024,NITERÓI,33102520,CIEP 307 DJANIRA,235.0,76.5,23.1,0.4
2025,NITERÓI,33102520,CIEP 307 DJANIRA,239.0,87.9,5.2,6.9
2015,SÃO GONÇALO,33103879,CIEP 413 ADAO PEREIRA NUNES,54.0,74.5,21.8,3.7
2016,SÃO GONÇALO,33103879,CIEP 413 ADAO PEREIRA NUNES,59.0,81.4,18.6,0.0
2017,SÃO GONÇALO,33103879,CIEP 413 ADAO PEREIRA NUNES,65.0,90.8,9.2,0.0
2018,SÃO GONÇALO,33103879,CIEP 413 ADAO PEREIRA NUNES,94.0,89.7,6.9,3.4
2019,SÃO GONÇALO,33103879,CIEP 413 ADAO PEREIRA NUNES,114.0,83.3,10.5,6.2
2020,SÃO GONÇALO,33103879,CIEP 413 ADAO PEREIRA NUNES BRASIL MEXICO,184.0,91.3,8.7,0.0
2021,SÃO GONÇALO,33103879,CIEP 413 ADAO PEREIRA NUNES BRASIL MEXICO,219.0,97.3,2.7,0.0
2022,SÃO GONÇALO,33103879,CIEP 413 ADAO PEREIRA NUNES BRASIL MEXICO,218.0,95.8,4.2,0.0
2023,SÃO GONÇALO,33103879,CIEP 413 ADAO PEREIRA NUNES BRASIL MEXICO,219.0,94.8,3.3,1.9
2024,SÃO GONÇALO,33103879,CIEP 413 ADAO PEREIRA NUNES BRASIL MEXICO,205.0,98.0,2.0,0.0
2025,SÃO GONÇALO,33103879,CIEP 413 ADAO PEREIRA NUNES BRASIL MEXICO,162.0,98.7,1.3,0.0
2015,SÃO GONÇALO,33103887,CIEP 408 SERGIO CARDOSO,19.0,85.7,14.3,0.0
2016,SÃO GONÇALO,33103887,CIEP 408 SERGIO CARDOSO,28.0,46.2,50.0,3.8
2017,SÃO GONÇALO,33103887,CIEP 408 SERGIO CARDOSO,48.0,82.2,15.6,2.2
2018,SÃO GONÇALO,33103887,CIEP 408 SERGIO CARDOSO,50.0,83.7,12.2,4.1
2019,SÃO GONÇALO,33103887,CIEP 408 SERGIO CARDOSO,52.0,93.3,6.7,0.0
2020,SÃO GONÇALO,33103887,CIEP 408 SERGIO CARDOSO,39.0,100.0,0.0,0.0
2021,SÃO GONÇALO,33103887,CIEP 408 SERGIO CARDOSO,58.0,93.3,6.7,0.0
2022,SÃO GONÇALO,33103887,CIEP 408 SERGIO CARDOSO,77.0,76.8,23.2,0.0
2023,SÃO GONÇALO,33103887,CIEP 408 SERGIO CARDOSO,62.0,78.6,21.4,0.0
2024,SÃO GONÇALO,33103887,CIEP 408 SERGIO CARDOSO,43.0,85.0,12.5,2.5
2025,SÃO GONÇALO,33103887,CIEP 408 SERGIO CARDOSO,29.0,79.2,0.0,20.8
2015,SÃO GONÇALO,33103909,CIEP 238 DOUTOR ILTON FARIA DA COSTA,318.0,81.0,14.8,4.2
2016,SÃO GONÇALO,33103909,CIEP 238 DOUTOR ILTON FARIA DA COSTA,353.0,74.9,13.7,11.4
2017,SÃO GONÇALO,33103909,CIEP 238 DOUTOR ILTON FARIA DA COSTA,304.0,74.8,12.6,12.6
2018,SÃO GONÇALO,33103909,CIEP 238 DOUTOR ILTON FARIA DA COSTA,308.0,70.7,21.7,7.6
2019,SÃO GONÇALO,33103909,CIEP 238 DOUTOR ILTON FARIA DA COSTA,318.0,68.4,24.7,6.9
2020,SÃO GONÇALO,33103909,CIEP 238 DOUTOR ILTON FARIA DA COSTA,303.0,99.7,0.3,0.0
2021,SÃO GONÇALO,33103909,CIEP 238 DOUTOR ILTON FARIA DA COSTA,250.0,98.8,1.2,0.0
2022,SÃO GONÇALO,33103909,CIEP BRIZOLAO 238 DOUTOR ILTON FARIA DA COSTA,283.0,67.0,24.7,8.3
2023,SÃO GONÇALO,33103909,CIEP 238 DOUTOR ILTON FARIA DA COSTA,275.0,66.9,27.3,5.8
2024,SÃO GONÇALO,33103909,CIEP 238 DOUTOR ILTON FARIA DA COSTA,295.0,69.7,18.8,11.5
2025,SÃO GONÇALO,33103909,CIEP 238 DOUTOR ILTON FARIA DA COSTA,240.0,92.3,5.1,2.6
2015,SÃO GONÇALO,33103917,CIEP 423 MORA GUIMARAES,10.0,63.6,0.0,36.4
2016,SÃO GONÇALO,33103917,CIEP 423 MORA GUIMARAES,17.0,53.3,0.0,46.7
2017,SÃO GONÇALO,33103917,CIEP 423 MORA GUIMARAES,10.0,62.5,12.5,25.0
2018,SÃO GONÇALO,33103917,CIEP 423 MORA GUIMARAES,38.0,52.8,16.7,30.5
2019,SÃO GONÇALO,33103917,CIEP 423 MORA GUIMARAES,43.0,58.1,18.6,23.3
2020,SÃO GONÇALO,33103917,CIEP 423 MORA GUIMARAES,59.0,71.2,16.9,11.9
2021,SÃO GONÇALO,33103917,CIEP 423 MORA GUIMARAES,70.0,72.3,13.8,13.9
2022,SÃO GONÇALO,33103917,CIEP 423 MORA GUIMARAES,86.0,79.2,6.5,14.3
2023,SÃO GONÇALO,33103917,CIEP 423 MORA GUIMARAES,92.0,79.8,9.5,10.7
2024,SÃO GONÇALO,33103917,CIEP 423 MORA GUIMARAES,83.0,90.7,9.3,0.0
2025,SÃO GONÇALO,33103917,CIEP 423 MORA GUIMARAES,94.0,93.5,0.0,6.5
2015,SÃO GONÇALO,33103925,CIEP 421 DEPUTADA CRISTINA TAVARES,23.0,100.0,0.0,0.0
2016,SÃO GONÇALO,33103925,CIEP 421 DEPUTADA CRISTINA TAVARES,40.0,73.0,10.8,16.2
2017,SÃO GONÇALO,33103925,CIEP 421 DEPUTADA CRISTINA TAVARES,59.0,83.6,10.9,5.5
2018,SÃO GONÇALO,33103925,CIEP 421 DEPUTADA CRISTINA TAVARES,47.0,88.0,4.0,8.0
2019,SÃO GONÇALO,33103925,CIEP 421 DEPUTADA CRISTINA TAVARES,65.0,71.9,10.9,17.2
2020,SÃO GONÇALO,33103925,CIEP 421 DEPUTADA CRISTINA TAVARES,61.0,90.2,9.8,0.0
2021,SÃO GONÇALO,33103925,CIEP 421 DEPUTADA CRISTINA TAVARES,72.0,92.5,6.0,1.5
2022,SÃO GONÇALO,33103925,CIEP 421 DEPUTADA CRISTINA TAVARES,62.0,78.3,18.3,3.4
2023,SÃO GONÇALO,33103925,CIEP 421 DEPUTADA CRISTINA TAVARES,47.0,78.7,14.9,6.4
2024,SÃO GONÇALO,33103925,CIEP 421 DEPUTADA CRISTINA TAVARES,45.0,90.7,7.0,2.3
2025,SÃO GONÇALO,33103925,CIEP 421 DEPUTADA CRISTINA TAVARES,63.0,96.8,3.2,0.0
2015,SÃO GONÇALO,33103941,CIEP 422 NICANOR FERREIRA NUNES,67.0,79.4,16.2,4.4
2016,SÃO GONÇALO,33103941,CIEP 422 NICANOR FERREIRA NUNES,54.0,73.7,15.8,10.5
2017,SÃO GONÇALO,33103941,CIEP 422 NICANOR FERREIRA NUNES,50.0,80.9,14.9,4.2
2018,SÃO GONÇALO,33103941,CIEP BRIZOLAO 422 NICANOR FERREIRA NUNES,39.0,75.0,22.5,2.5
2019,SÃO GONÇALO,33103941,CIEP 422 NICANOR FERREIRA NUNES,40.0,84.6,10.3,5.1
2020,SÃO GONÇALO,33103941,CIEP 422 NICANOR FERREIRA NUNES,35.0,100.0,0.0,0.0
2021,SÃO GONÇALO,33103941,CIEP 422 NICANOR FERREIRA NUNES,32.0,93.9,6.1,0.0
2022,SÃO GONÇALO,33103941,CIEP 422 NICANOR FERREIRA NUNES,30.0,92.9,7.1,0.0
2023,SÃO GONÇALO,33103941,CIEP 422 NICANOR FERREIRA NUNES,30.0,80.0,12.0,8.0
2024,SÃO GONÇALO,33103941,CIEP 422 NICANOR FERREIRA NUNES,33.0,78.8,21.2,0.0
2025,SÃO GONÇALO,33103941,CIEP 422 NICANOR FERREIRA NUNES,45.0,97.4,2.6,0.0
2015,SÃO GONÇALO,33103968,CIEP 439 LUIZ GONZAGA JUNIOR - GONZAGUINHA,356.0,77.7,21.1,1.2
2016,SÃO GONÇALO,33103968,CIEP BRIZOLAO 439 LUIZ GONZAGA JUNIOR - GONZAGUINHA,359.0,77.1,22.9,0.0
2017,SÃO GONÇALO,33103968,CIEP 439 LUIZ GONZAGA JUNIOR - GONZAGUINHA,295.0,85.1,14.9,0.0
2018,SÃO GONÇALO,33103968,CIEP BRIZOLAO 439 LUIZ GONZAGA JUNIOR - GONZAGUINHA,237.0,87.9,7.6,4.5
2019,SÃO GONÇALO,33103968,CIEP 439 LUIZ GONZAGA JUNIOR GONZAGUINHA,165.0,88.2,11.8,0.0
2020,SÃO GONÇALO,33103968,CIEP 439 LUIZ GONZAGA JUNIOR GONZAGUINHA,133.0,100.0,0.0,0.0
2021,SÃO GONÇALO,33103968,CIEP 439 LUIZ GONZAGA JUNIOR GONZAGUINHA,179.0,95.3,1.2,3.5
2022,SÃO GONÇALO,33103968,CIEP 439 LUIZ GONZAGA JUNIOR GONZAGUINHA,200.0,78.7,13.7,7.6
2023,SÃO GONÇALO,33103968,CIEP 439 LUIZ GONZAGA JUNIOR GONZAGUINHA,199.0,77.4,16.3,6.3
2024,SÃO GONÇALO,33103968,CIEP 439 LUIZ GONZAGA JUNIOR GONZAGUINHA,156.0,82.6,6.3,11.1
2025,SÃO GONÇALO,33103968,CIEP 439 LUIZ GONZAGA JUNIOR GONZAGUINHA,127.0,91.9,5.7,2.4
2015,SÃO GONÇALO,33104182,CIEP 409 ALAIDE DE FIGUEREDO SANTOS,321.0,80.3,14.6,5.1
2016,SÃO GONÇALO,33104182,CIEP 409 ALAIDE DE FIGUEREDO SANTOS,264.0,79.7,5.4,14.9
2017,SÃO GONÇALO,33104182,CIEP 409 ALAIDE DE FIGUEREDO SANTOS,357.0,67.7,27.5,4.8
2018,SÃO GONÇALO,33104182,CIEP 409 ALAIDE DE FIGUEREDO SANTOS,296.0,69.4,28.9,1.7
2019,SÃO GONÇALO,33104182,CIEP 409 ALAIDE DE FIGUEREDO SANTOS,272.0,74.2,17.6,8.2
2020,SÃO GONÇALO,33104182,CIEP BRIZOLAO 409 PROFESSORA ALAIDE DE FIGUEREDO SANTOS,235.0,65.3,34.7,0.0
2021,SÃO GONÇALO,33104182,CIEP BRIZOLAO 409 PROFESSORA ALAIDE DE FIGUEREDO SANTOS,231.0,94.3,5.7,0.0
2022,SÃO GONÇALO,33104182,CIEP BRIZOLAO 409 PROFESSORA ALAIDE DE FIGUEREDO SANTOS,309.0,72.1,13.4,14.5
2023,SÃO GONÇALO,33104182,CIEP 409 PROFESSORA ALAIDE DE FIGUEREDO SANTOS,318.0,76.3,13.3,10.4
2024,SÃO GONÇALO,33104182,CIEP 409 PROFESSORA ALAIDE DE FIGUEREDO SANTOS,292.0,82.5,10.5,7.0
2025,SÃO GONÇALO,33104182,CIEP 409 PROFESSORA ALAIDE DE FIGUEREDO SANTOS,266.0,90.2,8.6,1.2
2015,RIO DE JANEIRO,33104638,CIEP 195 ANIBAL MACHADO,85.0,69.4,27.1,3.5
2016,RIO DE JANEIRO,33104638,CIEP 195 ANIBAL MACHADO,84.0,60.0,22.5,17.5
2017,RIO DE JANEIRO,33104638,CIEP 195 ANIBAL MACHADO,75.0,58.7,41.3,0.0
2018,RIO DE JANEIRO,33104638,CIEP 195 ANIBAL MACHADO,61.0,68.8,20.3,10.9
2019,RIO DE JANEIRO,33104638,CIEP 195 ANIBAL MACHADO,80.0,51.9,3.8,44.3
2020,RIO DE JANEIRO,33104638,CIEP 195 ANIBAL MACHADO,68.0,97.1,2.9,0.0
2021,RIO DE JANEIRO,33104638,CIEP 195 ANIBAL MACHADO,98.0,94.8,4.2,1.0
2022,RIO DE JANEIRO,33104638,CIEP 195 ANIBAL MACHADO,73.0,78.3,21.7,0.0
2023,RIO DE JANEIRO,33104638,CIEP 195 ANIBAL MACHADO,61.0,77.0,4.9,18.1
2024,RIO DE JANEIRO,33104638,CIEP 195 ANIBAL MACHADO,26.0,76.0,8.0,16.0
2025,RIO DE JANEIRO,33104638,CIEP 195 ANIBAL MACHADO,34.0,84.4,3.1,12.5
2015,RIO DE JANEIRO,33105065,CAIC EUCLIDES DA CUNHA,1817.0,67.4,24.3,8.3
2016,RIO DE JANEIRO,33105065,CAIC EUCLIDES DA CUNHA,2047.0,63.1,23.9,13.0
2017,RIO DE JANEIRO,33105065,CAIC EUCLIDES DA CUNHA,1962.0,75.5,15.3,9.2
2018,RIO DE JANEIRO,33105065,CAIC EUCLIDES DA CUNHA,2258.0,76.2,14.6,9.2
2019,RIO DE JANEIRO,33105065,CAIC EUCLYDES DA CUNHA,2377.0,77.4,13.1,9.5
2020,RIO DE JANEIRO,33105065,CAIC EUCLYDES DA CUNHA,2518.0,86.1,13.9,0.0
2021,RIO DE JANEIRO,33105065,CAIC EUCLYDES DA CUNHA,2096.0,90.9,8.8,0.3
2022,RIO DE JANEIRO,33105065,CAIC EUCLYDES DA CUNHA,2309.0,81.8,9.5,8.7
2023,RIO DE JANEIRO,33105065,CAIC EUCLYDES DA CUNHA,2324.0,77.3,14.4,8.3
2024,RIO DE JANEIRO,33105065,CAIC EUCLYDES DA CUNHA,2281.0,81.0,11.7,7.3
2025,RIO DE JANEIRO,33105065,CAIC EUCLYDES DA CUNHA,2162.0,90.0,4.6,5.4
2015,RIO DE JANEIRO,33105103,CIEP 303 AYRTON SENNA DA SILVA,918.0,67.2,18.8,14.0
2016,RIO DE JANEIRO,33105103,CIEP 303 AYRTON SENNA DA SILVA,963.0,67.2,24.1,8.7
2017,RIO DE JANEIRO,33105103,CIEP 303 AYRTON SENNA DA SILVA,983.0,65.3,20.2,14.5
2018,RIO DE JANEIRO,33105103,CIEP 303 AYRTON SENNA DA SILVA,978.0,65.0,28.6,6.4
2019,RIO DE JANEIRO,33105103,CIEP 303 AYRTON SENNA DA SILVA,1138.0,58.6,38.0,3.4
2020,RIO DE JANEIRO,33105103,CIEP 303 AYRTON SENNA DA SILVA,1221.0,53.4,46.6,0.0
2021,RIO DE JANEIRO,33105103,CIEP 303 AYRTON SENNA DA SILVA,883.0,88.5,10.4,1.1
2022,RIO DE JANEIRO,33105103,CIEP 303 AYRTON SENNA DA SILVA,1273.0,55.5,17.8,26.7
2023,RIO DE JANEIRO,33105103,CIEP 303 AYRTON SENNA DA SILVA,1044.0,87.6,12.4,0.0
2024,RIO DE JANEIRO,33105103,CIEP 303 GP AYRTON SENNA,1080.0,61.9,34.4,3.7
2025,RIO DE JANEIRO,33105103,CIEP 303 GP AYRTON SENNA,923.0,82.0,17.0,1.0
2015,RIO DE JANEIRO,33105219,CIEP 379 RAUL SEIXAS,172.0,72.6,13.4,14.0
2016,RIO DE JANEIRO,33105219,CIEP 379 RAUL SEIXAS,188.0,72.4,7.9,19.7
2017,RIO DE JANEIRO,33105219,CIEP 379 RAUL SEIXAS,227.0,74.3,18.1,7.6
2018,RIO DE JANEIRO,33105219,CIEP 379 RAUL SEIXAS,301.0,68.4,21.1,10.5
2019,RIO DE JANEIRO,33105219,CIEP 379 RAUL SEIXAS,327.0,69.4,23.9,6.7
2020,RIO DE JANEIRO,33105219,CIEP 379 RAUL SEIXAS,364.0,95.6,4.4,0.0
2021,RIO DE JANEIRO,33105219,CIEP 379 RAUL SEIXAS,427.0,98.8,0.2,1.0
2022,RIO DE JANEIRO,33105219,CIEP 379 RAUL SEIXAS,467.0,84.9,7.8,7.3
2023,RIO DE JANEIRO,33105219,CIEP 379 RAUL SEIXAS,454.0,76.6,17.0,6.4
2024,RIO DE JANEIRO,33105219,CIEP 379 RAUL SEIXAS,448.0,73.7,11.5,14.8
2025,RIO DE JANEIRO,33105219,CIEP 379 RAUL SEIXAS,374.0,90.7,2.8,6.5
2015,RIO DE JANEIRO,33105294,CIEP 311 DEPUTADO BOCAYUVA CUNHA,1474.0,73.2,21.6,5.2
2016,RIO DE JANEIRO,33105294,CIEP 311 DEPUTADO BOCAYUVA CUNHA,1584.0,59.8,39.1,1.1
2017,RIO DE JANEIRO,33105294,CIEP 311 DEPUTADO BOCAYUVA CUNHA,1522.0,74.3,25.0,0.7
2018,RIO DE JANEIRO,33105294,CIEP 311 DEPUTADO BOCAYUVA CUNHA,1568.0,65.1,27.4,7.5
2019,RIO DE JANEIRO,33105294,CIEP 311 DEPUTADO BOCAYUVA CUNHA,1781.0,72.8,18.8,8.4
2020,RIO DE JANEIRO,33105294,CIEP 311 DEPUTADO BOCAYUVA CUNHA,1959.0,98.3,1.7,0.0
2021,RIO DE JANEIRO,33105294,CIEP 311 DEPUTADO BOCAYUVA CUNHA,1780.0,97.6,2.3,0.1
2022,RIO DE JANEIRO,33105294,CIEP 311 DEPUTADO BOCAYUVA CUNHA,1796.0,68.5,17.2,14.3
2023,RIO DE JANEIRO,33105294,CIEP 311 DEPUTADO BOCAYUVA CUNHA,1575.0,77.3,20.2,2.5
2024,RIO DE JANEIRO,33105294,CIEP 311 DEPUTADO BOCAYUVA CUNHA,1633.0,66.0,14.1,19.9
2025,RIO DE JANEIRO,33105294,CIEP 311 DEPUTADO BOCAYUVA CUNHA,1360.0,99.8,0.2,0.0
2015,RIO DE JANEIRO,33106550,CIEP 223 OLYMPIO MARQUES DOS SANTOS,1058.0,68.6,29.3,2.1
2016,RIO DE JANEIRO,33106550,CIEP 223 OLYMPIO MARQUES DOS SANTOS,896.0,59.2,40.7,0.1
2017,RIO DE JANEIRO,33106550,CIEP 223 OLYMPIO MARQUES DOS SANTOS,1022.0,68.0,29.2,2.8
2018,RIO DE JANEIRO,33106550,CIEP 223 OLYMPIO MARQUES DOS SANTOS,1037.0,67.7,25.8,6.5
2019,RIO DE JANEIRO,33106550,CIEP 223 OLYMPIO MARQUES DOS SANTOS,1101.0,65.4,29.7,4.9
2020,RIO DE JANEIRO,33106550,CIEP 223 OLYMPIO MARQUES DOS SANTOS,1178.0,86.9,13.1,0.0
2021,RIO DE JANEIRO,33106550,CIEP 223 OLYMPIO MARQUES DOS SANTOS,1099.0,85.5,8.7,5.8
2022,RIO DE JANEIRO,33106550,CIEP 223 OLYMPIO MARQUES DOS SANTOS,1038.0,62.9,25.5,11.6
2023,RIO DE JANEIRO,33106550,CIEP 223 OLYMPIO MARQUES DOS SANTOS,785.0,72.2,24.8,3.0
2024,RIO DE JANEIRO,33106550,CIEP 223 OLYMPIO MARQUES DOS SANTOS,805.0,66.0,31.4,2.6
2025,RIO DE JANEIRO,33106550,CIEP 223 OLYMPIO MARQUES DOS SANTOS,710.0,85.9,11.8,2.3
2015,RIO DE JANEIRO,33106584,CIEP 336 OCTAVIO MALTA,1050.0,74.7,23.4,1.9
2016,RIO DE JANEIRO,33106584,CIEP 336 OCTAVIO MALTA,1287.0,57.1,37.0,5.9
2017,RIO DE JANEIRO,33106584,CIEP 336 OCTAVIO MALTA,1199.0,63.9,21.2,14.9
2018,RIO DE JANEIRO,33106584,CIEP 336 OCTAVIO MALTA,1365.0,56.2,14.7,29.1
2019,RIO DE JANEIRO,33106584,CIEP 336 OCTAVIO MALTA,1494.0,67.3,20.4,12.3
2020,RIO DE JANEIRO,33106584,CIEP 336 OCTAVIO MALTA,1671.0,95.4,3.7,0.9
2021,RIO DE JANEIRO,33106584,CIEP 336 OCTAVIO MALTA,1522.0,93.2,6.8,0.0
2022,RIO DE JANEIRO,33106584,CIEP 336 OCTAVIO MALTA,1567.0,68.1,13.3,18.6
2023,RIO DE JANEIRO,33106584,CIEP 336 OCTAVIO MALTA,1331.0,73.8,13.0,13.2
2024,RIO DE JANEIRO,33106584,CIEP 336 OCTAVIO MALTA,1348.0,77.2,12.8,10.0
2025,RIO DE JANEIRO,33106584,CIEP 336 OCTAVIO MALTA,868.0,98.6,1.4,0.0
2015,RIO DE JANEIRO,33106592,CIEP 435 HELIO PELLEGRINO,1010.0,77.2,19.3,3.5
2016,RIO DE JANEIRO,33106592,CIEP 435 HELIO PELLEGRINO,1190.0,72.5,14.7,12.8
2017,RIO DE JANEIRO,33106592,CIEP 435 HELIO PELLEGRINO,1201.0,73.1,19.8,7.1
2018,RIO DE JANEIRO,33106592,CIEP 435 HELIO PELLEGRINO,1191.0,74.6,17.9,7.5
2019,RIO DE JANEIRO,33106592,CIEP 435 HELIO PELLEGRINO,1309.0,77.6,14.9,7.5
2020,RIO DE JANEIRO,33106592,CIEP 435 HELIO PELLEGRINO,1243.0,84.0,15.9,0.1
2021,RIO DE JANEIRO,33106592,CIEP 435 HELIO PELLEGRINO,1250.0,91.9,6.7,1.4
2022,RIO DE JANEIRO,33106592,CIEP 435 HELIO PELLEGRINO,1118.0,77.5,15.4,7.1
2023,RIO DE JANEIRO,33106592,CIEP 435 HELIO PELLEGRINO,975.0,82.8,11.7,5.5
2024,RIO DE JANEIRO,33106592,CIEP 435 HELIO PELLEGRINO,1051.0,82.8,11.6,5.6
2025,RIO DE JANEIRO,33106592,CIEP 435 HELIO PELLEGRINO,1030.0,94.6,3.8,1.6
2015,RIO DE JANEIRO,33106606,CIEP 224 TARSO DE CASTRO,878.0,65.9,17.5,16.6
2016,RIO DE JANEIRO,33106606,CIEP 224 TARSO DE CASTRO,953.0,66.8,10.7,22.5
2017,RIO DE JANEIRO,33106606,CIEP 224 TARSO DE CASTRO,938.0,72.3,13.4,14.3
2018,RIO DE JANEIRO,33106606,CIEP 224 TARSO DE CASTRO,1007.0,70.1,18.7,11.2
2019,RIO DE JANEIRO,33106606,CIEP 224 TARSO DE CASTRO,979.0,71.4,9.9,18.7
2020,RIO DE JANEIRO,33106606,CIEP 224 TARSO DE CASTRO,1049.0,60.2,26.1,13.7
2021,RIO DE JANEIRO,33106606,CIEP 224 TARSO DE CASTRO,877.0,87.7,1.0,11.3
2022,RIO DE JANEIRO,33106606,CIEP 224 TARSO DE CASTRO,855.0,60.3,18.7,21.0
2023,RIO DE JANEIRO,33106606,CIEP 224 TARSO DE CASTRO,725.0,69.8,26.0,4.2
2024,RIO DE JANEIRO,33106606,CIEP 224 TARSO DE CASTRO,757.0,57.2,18.6,24.2
2025,RIO DE JANEIRO,33106606,CIEP 224 TARSO DE CASTRO,646.0,91.5,3.1,5.4
2015,RIO DE JANEIRO,33106614,CIEP 386 GUILHERME DA SILVEIRA FILHO,1472.0,80.1,19.0,0.9
2016,RIO DE JANEIRO,33106614,CIEP 386 GUILHERME DA SILVEIRA FILHO,1438.0,74.3,16.0,9.7
2017,RIO DE JANEIRO,33106614,CIEP 386 GUILHERME DA SILVEIRA FILHO,1594.0,74.9,18.8,6.3
2018,RIO DE JANEIRO,33106614,CIEP 386 GUILHERME DA SILVEIRA FILHO,1733.0,77.8,16.4,5.8
2019,RIO DE JANEIRO,33106614,CIEP 386 GUILHERME DA SILVEIRA FILHO,1791.0,74.3,20.9,4.8
2020,RIO DE JANEIRO,33106614,CIEP 386 GUILHERME DA SILVEIRA FILHO,2138.0,97.7,2.2,0.1
2021,RIO DE JANEIRO,33106614,CIEP 386 GUILHERME DA SILVEIRA FILHO,2058.0,94.2,4.9,0.9
2022,RIO DE JANEIRO,33106614,CIEP 386 GUILHERME DA SILVEIRA FILHO,1834.0,77.3,15.0,7.7
2023,RIO DE JANEIRO,33106614,CIEP 386 GUILHERME DA SILVEIRA FILHO,1592.0,80.3,17.4,2.3
2024,RIO DE JANEIRO,33106614,CIEP 386 GUILHERME DA SILVEIRA FILHO,1563.0,79.2,14.1,6.7
2025,RIO DE JANEIRO,33106614,CIEP 386 GUILHERME DA SILVEIRA FILHO,1424.0,96.5,2.8,0.7
2015,RIO DE JANEIRO,33106630,CIEP 382 ASPIRANTE FRANCISCO MEGA,1208.0,64.0,24.3,11.7
2016,RIO DE JANEIRO,33106630,CIEP 382 ASPIRANTE FRANCISCO MEGA,1055.0,63.6,31.1,5.3
2017,RIO DE JANEIRO,33106630,CIEP 382 ASPIRANTE FRANCISCO MEGA,1281.0,72.5,18.8,8.7
2018,RIO DE JANEIRO,33106630,CIEP 382 ASPIRANTE FRANCISCO MEGA,1536.0,69.0,26.6,4.4
2019,RIO DE JANEIRO,33106630,CIEP 382 ASPIRANTE FRANCISCO MEGA,1693.0,63.6,28.9,7.5
2020,RIO DE JANEIRO,33106630,CIEP 382 ASPIRANTE FRANCISCO MEGA,2020.0,100.0,0.0,0.0
2021,RIO DE JANEIRO,33106630,CIEP 382 ASPIRANTE FRANCISCO MEGA,1767.0,87.7,12.2,0.1
2022,RIO DE JANEIRO,33106630,CIEP 382 ASPIRANTE FRANCISCO MEGA,1673.0,63.5,29.3,7.2
2023,RIO DE JANEIRO,33106630,CIEP 382 ASPIRANTE FRANCISCO MEGA,1307.0,69.4,23.9,6.7
2024,RIO DE JANEIRO,33106630,CIEP 382 ASPIRANTE FRANCISCO MEGA,1369.0,68.3,18.3,13.4
2025,RIO DE JANEIRO,33106630,CIEP 382 ASPIRANTE FRANCISCO MEGA,1150.0,89.1,8.5,2.4
2015,RIO DE JANEIRO,33106649,CIEP 312 RAUL RYFF,306.0,79.2,15.5,5.3
2016,RIO DE JANEIRO,33106649,CIEP 312 RAUL RYFF,284.0,58.7,34.4,6.9
2017,RIO DE JANEIRO,33106649,CIEP 312 RAUL RYFF,387.0,60.8,25.7,13.5
2018,RIO DE JANEIRO,33106649,CIEP 312 RAUL RYFF,588.0,69.3,28.0,2.7
2019,RIO DE JANEIRO,33106649,CIEP BRIZOLAO 312 RAUL RYFF,709.0,77.4,14.9,7.7
2020,RIO DE JANEIRO,33106649,CIEP 312 RAUL RYFF,866.0,94.4,5.3,0.3
2021,RIO DE JANEIRO,33106649,CIEP 312 RAUL RYFF,847.0,93.7,0.6,5.7
2022,RIO DE JANEIRO,33106649,CIEP 312 RAUL RYFF,742.0,84.0,12.7,3.3
2023,RIO DE JANEIRO,33106649,CIEP 312 RAUL RYFF,614.0,87.4,8.9,3.7
2024,RIO DE JANEIRO,33106649,CIEP 312 RAUL RYFF,707.0,86.6,12.1,1.3
2025,RIO DE JANEIRO,33106649,CIEP 312 RAUL RYFF,756.0,95.1,3.2,1.7
2015,RIO DE JANEIRO,33106657,CIEP 183 JOAO VITTA,580.0,70.0,28.1,1.9
2016,RIO DE JANEIRO,33106657,CIEP 183 JOAO VITTA,744.0,62.5,14.6,22.9
2017,RIO DE JANEIRO,33106657,CIEP 183 JOAO VITTA,661.0,89.5,5.5,5.0
2018,RIO DE JANEIRO,33106657,CIEP 183 JOAO VITTA,724.0,70.9,21.0,8.1
2019,RIO DE JANEIRO,33106657,CIEP 183 JOAO VITTA,1031.0,66.9,32.9,0.2
2020,RIO DE JANEIRO,33106657,CIEP 183 JOAO VITTA,1321.0,87.5,11.3,1.2
2021,RIO DE JANEIRO,33106657,CIEP 183 JOAO VITTA,1503.0,98.9,0.0,1.1
2022,RIO DE JANEIRO,33106657,CIEP 183 JOAO VITTA,1503.0,67.2,32.0,0.8
2023,RIO DE JANEIRO,33106657,CIEP 183 JOAO VITTA,1139.0,74.5,24.8,0.7
2024,RIO DE JANEIRO,33106657,CIEP 183 JOAO VITTA,1233.0,62.0,29.4,8.6
2025,RIO DE JANEIRO,33106657,CIEP 183 JOAO VITTA,958.0,98.9,0.2,0.9
2015,RIO DE JANEIRO,33106665,CIEP 432 ALBERTO CAVALCANTI,508.0,85.0,10.0,5.0
2016,RIO DE JANEIRO,33106665,CIEP 432 ALBERTO CAVALCANTI,407.0,78.6,11.2,10.2
2017,RIO DE JANEIRO,33106665,CIEP 432 ALBERTO CAVALCANTI,379.0,72.2,19.7,8.1
2018,RIO DE JANEIRO,33106665,CIEP 432 ALBERTO CAVALCANTI,394.0,76.9,14.7,8.4
2019,RIO DE JANEIRO,33106665,CIEP 432 ALBERTO CAVALCANTI,570.0,73.3,19.8,6.9
2020,RIO DE JANEIRO,33106665,CIEP 432 ALBERTO CAVALCANTI,573.0,91.3,8.7,0.0
2021,RIO DE JANEIRO,33106665,CIEP 432 ALBERTO CAVALCANTI,685.0,94.4,5.3,0.3
2022,RIO DE JANEIRO,33106665,CIEP 432 ALBERTO CAVALCANTI,538.0,78.8,11.4,9.8
2023,RIO DE JANEIRO,33106665,CIEP 432 ALBERTO CAVALCANTI,452.0,81.6,12.3,6.1
2024,RIO DE JANEIRO,33106665,CIEP 432 ALBERTO CAVALCANTI,431.0,74.0,18.0,8.0
2025,RIO DE JANEIRO,33106665,CIEP 432 ALBERTO CAVALCANTI,419.0,96.2,0.3,3.5
2015,RIO DE JANEIRO,33106673,CIEP 392 MARIO DE ANDRADE,1465.0,85.0,12.2,2.8
2016,RIO DE JANEIRO,33106673,CIEP 392 MARIO DE ANDRADE,1526.0,74.0,25.8,0.2
2017,RIO DE JANEIRO,33106673,CIEP 392 MARIO DE ANDRADE,1364.0,78.4,14.1,7.5
2018,RIO DE JANEIRO,33106673,CIEP 392 MARIO DE ANDRADE,1425.0,75.1,23.5,1.4
2019,RIO DE JANEIRO,33106673,CIEP 392 MARIO DE ANDRADE,1419.0,71.2,22.0,6.8
2020,RIO DE JANEIRO,33106673,CIEP 392 MARIO DE ANDRADE,1392.0,65.9,33.4,0.7
2021,RIO DE JANEIRO,33106673,CIEP 392 MARIO DE ANDRADE,1316.0,95.0,1.8,3.2
2022,RIO DE JANEIRO,33106673,CIEP 392 MARIO DE ANDRADE,1433.0,68.3,25.1,6.6
2023,RIO DE JANEIRO,33106673,CIEP 392 MARIO DE ANDRADE,1167.0,69.7,22.6,7.7
2024,RIO DE JANEIRO,33106673,CIEP 392 MARIO DE ANDRADE,1292.0,69.9,21.1,9.0
2025,RIO DE JANEIRO,33106673,CIEP 392 MARIO DE ANDRADE,1204.0,97.1,2.9,0.0
2015,RIO DE JANEIRO,33106681,CIEP 305 HEITOR DOS PRAZERES,1896.0,72.1,20.0,7.9
2016,RIO DE JANEIRO,33106681,CIEP 305 HEITOR DOS PRAZERES,2149.0,63.5,16.8,19.7
2017,RIO DE JANEIRO,33106681,CIEP 305 HEITOR DOS PRAZERES,1936.0,69.7,23.6,6.7
2018,RIO DE JANEIRO,33106681,CIEP 305 HEITOR DOS PRAZERES,1930.0,67.5,27.0,5.5
2019,RIO DE JANEIRO,33106681,CIEP 305 HEITOR DOS PRAZERES,2056.0,67.8,20.4,11.8
2020,RIO DE JANEIRO,33106681,CIEP 305 HEITOR DOS PRAZERES,2485.0,80.8,19.1,0.1
2021,RIO DE JANEIRO,33106681,CIEP 305 HEITOR DOS PRAZERES,2023.0,90.8,7.9,1.3
2022,RIO DE JANEIRO,33106681,CIEP 305 HEITOR DOS PRAZERES,2202.0,72.7,16.4,10.9
2023,RIO DE JANEIRO,33106681,CIEP 305 HEITOR DOS PRAZERES,2029.0,72.2,14.3,13.5
2024,RIO DE JANEIRO,33106681,CIEP 305 HEITOR DOS PRAZERES,2175.0,71.4,6.0,22.6
2025,RIO DE JANEIRO,33106681,CIEP 305 HEITOR DOS PRAZERES,1906.0,94.6,0.6,4.8
2015,RIO DE JANEIRO,33106690,CIEP 225 MARIO QUINTANA,1493.0,76.2,18.7,5.1
2016,RIO DE JANEIRO,33106690,CIEP 225 MARIO QUINTANA,1195.0,72.4,15.4,12.2
2017,RIO DE JANEIRO,33106690,CIEP 225 MARIO QUINTANA,1364.0,69.7,24.9,5.4
2018,RIO DE JANEIRO,33106690,CIEP 225 MARIO QUINTANA,1537.0,69.4,30.3,0.3
2019,RIO DE JANEIRO,33106690,CIEP 225 MARIO QUINTANA,1505.0,70.2,22.9,6.9
2020,RIO DE JANEIRO,33106690,CIEP 225 MARIO QUINTANA,1882.0,98.5,1.4,0.1
2021,RIO DE JANEIRO,33106690,CIEP 225 MARIO QUINTANA,1922.0,97.3,2.7,0.0
2022,RIO DE JANEIRO,33106690,CIEP 225 MARIO QUINTANA,1883.0,73.1,25.0,1.9
2023,RIO DE JANEIRO,33106690,CIEP 225 MARIO QUINTANA,1674.0,74.9,23.3,1.8
2024,RIO DE JANEIRO,33106690,CIEP 225 MARIO QUINTANA,1695.0,79.2,17.9,2.9
2025,RIO DE JANEIRO,33106690,CIEP 225 MARIO QUINTANA,1704.0,92.2,6.6,1.2
2015,RIO DE JANEIRO,33106703,CIEP 244 OSWALDO ARANHA,421.0,65.4,31.5,3.1
2016,RIO DE JANEIRO,33106703,CIEP 244 OSWALDO ARANHA,658.0,49.6,33.7,16.7
2017,RIO DE JANEIRO,33106703,CIEP 244 OSWALDO ARANHA,514.0,71.1,19.3,9.6
2018,RIO DE JANEIRO,33106703,CIEP 244 OSWALDO ARANHA,669.0,67.9,22.5,9.6
2019,RIO DE JANEIRO,33106703,CIEP 244 OSWALDO ARANHA,695.0,73.6,15.1,11.3
2020,RIO DE JANEIRO,33106703,CIEP 244 OSWALDO ARANHA,782.0,99.5,0.5,0.0
2021,RIO DE JANEIRO,33106703,CIEP 244 OSWALDO ARANHA,835.0,100.0,0.0,0.0
2022,RIO DE JANEIRO,33106703,CIEP 244 OSWALDO ARANHA,705.0,75.0,22.8,2.2
2023,RIO DE JANEIRO,33106703,CIEP 244 OSWALDO ARANHA,669.0,65.3,31.7,3.0
2024,RIO DE JANEIRO,33106703,CIEP 244 OSWALDO ARANHA,680.0,67.5,25.2,7.3
2025,RIO DE JANEIRO,33106703,CIEP 244 OSWALDO ARANHA,607.0,87.3,12.7,0.0
2015,RIO DE JANEIRO,33106711,CIEP 362 ROBERTO BURLE MARX,822.0,55.7,34.0,10.3
2016,RIO DE JANEIRO,33106711,CIEP 362 ROBERTO BURLE MARX,842.0,54.3,26.1,19.6
2017,RIO DE JANEIRO,33106711,CIEP 362 ROBERTO BURLE MARX,830.0,63.3,31.7,5.0
2018,RIO DE JANEIRO,33106711,CIEP 362 ROBERTO BURLE MARX,935.0,53.2,35.6,11.2
2019,RIO DE JANEIRO,33106711,CIEP 362 ROBERTO BURLE MARX,1119.0,57.7,32.2,10.1
2020,RIO DE JANEIRO,33106711,CIEP 362 ROBERTO BURLE MARX,1142.0,69.6,30.3,0.1
2021,RIO DE JANEIRO,33106711,CIEP 362 ROBERTO BURLE MARX,1169.0,95.6,1.2,3.2
2022,RIO DE JANEIRO,33106711,CIEP 362 ROBERTO BURLE MARX,1184.0,61.5,23.6,14.9
2023,RIO DE JANEIRO,33106711,CIEP 362 ROBERTO BURLE MARX,898.0,70.4,20.4,9.2
2024,RIO DE JANEIRO,33106711,CIEP 362 ROBERTO BURLE MARX,902.0,70.8,17.2,12.0
2025,RIO DE JANEIRO,33106711,CIEP 362 ROBERTO BURLE MARX,849.0,86.1,7.1,6.8
2015,RIO DE JANEIRO,33106720,CIEP 313 RUBEM BRAGA,546.0,72.4,17.6,10.0
2016,RIO DE JANEIRO,33106720,CIEP 313 RUBEM BRAGA,678.0,62.9,23.2,13.9
2017,RIO DE JANEIRO,33106720,CIEP 313 RUBEM BRAGA,749.0,66.6,17.9,15.5
2018,RIO DE JANEIRO,33106720,CIEP 313 RUBEM BRAGA,761.0,60.3,32.6,7.1
2019,RIO DE JANEIRO,33106720,CIEP 313 RUBEM BRAGA,899.0,64.2,19.5,16.3
2020,RIO DE JANEIRO,33106720,CIEP 313 RUBEM BRAGA,945.0,97.9,2.1,0.0
2021,RIO DE JANEIRO,33106720,CIEP 313 RUBEM BRAGA,849.0,98.9,1.1,0.0
2022,RIO DE JANEIRO,33106720,CIEP 313 RUBEM BRAGA,962.0,81.4,13.0,5.6
2023,RIO DE JANEIRO,33106720,CIEP 313 RUBEM BRAGA,745.0,59.3,22.3,18.4
2024,RIO DE JANEIRO,33106720,CIEP 313 RUBEM BRAGA,700.0,61.7,20.7,17.6
2025,RIO DE JANEIRO,33106720,CIEP 313 RUBEM BRAGA,541.0,89.7,2.4,7.9
2015,RIO DE JANEIRO,33106738,CIEP 433 TOGO RENAN SOARES KANELA,1470.0,76.4,20.5,3.1
2016,RIO DE JANEIRO,33106738,CIEP 433 TOGO RENAN SOARES KANELA,1616.0,63.9,25.1,11.0
2017,RIO DE JANEIRO,33106738,CIEP 433 TOGO RENAN SOARES KANELA,1529.0,70.3,26.4,3.3
2018,RIO DE JANEIRO,33106738,CIEP 433 TOGO RENAN SOARES KANELA,1508.0,67.4,28.4,4.2
2019,RIO DE JANEIRO,33106738,CIEP 433 TOGO RENAN SOARES KANELA,1590.0,68.7,22.7,8.6
2020,RIO DE JANEIRO,33106738,CIEP 433 TOGO RENAN SOARES KANELA,1763.0,79.7,16.2,4.1
2021,RIO DE JANEIRO,33106738,CIEP 433 TOGO RENAN SOARES KANELA,1755.0,97.8,2.1,0.1
2022,RIO DE JANEIRO,33106738,CIEP 433 TOGO RENAN SOARES KANELA,1726.0,66.2,32.1,1.7
2023,RIO DE JANEIRO,33106738,CIEP 433 TOGO RENAN SOARES KANELA,1439.0,66.7,26.5,6.8
2024,RIO DE JANEIRO,33106738,CIEP 433 TOGO RENAN SOARES KANELA,1334.0,72.7,25.7,1.6
2025,RIO DE JANEIRO,33106738,CIEP 433 TOGO RENAN SOARES KANELA,1240.0,84.8,12.5,2.7
2015,RIO DE JANEIRO,33106746,CIEP 165 BRIGADEIRO SERGIO CARVALHO,1099.0,72.2,18.7,9.1
2016,RIO DE JANEIRO,33106746,CIEP 165 BRIGADEIRO SERGIO CARVALHO,1141.0,60.7,26.7,12.6
2017,RIO DE JANEIRO,33106746,CIEP 165 BRIGADEIRO SERGIO CARVALHO,1068.0,65.9,33.0,1.1
2018,RIO DE JANEIRO,33106746,CIEP 165 BRIGADEIRO SERGIO CARVALHO,1161.0,60.9,38.4,0.7
2019,RIO DE JANEIRO,33106746,CIEP 165 BRIGADEIRO SERGIO CARVALHO,1173.0,66.3,20.5,13.2
2020,RIO DE JANEIRO,33106746,CIEP 165 BRIGADEIRO SERGIO CARVALHO,1226.0,100.0,0.0,0.0
2021,RIO DE JANEIRO,33106746,CIEP 165 BRIGADEIRO SERGIO CARVALHO,1454.0,98.8,1.2,0.0
2022,RIO DE JANEIRO,33106746,CIEP 165 BRIGADEIRO SERGIO CARVALHO,1320.0,72.9,22.6,4.5
2023,RIO DE JANEIRO,33106746,CIEP 165 BRIGADEIRO SERGIO CARVALHO,1066.0,58.5,29.6,11.9
2024,RIO DE JANEIRO,33106746,CIEP 165 BRIGADEIRO SERGIO CARVALHO,1013.0,66.9,27.4,5.7
2025,RIO DE JANEIRO,33106746,CIEP 165 BRIGADEIRO SERGIO CARVALHO,897.0,81.9,12.8,5.3
2015,NITERÓI,33108579,CIEP 448 RUY FRAZAO SOARES,149.0,80.7,9.7,9.6
2016,NITERÓI,33108579,CIEP 448 RUY FRAZAO SOARES,208.0,75.0,19.2,5.8
2017,NITERÓI,33108579,CIEP 448 RUY FRAZAO SOARES,199.0,67.2,28.6,4.2
2018,NITERÓI,33108579,CIEP 448 RUY FRAZAO SOARES,154.0,83.1,10.8,6.1
2019,NITERÓI,33108579,CIEP 448 RUY FRAZAO SOARES,186.0,77.8,16.8,5.4
2020,NITERÓI,33108579,CIEP 448 RUY FRAZAO SOARES,175.0,97.7,1.8,0.5
2021,NITERÓI,33108579,CIEP 448 RUY FRAZAO SOARES,144.0,95.9,1.4,2.7
2022,NITERÓI,33108579,CIEP 448 RUY FRAZAO SOARES,196.0,78.5,14.9,6.6
2023,NITERÓI,33108579,CIEP 448 RUY FRAZAO SOARES,201.0,73.1,24.9,2.0
2024,NITERÓI,33108579,CIEP 448 RUY FRAZAO SOARES,228.0,70.8,25.5,3.7
2025,NITERÓI,33108579,CIEP 448 RUY FRAZAO SOARES,176.0,82.1,8.9,9.0
2015,RIO DE JANEIRO,33110476,CIEP 418 ANTONIO CARLOS BERNARDES -MUSSUM,176.0,91.4,8.6,0.0
2016,RIO DE JANEIRO,33110476,CIEP 418 ANTONIO CARLOS BERNARDES -MUSSUM,145.0,70.1,15.0,14.9
2017,RIO DE JANEIRO,33110476,CIEP 418 ANTONIO CARLOS BERNARDES -MUSSUM,115.0,84.5,15.5,0.0
2018,RIO DE JANEIRO,33110476,CIEP 418 ANTONIO CARLOS BERNARDES -MUSSUM,147.0,76.4,2.8,20.8
2019,RIO DE JANEIRO,33110476,CIEP 418 ANTONIO CARLOS BERNARDES MUSSUM,151.0,74.1,10.8,15.1
2020,RIO DE JANEIRO,33110476,CIEP 418 ANTONIO CARLOS BERNARDES MUSSUM,150.0,58.8,40.5,0.7
2021,RIO DE JANEIRO,33110476,CIEP 418 ANTONIO CARLOS BERNARDES MUSSUM,159.0,70.8,21.7,7.5
2022,RIO DE JANEIRO,33110476,CIEP 418 ANTONIO CARLOS BERNARDES MUSSUM,152.0,77.8,13.3,8.9
2023,RIO DE JANEIRO,33110476,CIEP 418 ANTONIO CARLOS BERNARDES MUSSUM,122.0,71.4,10.1,18.5
2024,RIO DE JANEIRO,33110476,CIEP 418 ANTONIO CARLOS BERNARDES MUSSUM,92.0,93.1,6.9,0.0
2025,RIO DE JANEIRO,33110476,CIEP 418 ANTONIO CARLOS BERNARDES MUSSUM,83.0,97.5,2.5,0.0
2015,RIO DE JANEIRO,33110638,CIEP 205 FREI AGOSTINHO FINCIAS,263.0,69.6,15.9,14.5
2016,RIO DE JANEIRO,33110638,CIEP 205 FREI AGOSTINHO FINCIAS,416.0,51.5,26.4,22.1
2017,RIO DE JANEIRO,33110638,CIEP 205 FREI AGOSTINHO FINCIAS,422.0,61.9,20.1,18.0
2018,RIO DE JANEIRO,33110638,CIEP 205 FREI AGOSTINHO FINCIAS,426.0,65.1,26.2,8.7
2019,RIO DE JANEIRO,33110638,CIEP 205 FREI AGOSTINHO FINCIAS,479.0,61.0,26.9,12.1
2020,RIO DE JANEIRO,33110638,CIEP 205 FREI AGOSTINHO FINCIAS,547.0,72.1,26.8,1.1
2021,RIO DE JANEIRO,33110638,CIEP 205 FREI AGOSTINHO FINCIAS,606.0,80.8,19.1,0.1
2022,RIO DE JANEIRO,33110638,CIEP 205 FREI AGOSTINHO FINCIAS,496.0,54.4,33.4,12.2
2023,RIO DE JANEIRO,33110638,CIEP 205 FREI AGOSTINHO FINCIAS,364.0,64.8,22.0,13.2
2024,RIO DE JANEIRO,33110638,CIEP 205 FREI AGOSTINHO FINCIAS,345.0,64.2,18.0,17.8
2025,RIO DE JANEIRO,33110638,CIEP 205 FREI AGOSTINHO FINCIAS,365.0,80.3,1.6,18.1
2015,RIO DE JANEIRO,33110646,CIEP 323 MARIA WERNECK DE CASTRO,834.0,71.3,11.5,17.2
2016,RIO DE JANEIRO,33110646,CIEP 323 MARIA WERNECK DE CASTRO,820.0,66.7,8.1,25.2
2017,RIO DE JANEIRO,33110646,CIEP 323 MARIA WERNECK DE CASTRO,728.0,73.0,15.7,11.3
2018,RIO DE JANEIRO,33110646,CIEP 323 MARIA WERNECK DE CASTRO,821.0,71.3,14.3,14.4
2019,RIO DE JANEIRO,33110646,CIEP 323 MARIA WERNECK DE CASTRO,998.0,72.7,16.8,10.5
2020,RIO DE JANEIRO,33110646,CIEP 323 MARIA WERNECK DE CASTRO,944.0,99.6,0.4,0.0
2021,RIO DE JANEIRO,33110646,CIEP 323 MARIA WERNECK DE CASTRO,753.0,98.8,0.9,0.3
2022,RIO DE JANEIRO,33110646,CIEP 323 MARIA WERNECK DE CASTRO,608.0,72.9,8.0,19.1
2023,RIO DE JANEIRO,33110646,CIEP 323 MARIA WERNECK DE CASTRO,385.0,73.2,12.6,14.2
2024,RIO DE JANEIRO,33110646,CIEP 323 MARIA WERNECK DE CASTRO,393.0,74.4,12.7,12.9
2025,RIO DE JANEIRO,33110646,CIEP 323 MARIA WERNECK DE CASTRO,380.0,84.8,3.7,11.5
2015,RIO DE JANEIRO,33110654,CIEP 092 FREDERICO FELLINI,491.0,75.8,12.1,12.1
2016,RIO DE JANEIRO,33110654,CIEP 092 FREDERICO FELLINI,693.0,60.3,29.4,10.3
2017,RIO DE JANEIRO,33110654,CIEP 092 FREDERICO FELLINI,607.0,62.3,20.7,17.0
2018,RIO DE JANEIRO,33110654,CIEP 092 FREDERICO FELLINI,585.0,75.5,22.6,1.9
2019,RIO DE JANEIRO,33110654,CIEP 092 FREDERICO FELLINI,642.0,62.1,15.3,22.6
2020,RIO DE JANEIRO,33110654,CIEP 092 FEDERICO FELLINI,826.0,73.6,26.4,0.0
2021,RIO DE JANEIRO,33110654,CIEP 092 FEDERICO FELLINI,629.0,76.8,17.4,5.8
2022,RIO DE JANEIRO,33110654,CIEP 092 FEDERICO FELLINI,718.0,62.7,10.0,27.3
2023,RIO DE JANEIRO,33110654,CIEP 092 FEDERICO FELLINI,745.0,73.2,13.5,13.3
2024,RIO DE JANEIRO,33110654,CIEP 092 FEDERICO FELLINI,777.0,69.9,26.3,3.8
2025,RIO DE JANEIRO,33110654,CIEP 092 FEDERICO FELLINI,720.0,86.0,5.4,8.6
2016,RIO DE JANEIRO,33111626,CE LUIZA MAHIN,4.0,66.7,0.0,33.3
2017,RIO DE JANEIRO,33111626,CE LUIZA MAHIN,3.0,33.3,0.0,66.7
2018,RIO DE JANEIRO,33111626,CE LUIZA MAHIN,5.0,66.7,0.0,33.3
2019,RIO DE JANEIRO,33111626,CE LUIZA MAHIN,6.0,75.0,25.0,0.0
2020,RIO DE JANEIRO,33111626,CE LUIZA MAHIN,5.0,100.0,0.0,0.0
2021,RIO DE JANEIRO,33111626,CE LUIZA MAHIN,3.0,100.0,0.0,0.0
2022,RIO DE JANEIRO,33111626,CE LUIZA MAHIN,8.0,75.0,25.0,0.0
2023,RIO DE JANEIRO,33111626,CE LUIZA MAHIN,5.0,100.0,0.0,0.0
2024,RIO DE JANEIRO,33111626,CE LUIZA MAHIN,11.0,100.0,0.0,0.0
2025,RIO DE JANEIRO,33111626,CE LUIZA MAHIN,13.0,100.0,0.0,0.0
2015,RIO DE JANEIRO,33111707,CE CANDEIA,4.0,100.0,0.0,0.0
2016,RIO DE JANEIRO,33111707,CE CANDEIA,18.0,100.0,0.0,0.0
2017,RIO DE JANEIRO,33111707,CE CANDEIA,11.0,100.0,0.0,0.0
2018,RIO DE JANEIRO,33111707,CE CANDEIA,11.0,57.1,42.9,0.0
2019,RIO DE JANEIRO,33111707,CE CANDEIA,13.0,90.0,10.0,0.0
2020,RIO DE JANEIRO,33111707,CE CANDEIA,9.0,100.0,0.0,0.0
2021,RIO DE JANEIRO,33111707,CE CANDEIA,12.0,100.0,0.0,0.0
2022,RIO DE JANEIRO,33111707,CE CANDEIA,9.0,50.0,50.0,0.0
2023,RIO DE JANEIRO,33111707,CE CANDEIA,11.0,80.0,20.0,0.0
2024,RIO DE JANEIRO,33111707,CE CANDEIA,16.0,91.7,8.3,0.0
2025,RIO DE JANEIRO,33111707,CE CANDEIA,11.0,100.0,0.0,0.0
2015,SÃO GONÇALO,33114366,CE MARIO TAMBORINDEGUY,105.0,62.4,34.7,2.9
2016,SÃO GONÇALO,33114366,CE MARIO TAMBORINDEGUY,117.0,61.9,24.7,13.4
2017,SÃO GONÇALO,33114366,CE MARIO TAMBORINDEGUY,92.0,71.3,22.3,6.4
2018,SÃO GONÇALO,33114366,CE MARIO TAMBORINDEGUY,90.0,84.3,15.7,0.0
2019,SÃO GONÇALO,33114366,CE MARIO TAMBORINDEGUY,85.0,80.8,16.7,2.5
2020,SÃO GONÇALO,33114366,CE MARIO TAMBORINDEGUY,85.0,95.2,4.8,0.0
2021,SÃO GONÇALO,33114366,CE MARIO TAMBORINDEGUY,87.0,93.1,6.9,0.0
2022,SÃO GONÇALO,33114366,CE MARIO TAMBORINDEGUY,83.0,70.7,18.7,10.6
2023,SÃO GONÇALO,33114366,CE MARIO TAMBORINDEGUY,72.0,77.6,17.1,5.3
2024,SÃO GONÇALO,33114366,CE MARIO TAMBORINDEGUY,82.0,88.2,7.9,3.9
2025,SÃO GONÇALO,33114366,CE MARIO TAMBORINDEGUY,100.0,84.7,7.1,8.2
2015,RIO DE JANEIRO,33117950,CE PROFESSOR AUGUSTO MOTTA,205.0,73.2,9.6,17.2
2016,RIO DE JANEIRO,33117950,CE PROFESSOR AUGUSTO MOTTA,260.0,49.8,9.7,40.5
2017,RIO DE JANEIRO,33117950,CE PROFESSOR AUGUSTO MOTTA,204.0,64.0,5.9,30.1
2018,RIO DE JANEIRO,33117950,CE PROFESSOR AUGUSTO MOTTA,198.0,47.7,19.6,32.7
2019,RIO DE JANEIRO,33117950,CE PROFESSOR AUGUSTO MOTTA,270.0,42.7,12.7,44.6
2020,RIO DE JANEIRO,33117950,CE PROFESSOR AUGUSTO MOTTA,193.0,63.7,36.3,0.0
2021,RIO DE JANEIRO,33117950,CE PROFESSOR AUGUSTO MOTTA,155.0,88.4,3.9,7.7
2022,RIO DE JANEIRO,33117950,CE PROFESSOR AUGUSTO MOTTA,132.0,57.6,7.6,34.8
2023,RIO DE JANEIRO,33117950,CE PROFESSOR AUGUSTO MOTTA,122.0,66.1,14.4,19.5
2024,RIO DE JANEIRO,33117950,CE PROFESSOR AUGUSTO MOTTA,123.0,57.8,16.4,25.8
2025,RIO DE JANEIRO,33117950,CE PROFESSOR AUGUSTO MOTTA,90.0,85.7,1.2,13.1
2015,RIO DE JANEIRO,33117969,ESCOLA TECNICA ESTADUAL ADOLPHO BLOCH,794.0,82.3,14.8,2.9
2016,RIO DE JANEIRO,33117969,ESCOLA TECNICA ESTADUAL ADOLPHO BLOCH,868.0,0.0,0.0,100.0
2017,RIO DE JANEIRO,33117969,ESCOLA TECNICA ESTADUAL ADOLPHO BLOCH,583.0,73.7,18.1,8.2
2018,RIO DE JANEIRO,33117969,ESCOLA TECNICA ESTADUAL ADOLPHO BLOCH,482.0,75.7,19.5,4.8
2019,RIO DE JANEIRO,33117969,ESCOLA TECNICA ESTADUAL ADOLPHO BLOCH,533.0,80.7,14.3,5.0
2020,RIO DE JANEIRO,33117969,ESCOLA TECNICA ESTADUAL ADOLPHO BLOCH,565.0,100.0,0.0,0.0
2021,RIO DE JANEIRO,33117969,ESCOLA TECNICA ESTADUAL ADOLPHO BLOCH,551.0,86.1,12.4,1.5
2022,RIO DE JANEIRO,33117969,ESCOLA TECNICA ESTADUAL ADOLPHO BLOCH,463.0,87.4,7.1,5.5
2023,RIO DE JANEIRO,33117969,ESCOLA TECNICA ESTADUAL ADOLPHO BLOCH,542.0,91.7,5.0,3.3
2024,RIO DE JANEIRO,33117969,ESCOLA TECNICA ESTADUAL ADOLPHO BLOCH,543.0,94.2,4.6,1.2
2025,RIO DE JANEIRO,33117969,ESCOLA TECNICA ESTADUAL ADOLPHO BLOCH,605.0,96.3,3.2,0.5
2015,RIO DE JANEIRO,33117977,ESCOLA TECNICA ESTADUAL SANTA CRUZ,1195.0,86.9,9.9,3.2
2016,RIO DE JANEIRO,33117977,ESCOLA TECNICA ESTADUAL SANTA CRUZ,1182.0,0.0,0.0,100.0
2017,RIO DE JANEIRO,33117977,ESCOLA TECNICA ESTADUAL SANTA CRUZ,836.0,84.4,13.2,2.4
2018,RIO DE JANEIRO,33117977,ESCOLA TECNICA ESTADUAL SANTA CRUZ,739.0,83.3,11.4,5.3
2019,RIO DE JANEIRO,33117977,ESCOLA TECNICA ESTADUAL SANTA CRUZ,627.0,87.1,11.5,1.4
2020,RIO DE JANEIRO,33117977,ESCOLA TECNICA ESTADUAL SANTA CRUZ,667.0,100.0,0.0,0.0
2021,RIO DE JANEIRO,33117977,ESCOLA TECNICA ESTADUAL SANTA CRUZ,906.0,91.3,8.7,0.0
2022,RIO DE JANEIRO,33117977,ESCOLA TECNICA ESTADUAL SANTA CRUZ,687.0,95.4,3.3,1.3
2023,RIO DE JANEIRO,33117977,ESCOLA TECNICA ESTADUAL SANTA CRUZ,775.0,96.1,3.0,0.9
2024,RIO DE JANEIRO,33117977,ESCOLA TECNICA ESTADUAL SANTA CRUZ,736.0,95.4,4.0,0.6
2025,RIO DE JANEIRO,33117977,ESCOLA TECNICA ESTADUAL SANTA CRUZ,749.0,94.2,3.8,2.0
2015,RIO DE JANEIRO,33120692,CAIC THEOPHILO DE SOUZA PINTO,450.0,63.0,22.2,14.8
2016,RIO DE JANEIRO,33120692,CAIC THEOPHILO DE SOUZA PINTO,493.0,55.0,27.9,17.1
2017,RIO DE JANEIRO,33120692,CAIC THEOPHILO DE SOUZA PINTO,509.0,57.3,40.9,1.8
2018,RIO DE JANEIRO,33120692,CAIC THEOPHILO DE SOUZA PINTO,627.0,46.3,35.4,18.3
2019,RIO DE JANEIRO,33120692,CAIC THEOPHILO DE SOUZA PINTO,738.0,48.5,26.0,25.5
2020,RIO DE JANEIRO,33120692,CAIC THEOPHILO DE SOUZA PINTO,792.0,89.0,11.0,0.0
2021,RIO DE JANEIRO,33120692,CAIC THEOPHILO DE SOUZA PINTO,660.0,81.8,17.6,0.6
2022,RIO DE JANEIRO,33120692,CAIC THEOPHILO DE SOUZA PINTO,892.0,48.7,25.6,25.7
2023,RIO DE JANEIRO,33120692,CAIC THEOPHILO DE SOUZA PINTO,774.0,49.7,25.4,24.9
2024,RIO DE JANEIRO,33120692,CAIC THEOPHILO DE SOUZA PINTO,681.0,49.0,31.4,19.6
2025,RIO DE JANEIRO,33120692,CAIC THEOPHILO DE SOUZA PINTO,641.0,74.9,24.5,0.6
2018,RIO DE JANEIRO,33124620,CE PADRE CARLOS LEONCIO DA SILVA,11.0,100.0,0.0,0.0
2019,RIO DE JANEIRO,33124620,CE PADRE CARLOS LEONCIO DA SILVA,39.0,82.4,17.6,0.0
2020,RIO DE JANEIRO,33124620,CE PADRE CARLOS LEONCIO DA SILVA,34.0,89.5,10.5,0.0
2021,RIO DE JANEIRO,33124620,CE PADRE CARLOS LEONCIO DA SILVA,31.0,100.0,0.0,0.0
2022,RIO DE JANEIRO,33124620,CE PADRE CARLOS LEONCIO DA SILVA,30.0,100.0,0.0,0.0
2023,RIO DE JANEIRO,33124620,CE PADRE CARLOS LEONCIO DA SILVA,36.0,68.0,32.0,0.0
2024,RIO DE JANEIRO,33124620,CE PADRE CARLOS LEONCIO DA SILVA,39.0,63.0,37.0,0.0
2025,RIO DE JANEIRO,33124620,CE PADRE CARLOS LEONCIO DA SILVA,29.0,100.0,0.0,0.0
2015,RIO DE JANEIRO,33124922,CE OLAVO JOSINO DE SALLES,271.0,68.8,12.0,19.2
2016,RIO DE JANEIRO,33124922,CE OLAVO JOSINO DE SALLES,287.0,69.4,9.6,21.0
2017,RIO DE JANEIRO,33124922,CE OLAVO JOSINO DE SALLES,294.0,76.6,16.2,7.2
2018,RIO DE JANEIRO,33124922,CE OLAVO JOSINO DE SALLES,332.0,65.0,22.4,12.6
2019,RIO DE JANEIRO,33124922,CE OLAVO JOSINO DE SALLES,382.0,63.2,12.5,24.3
2020,RIO DE JANEIRO,33124922,CE OLAVO JOSINO DE SALLES,411.0,99.8,0.2,0.0
2021,RIO DE JANEIRO,33124922,CE OLAVO JOSINO DE SALLES,409.0,93.1,6.9,0.0
2022,RIO DE JANEIRO,33124922,CE OLAVO JOSINO DE SALLES,412.0,62.2,32.6,5.2
2023,RIO DE JANEIRO,33124922,CE OLAVO JOSINO DE SALLES,338.0,58.1,20.6,21.3
2024,RIO DE JANEIRO,33124922,CE OLAVO JOSINO DE SALLES,325.0,61.7,26.5,11.8
2025,RIO DE JANEIRO,33124922,CE OLAVO JOSINO DE SALLES,286.0,80.6,2.1,17.3
2015,RIO DE JANEIRO,33125304,CE MISSIONARIO MARIO WAY,1430.0,69.8,29.3,0.9
2016,RIO DE JANEIRO,33125304,CE MISSIONARIO MARIO WAY,1402.0,67.9,27.2,4.9
2017,RIO DE JANEIRO,33125304,CE MISSIONARIO MARIO WAY,1370.0,65.0,29.1,5.9
2018,RIO DE JANEIRO,33125304,CE MISSIONARIO MARIO WAY,1414.0,72.5,18.1,9.4
2019,RIO DE JANEIRO,33125304,CE MISSIONARIO MARIO WAY,1502.0,76.1,20.9,3.0
2020,RIO DE JANEIRO,33125304,CE MISSIONARIO MARIO WAY,1647.0,94.8,5.2,0.0
2021,RIO DE JANEIRO,33125304,CE MISSIONARIO MARIO WAY,1590.0,95.9,0.1,4.0
2022,RIO DE JANEIRO,33125304,CE MISSIONARIO MARIO WAY,1570.0,82.2,13.7,4.1
2023,RIO DE JANEIRO,33125304,CE MISSIONARIO MARIO WAY,1533.0,80.3,17.0,2.7
2024,RIO DE JANEIRO,33125304,CE MISSIONARIO MARIO WAY,1600.0,87.0,11.6,1.4
2025,RIO DE JANEIRO,33125304,CE MISSIONARIO MARIO WAY,1566.0,97.1,2.9,0.0
2015,RIO DE JANEIRO,33125317,CE PROFESSORA LUIZA MARINHO,1340.0,77.7,21.1,1.2
2016,RIO DE JANEIRO,33125317,CE PROFESSORA LUIZA MARINHO,1267.0,69.9,22.7,7.4
2017,RIO DE JANEIRO,33125317,CE PROFESSORA LUIZA MARINHO,1336.0,73.8,21.4,4.8
2018,RIO DE JANEIRO,33125317,CE PROFESSORA LUIZA MARINHO,1426.0,74.1,22.7,3.2
2019,RIO DE JANEIRO,33125317,CE PROFESSORA LUIZA MARINHO,1494.0,68.8,24.1,7.1
2020,RIO DE JANEIRO,33125317,CE PROFESSORA LUIZA MARINHO,1494.0,94.4,5.6,0.0
2021,RIO DE JANEIRO,33125317,CE PROFESSORA LUIZA MARINHO,1280.0,88.2,8.4,3.4
2022,RIO DE JANEIRO,33125317,CE PROFESSORA LUIZA MARINHO,1359.0,77.5,13.3,9.2
2023,RIO DE JANEIRO,33125317,CE PROFESSORA LUIZA MARINHO,1305.0,77.2,14.6,8.2
2024,RIO DE JANEIRO,33125317,CE PROFESSORA LUIZA MARINHO,1242.0,79.5,15.6,4.9
2025,RIO DE JANEIRO,33125317,CE PROFESSORA LUIZA MARINHO,1057.0,92.7,2.5,4.8
2015,RIO DE JANEIRO,33125333,CE IRINEU JOSE FERREIRA,1071.0,81.8,12.7,5.5
2016,RIO DE JANEIRO,33125333,CE IRINEU JOSE FERREIRA,1191.0,71.3,15.8,12.9
2017,RIO DE JANEIRO,33125333,CE IRINEU JOSE FERREIRA,1166.0,79.5,16.5,4.0
2018,RIO DE JANEIRO,33125333,CE IRINEU JOSE FERREIRA,1097.0,84.6,10.4,5.0
2019,RIO DE JANEIRO,33125333,CE IRINEU JOSE FERREIRA,1201.0,80.5,10.7,8.8
2020,RIO DE JANEIRO,33125333,CE IRINEU JOSE FERREIRA,1205.0,86.3,13.7,0.0
2021,RIO DE JANEIRO,33125333,CE IRINEU JOSE FERREIRA,1182.0,98.0,2.0,0.0
2022,RIO DE JANEIRO,33125333,CE IRINEU JOSE FERREIRA,1180.0,87.9,12.1,0.0
2023,RIO DE JANEIRO,33125333,CE IRINEU JOSE FERREIRA,912.0,82.5,12.2,5.3
2024,RIO DE JANEIRO,33125333,CE IRINEU JOSE FERREIRA,897.0,86.6,12.0,1.4
2025,RIO DE JANEIRO,33125333,CE IRINEU JOSE FERREIRA,897.0,97.1,2.9,0.0
2015,RIO DE JANEIRO,33125341,CE CORA CORALINA,387.0,70.3,16.9,12.8
2016,RIO DE JANEIRO,33125341,CE CORA CORALINA,317.0,54.2,45.8,0.0
2017,RIO DE JANEIRO,33125341,CE CORA CORALINA,255.0,79.3,6.3,14.4
2018,RIO DE JANEIRO,33125341,CE CORA CORALINA,258.0,68.5,31.5,0.0
2019,RIO DE JANEIRO,33125341,CE CORA CORALINA,315.0,64.8,21.5,13.7
2020,RIO DE JANEIRO,33125341,CE CORA CORALINA,327.0,56.3,43.7,0.0
2021,RIO DE JANEIRO,33125341,CE CORA CORALINA,227.0,88.2,3.5,8.3
2022,RIO DE JANEIRO,33125341,CE CORA CORALINA,255.0,64.0,18.9,17.1
2023,RIO DE JANEIRO,33125341,CE CORA CORALINA,153.0,64.2,6.2,29.6
2024,RIO DE JANEIRO,33125341,CE CORA CORALINA,175.0,56.6,9.0,34.4
2025,RIO DE JANEIRO,33125341,CE CORA CORALINA,103.0,91.1,0.0,8.9
2015,RIO DE JANEIRO,33125627,CE MINISTRO MARCOS FREIRE,409.0,71.4,13.5,15.1
2016,RIO DE JANEIRO,33125627,CE MINISTRO MARCOS FREIRE,511.0,67.6,21.8,10.6
2017,RIO DE JANEIRO,33125627,CE MINISTRO MARCOS FREIRE,472.0,81.1,11.6,7.3
2018,RIO DE JANEIRO,33125627,CE MINISTRO MARCOS FREIRE,438.0,54.9,44.9,0.2
2019,RIO DE JANEIRO,33125627,CE MINISTRO MARCOS FREIRE,475.0,57.4,7.1,35.5
2020,RIO DE JANEIRO,33125627,CE MINISTRO MARCOS FREIRE,497.0,100.0,0.0,0.0
2021,RIO DE JANEIRO,33125627,CE MINISTRO MARCOS FREIRE,500.0,100.0,0.0,0.0
2022,RIO DE JANEIRO,33125627,CE MINISTRO MARCOS FREIRE,508.0,49.1,34.2,16.7
2023,RIO DE JANEIRO,33125627,CE MINISTRO MARCOS FREIRE,467.0,58.9,39.6,1.5
2024,RIO DE JANEIRO,33125627,CE MINISTRO MARCOS FREIRE,369.0,73.5,26.2,0.3
2025,RIO DE JANEIRO,33125627,CE MINISTRO MARCOS FREIRE,269.0,96.5,3.1,0.4
2015,RIO DE JANEIRO,33125740,CE PAULO FREIRE,765.0,82.1,13.7,4.2
2016,RIO DE JANEIRO,33125740,CE PAULO FREIRE,790.0,59.1,20.7,20.2
2017,RIO DE JANEIRO,33125740,CE PAULO FREIRE,560.0,72.4,24.3,3.3
2018,RIO DE JANEIRO,33125740,CE PAULO FREIRE,565.0,71.5,24.7,3.8
2019,RIO DE JANEIRO,33125740,CE PAULO FREIRE,608.0,70.4,20.6,9.0
2020,RIO DE JANEIRO,33125740,CE PAULO FREIRE,718.0,98.9,0.8,0.3
2021,RIO DE JANEIRO,33125740,CE PAULO FREIRE,635.0,89.2,7.2,3.6
2022,RIO DE JANEIRO,33125740,CE PAULO FREIRE,631.0,78.8,14.6,6.6
2023,RIO DE JANEIRO,33125740,CE PAULO FREIRE,539.0,80.0,10.6,9.4
2024,RIO DE JANEIRO,33125740,CE PAULO FREIRE,502.0,73.6,18.0,8.4
2025,RIO DE JANEIRO,33125740,CE PAULO FREIRE,416.0,91.5,2.9,5.6
2015,RIO DE JANEIRO,33125805,CE PROFESSOR TEOFILO MOREIRA DA COSTA,348.0,88.5,1.7,9.8
2016,RIO DE JANEIRO,33125805,CE PROFESSOR TEOFILO MOREIRA DA COSTA,308.0,88.4,7.2,4.4
2017,RIO DE JANEIRO,33125805,CE PROFESSOR TEOFILO MOREIRA DA COSTA,341.0,90.5,8.1,1.4
2018,RIO DE JANEIRO,33125805,CE PROFESSOR TEOFILO MOREIRA DA COSTA,406.0,81.6,9.3,9.1
2019,RIO DE JANEIRO,33125805,CE PROFESSOR TEOFILO MOREIRA DA COSTA,406.0,85.3,6.6,8.1
2020,RIO DE JANEIRO,33125805,CE TEOFILO MOREIRA DA COSTA,347.0,94.2,5.8,0.0
2021,RIO DE JANEIRO,33125805,CE TEOFILO MOREIRA DA COSTA,358.0,93.2,0.0,6.8
2022,RIO DE JANEIRO,33125805,CE TEOFILO MOREIRA DA COSTA,355.0,86.4,7.4,6.2
2023,RIO DE JANEIRO,33125805,CE TEOFILO MOREIRA DA COSTA,346.0,86.2,13.8,0.0
2024,RIO DE JANEIRO,33125805,CE TEOFILO MOREIRA DA COSTA,357.0,87.5,10.8,1.7
2025,RIO DE JANEIRO,33125805,CE TEOFILO MOREIRA DA COSTA,344.0,95.6,4.4,0.0
2015,RIO DE JANEIRO,33126105,CE FINLANDIA,409.0,72.4,15.7,11.9
2016,RIO DE JANEIRO,33126105,CE FINLANDIA,447.0,61.7,9.9,28.4
2017,RIO DE JANEIRO,33126105,CE FINLANDIA,318.0,78.6,4.5,16.9
2018,RIO DE JANEIRO,33126105,CE FINLANDIA,321.0,80.9,9.1,10.0
2019,RIO DE JANEIRO,33126105,CE FINLANDIA,334.0,80.8,8.7,10.5
2020,RIO DE JANEIRO,33126105,CE FINLANDIA,409.0,79.6,20.4,0.0
2021,RIO DE JANEIRO,33126105,CE FINLANDIA,393.0,78.2,21.5,0.3
2022,RIO DE JANEIRO,33126105,CE FINLANDIA,465.0,72.6,5.4,22.0
2023,RIO DE JANEIRO,33126105,CE FINLANDIA,391.0,82.1,4.1,13.8
2024,RIO DE JANEIRO,33126105,CE FINLANDIA,394.0,82.7,7.0,10.3
2025,RIO DE JANEIRO,33126105,CE FINLANDIA,339.0,96.3,0.3,3.4
2015,RIO DE JANEIRO,33126160,CE OLGA BENARIO PRESTES,1861.0,82.8,11.9,5.3
2016,RIO DE JANEIRO,33126160,CE OLGA BENARIO PRESTES,2045.0,77.4,14.7,7.9
2017,RIO DE JANEIRO,33126160,CE OLGA BENARIO PRESTES,2128.0,83.1,14.2,2.7
2018,RIO DE JANEIRO,33126160,CE OLGA BENARIO PRESTES,2257.0,83.4,16.3,0.3
2019,RIO DE JANEIRO,33126160,CE OLGA BENARIO PRESTES,2369.0,83.3,15.5,1.2
2020,RIO DE JANEIRO,33126160,CE OLGA BENARIO PRESTES,2370.0,88.3,7.6,4.1
2021,RIO DE JANEIRO,33126160,CE OLGA BENARIO PRESTES,1831.0,99.6,0.3,0.1
2022,RIO DE JANEIRO,33126160,CE OLGA BENARIO PRESTES,2188.0,80.9,12.1,7.0
2023,RIO DE JANEIRO,33126160,CE OLGA BENARIO PRESTES,2170.0,79.5,10.4,10.1
2024,RIO DE JANEIRO,33126160,CE OLGA BENARIO PRESTES,2146.0,78.4,11.2,10.4
2025,RIO DE JANEIRO,33126160,CE OLGA BENARIO PRESTES,2150.0,90.3,8.2,1.5
2015,RIO DE JANEIRO,33126216,CE PROFESSORA DIUMA MADEIRA SALLES DE SOUZA,829.0,75.1,19.5,5.4
2016,RIO DE JANEIRO,33126216,CE PROFESSORA DIUMA MADEIRA SALLES DE SOUZA,713.0,52.7,43.1,4.2
2017,RIO DE JANEIRO,33126216,CE PROFESSORA DIUMA MADEIRA SALLES DE SOUZA,529.0,66.3,23.8,9.9
2018,RIO DE JANEIRO,33126216,CE PROFESSORA DIUMA MADEIRA SALLES DE SOUZA,505.0,61.5,25.3,13.2
2019,RIO DE JANEIRO,33126216,CE PROFESSORA DIUMA MADEIRA SALLES DE SOUZA,512.0,62.6,30.8,6.6
2020,RIO DE JANEIRO,33126216,CE PROFESSORA DIUMA MADEIRA SALLES DE SOUZA,600.0,99.2,0.0,0.8
2021,RIO DE JANEIRO,33126216,CE PROFESSORA DIUMA MADEIRA SALLES DE SOUZA,524.0,98.9,0.4,0.7
2022,RIO DE JANEIRO,33126216,CE PROFESSORA DIUMA MADEIRA SALLES DE SOUZA,600.0,64.2,33.8,2.0
2023,RIO DE JANEIRO,33126216,CE PROFESSORA DIUMA MADEIRA SALLES DE SOUZA,488.0,76.4,22.4,1.2
2024,RIO DE JANEIRO,33126216,CE PROFESSORA DIUMA MADEIRA SALLES DE SOUZA,437.0,71.9,26.6,1.5
2025,RIO DE JANEIRO,33126216,CE PROFESSORA DIUMA MADEIRA SALLES DE SOUZA,444.0,78.6,19.0,2.4
2015,RIO DE JANEIRO,33126224,CE HERBERT DE SOUZA,944.0,67.8,22.9,9.3
2016,RIO DE JANEIRO,33126224,CE HERBERT DE SOUZA,992.0,57.6,22.5,19.9
2017,RIO DE JANEIRO,33126224,CE HERBERT DE SOUZA,744.0,73.3,19.4,7.3
2018,RIO DE JANEIRO,33126224,CE HERBERT DE SOUZA,731.0,65.4,24.5,10.1
2019,RIO DE JANEIRO,33126224,CE HERBERT DE SOUZA,806.0,71.2,9.9,18.9
2020,RIO DE JANEIRO,33126224,CE HERBERT DE SOUZA,832.0,87.1,12.3,0.6
2021,RIO DE JANEIRO,33126224,CE HERBERT DE SOUZA,652.0,97.3,0.6,2.1
2022,RIO DE JANEIRO,33126224,CE HERBERT DE SOUZA,463.0,87.3,3.6,9.1
2023,RIO DE JANEIRO,33126224,CE HERBERT DE SOUZA,386.0,71.3,26.7,2.0
2024,RIO DE JANEIRO,33126224,CE HERBERT DE SOUZA,370.0,71.8,18.0,10.2
2025,RIO DE JANEIRO,33126224,CE HERBERT DE SOUZA,447.0,87.8,1.8,10.4
2015,RIO DE JANEIRO,33126232,CE COMPOSITOR LUIZ GONZAGA,301.0,80.3,10.7,9.0
2016,RIO DE JANEIRO,33126232,CE COMPOSITOR LUIZ GONZAGA,297.0,54.9,19.0,26.1
2017,RIO DE JANEIRO,33126232,CE COMPOSITOR LUIZ GONZAGA,251.0,75.8,15.7,8.5
2018,RIO DE JANEIRO,33126232,CE COMPOSITOR LUIZ GONZAGA,280.0,72.1,18.1,9.8
2019,RIO DE JANEIRO,33126232,CE COMPOSITOR LUIZ GONZAGA,243.0,79.4,11.5,9.1
2020,RIO DE JANEIRO,33126232,CE COMPOSITOR LUIZ GONZAGA,266.0,90.9,9.1,0.0
2021,RIO DE JANEIRO,33126232,CE COMPOSITOR LUIZ GONZAGA,238.0,99.6,0.4,0.0
2022,RIO DE JANEIRO,33126232,CE COMPOSITOR LUIZ GONZAGA,255.0,68.4,13.0,18.6
2023,RIO DE JANEIRO,33126232,CE COMPOSITOR LUIZ GONZAGA,226.0,82.7,6.7,10.6
2024,RIO DE JANEIRO,33126232,CE COMPOSITOR LUIZ GONZAGA,228.0,81.6,7.0,11.4
2025,RIO DE JANEIRO,33126232,CE COMPOSITOR LUIZ GONZAGA,234.0,87.4,0.4,12.2
2015,RIO DE JANEIRO,33126259,CE ROSA LUXEMBURGO,330.0,67.0,26.1,6.9
2016,RIO DE JANEIRO,33126259,CE ROSA LUXEMBURGO,325.0,60.1,7.5,32.4
2017,RIO DE JANEIRO,33126259,CE ROSA LUXEMBURGO,335.0,67.0,20.8,12.2
2018,RIO DE JANEIRO,33126259,CE ROSA LUXEMBURGO,237.0,70.4,20.0,9.6
2019,RIO DE JANEIRO,33126259,CE ROSA LUXEMBURGO,253.0,70.8,19.9,9.3
2020,RIO DE JANEIRO,33126259,CE ROSA LUXEMBURGO,259.0,69.4,30.6,0.0
2021,RIO DE JANEIRO,33126259,CE ROSA LUXEMBURGO,155.0,73.9,14.6,11.5
2022,RIO DE JANEIRO,33126259,CE ROSA LUXEMBURGO,123.0,66.9,15.7,17.4
2023,RIO DE JANEIRO,33126259,CE ROSA LUXEMBURGO,118.0,74.2,10.2,15.6
2024,RIO DE JANEIRO,33126259,CE ROSA LUXEMBURGO,124.0,63.6,19.5,16.9
2025,RIO DE JANEIRO,33126259,CE ROSA LUXEMBURGO,112.0,81.4,11.5,7.1
2015,RIO DE JANEIRO,33126267,CE PROFESSOR HORACIO MACEDO,286.0,94.5,5.1,0.4
2016,RIO DE JANEIRO,33126267,CE PROFESSOR HORACIO MACEDO,220.0,81.1,16.6,2.3
2017,RIO DE JANEIRO,33126267,CE PROFESSOR HORACIO MACEDO,219.0,83.5,16.5,0.0
2018,RIO DE JANEIRO,33126267,CE PROFESSOR HORACIO MACEDO,266.0,80.9,18.7,0.4
2019,RIO DE JANEIRO,33126267,CE PROFESSOR HORACIO MACEDO,258.0,72.2,26.3,1.5
2020,RIO DE JANEIRO,33126267,CE PROFESSOR HORACIO MACEDO,241.0,94.7,5.3,0.0
2021,RIO DE JANEIRO,33126267,CE PROFESSOR HORACIO MACEDO,270.0,92.6,7.4,0.0
2022,RIO DE JANEIRO,33126267,CE PROFESSOR HORACIO MACEDO,229.0,86.1,13.5,0.4
2023,RIO DE JANEIRO,33126267,CE PROFESSOR HORACIO MACEDO,234.0,90.1,9.5,0.4
2024,RIO DE JANEIRO,33126267,CE PROFESSOR HORACIO MACEDO,234.0,87.6,12.4,0.0
2025,RIO DE JANEIRO,33126267,CE PROFESSOR HORACIO MACEDO,248.0,98.7,1.3,0.0
2015,RIO DE JANEIRO,33126747,CE MADRE TERESA DE CALCUTA,1241.0,80.8,18.3,0.9
2016,RIO DE JANEIRO,33126747,CE MADRE TERESA DE CALCUTA,1320.0,74.0,26.0,0.0
2017,RIO DE JANEIRO,33126747,CE MADRE TERESA DE CALCUTA,1325.0,79.2,19.6,1.2
2018,RIO DE JANEIRO,33126747,CE MADRE TERESA DE CALCUTA,1368.0,86.6,13.4,0.0
2019,RIO DE JANEIRO,33126747,CE MADRE TERESA DE CALCUTA,1290.0,84.8,15.2,0.0
2020,RIO DE JANEIRO,33126747,CE MADRE TERESA DE CALCUTA,1355.0,99.5,0.5,0.0
2021,RIO DE JANEIRO,33126747,CE MADRE TERESA DE CALCUTA,1302.0,94.6,5.4,0.0
2022,RIO DE JANEIRO,33126747,CE MADRE TERESA DE CALCUTA,1350.0,81.1,18.9,0.0
2023,RIO DE JANEIRO,33126747,CE MADRE TERESA DE CALCUTA,1211.0,82.0,18.0,0.0
2024,RIO DE JANEIRO,33126747,CE MADRE TERESA DE CALCUTA,1169.0,80.9,19.0,0.1
2025,RIO DE JANEIRO,33126747,CE MADRE TERESA DE CALCUTA,1090.0,96.0,2.2,1.8
2015,RIO DE JANEIRO,33126755,CE MONTEIRO DE CARVALHO,652.0,70.5,23.6,5.9
2016,RIO DE JANEIRO,33126755,CE MONTEIRO DE CARVALHO,616.0,57.8,21.5,20.7
2017,RIO DE JANEIRO,33126755,CE MONTEIRO DE CARVALHO,511.0,57.7,33.6,8.7
2018,RIO DE JANEIRO,33126755,CE MONTEIRO DE CARVALHO,542.0,65.0,24.7,10.3
2019,RIO DE JANEIRO,33126755,CE MONTEIRO DE CARVALHO,523.0,68.5,23.7,7.8
2020,RIO DE JANEIRO,33126755,CE MONTEIRO DE CARVALHO,495.0,91.8,8.0,0.2
2021,RIO DE JANEIRO,33126755,CE MONTEIRO DE CARVALHO,418.0,90.6,9.4,0.0
2022,RIO DE JANEIRO,33126755,CE MONTEIRO DE CARVALHO,283.0,64.4,18.6,17.0
2023,RIO DE JANEIRO,33126755,CE MONTEIRO DE CARVALHO,216.0,72.9,27.1,0.0
2024,RIO DE JANEIRO,33126755,CE MONTEIRO DE CARVALHO,249.0,75.5,21.4,3.1
2025,RIO DE JANEIRO,33126755,CE MONTEIRO DE CARVALHO,271.0,89.7,3.8,6.5
2015,RIO DE JANEIRO,33126852,CE PROFESSORA MARIA NAZARETH CAVALCANTI SILVA,1327.0,76.0,17.7,6.3
2016,RIO DE JANEIRO,33126852,CE PROFESSORA MARIA NAZARETH CAVALCANTI SILVA,1409.0,68.3,17.4,14.3
2017,RIO DE JANEIRO,33126852,CE PROFESSORA MARIA NAZARETH CAVALCANTI SILVA,1134.0,69.2,30.8,0.0
2018,RIO DE JANEIRO,33126852,CE PROFESSORA MARIA NAZARETH CAVALCANTI SILVA,1226.0,73.1,26.9,0.0
2019,RIO DE JANEIRO,33126852,CE PROFESSORA MARIA NAZARETH CAVALCANTI SILVA,1326.0,87.9,12.0,0.1
2020,RIO DE JANEIRO,33126852,CE PROFESSORA MARIA NAZARETH CAVALCANTI SILVA,1432.0,70.9,29.1,0.0
2021,RIO DE JANEIRO,33126852,CE PROFESSORA MARIA NAZARETH CAVALCANTI SILVA,1022.0,91.3,6.7,2.0
2022,RIO DE JANEIRO,33126852,CE PROFESSORA MARIA NAZARETH CAVALCANTI SILVA,1176.0,73.5,18.3,8.2
2023,RIO DE JANEIRO,33126852,CE PROFESSORA MARIA NAZARETH CAVALCANTI SILVA,905.0,71.2,18.3,10.5
2024,RIO DE JANEIRO,33126852,CE PROFESSORA MARIA NAZARETH CAVALCANTI SILVA,878.0,64.2,31.9,3.9
2025,RIO DE JANEIRO,33126852,CE PROFESSORA MARIA NAZARETH CAVALCANTI SILVA,783.0,81.2,16.9,1.9
2015,RIO DE JANEIRO,33126941,CE CHIQUINHA GONZAGA,275.0,80.1,15.8,4.1
2016,RIO DE JANEIRO,33126941,CE CHIQUINHA GONZAGA,323.0,59.9,37.3,2.8
2017,RIO DE JANEIRO,33126941,CE CHIQUINHA GONZAGA,301.0,61.4,29.3,9.3
2018,RIO DE JANEIRO,33126941,CE CHIQUINHA GONZAGA,265.0,66.4,27.7,5.9
2019,RIO DE JANEIRO,33126941,CE CHIQUINHA GONZAGA,311.0,68.4,7.2,24.4
2020,RIO DE JANEIRO,33126941,CE CHIQUINHA GONZAGA,328.0,84.6,15.1,0.3
2021,RIO DE JANEIRO,33126941,CE CHIQUINHA GONZAGA,310.0,73.9,21.8,4.3
2022,RIO DE JANEIRO,33126941,CE CHIQUINHA GONZAGA,236.0,76.8,9.4,13.8
2023,RIO DE JANEIRO,33126941,CE CHIQUINHA GONZAGA,219.0,77.8,17.1,5.1
2024,RIO DE JANEIRO,33126941,CE CHIQUINHA GONZAGA,197.0,84.2,14.6,1.2
2025,RIO DE JANEIRO,33126941,CE CHIQUINHA GONZAGA,151.0,89.4,0.0,10.6
2015,RIO DE JANEIRO,33127395,CE MINISTRO OROZIMBO NONATO,209.0,51.0,30.5,18.5
2016,RIO DE JANEIRO,33127395,CE MINISTRO OROZIMBO NONATO,193.0,32.1,59.6,8.3
2017,RIO DE JANEIRO,33127395,CE MINISTRO OROZIMBO NONATO,122.0,54.0,27.0,19.0
2018,RIO DE JANEIRO,33127395,CE MINISTRO OROZIMBO NONATO,128.0,45.4,30.0,24.6
2019,RIO DE JANEIRO,33127395,CE MINISTRO OROZIMBO NONATO,115.0,67.8,11.1,21.1
2020,RIO DE JANEIRO,33127395,CE MINISTRO OROZIMBO NONATO,105.0,100.0,0.0,0.0
2021,RIO DE JANEIRO,33127395,CE MINISTRO OROZIMBO NONATO,113.0,59.3,23.9,16.8
2022,RIO DE JANEIRO,33127395,CE MINISTRO OROZIMBO NONATO,103.0,58.2,10.2,31.6
2023,RIO DE JANEIRO,33127395,CE MINISTRO OROZIMBO NONATO,46.0,55.8,23.3,20.9
2024,RIO DE JANEIRO,33127395,CE MINISTRO OROZIMBO NONATO,60.0,44.1,32.2,23.7
2025,RIO DE JANEIRO,33127395,CE MINISTRO OROZIMBO NONATO,60.0,75.5,3.8,20.7
2015,RIO DE JANEIRO,33127514,CE MARECHAL RONDON,216.0,73.6,15.1,11.3
2016,RIO DE JANEIRO,33127514,CE MARECHAL RONDON,281.0,63.8,18.3,17.9
2017,RIO DE JANEIRO,33127514,CE MARECHAL RONDON,239.0,64.8,29.6,5.6
2018,RIO DE JANEIRO,33127514,CE MARECHAL RONDON,246.0,74.1,23.9,2.0
2019,RIO DE JANEIRO,33127514,CE MARECHAL RONDON,282.0,62.6,24.1,13.3
2020,RIO DE JANEIRO,33127514,CE MARECHAL RONDON,321.0,97.2,0.9,1.9
2021,RIO DE JANEIRO,33127514,CE MARECHAL RONDON,328.0,75.9,24.1,0.0
2022,RIO DE JANEIRO,33127514,CE MARECHAL RONDON,329.0,67.8,15.2,17.0
2023,RIO DE JANEIRO,33127514,CE MARECHAL RONDON,322.0,65.6,28.4,6.0
2024,RIO DE JANEIRO,33127514,CE MARECHAL RONDON,345.0,56.7,33.7,9.6
2025,RIO DE JANEIRO,33127514,CE MARECHAL RONDON,274.0,80.4,16.7,2.9
2015,RIO DE JANEIRO,33128235,CIEP 339 MARIO TAMBORINDEGUY,1139.0,73.6,18.8,7.6
2016,RIO DE JANEIRO,33128235,CIEP 339 MARIO TAMBORINDEGUY,1078.0,74.2,15.0,10.8
2017,RIO DE JANEIRO,33128235,CIEP 339 MARIO TAMBORINDEGUY,1209.0,79.9,19.1,1.0
2018,RIO DE JANEIRO,33128235,CIEP 339 MARIO TAMBORINDEGUY,1335.0,75.4,24.2,0.4
2019,RIO DE JANEIRO,33128235,CIEP 339 MARIO TAMBORINDEGUY,1424.0,76.0,11.9,12.1
2020,RIO DE JANEIRO,33128235,CIEP 339 MARIO TAMBORINDEGUY,1482.0,88.5,11.5,0.0
2021,RIO DE JANEIRO,33128235,CIEP 339 MARIO TAMBORINDEGUY,1044.0,99.1,0.2,0.7
2022,RIO DE JANEIRO,33128235,CIEP 339 MARIO TAMBORINDEGUY,1408.0,69.0,13.0,18.0
2023,RIO DE JANEIRO,33128235,CIEP 339 MARIO TAMBORINDEGUY,1046.0,72.3,19.2,8.5
2024,RIO DE JANEIRO,33128235,CIEP 339 MARIO TAMBORINDEGUY,953.0,72.9,12.7,14.4
2025,RIO DE JANEIRO,33128235,CIEP 339 MARIO TAMBORINDEGUY,902.0,78.7,19.6,1.7
2015,RIO DE JANEIRO,33128618,CE CARLOS MAGNO NAZARETH CERQUEIRA,472.0,68.0,31.5,0.5
2016,RIO DE JANEIRO,33128618,CE CARLOS MAGNO NAZARETH CERQUEIRA,505.0,64.6,31.7,3.7
2017,RIO DE JANEIRO,33128618,CE CARLOS MAGNO NAZARETH CERQUEIRA,513.0,63.7,26.6,9.7
2018,RIO DE JANEIRO,33128618,CE CARLOS MAGNO NAZARETH CERQUEIRA,529.0,63.5,25.3,11.2
2019,RIO DE JANEIRO,33128618,CE CARLOS MAGNO NAZARETH CERQUEIRA,565.0,67.9,20.7,11.4
2020,RIO DE JANEIRO,33128618,CE CARLOS MAGNO NAZARETH CERQUEIRA,577.0,93.1,6.8,0.1
2021,RIO DE JANEIRO,33128618,CE CARLOS MAGNO NAZARETH CERQUEIRA,503.0,89.1,6.5,4.4
2022,RIO DE JANEIRO,33128618,CE CARLOS MAGNO NAZARETH CERQUEIRA,561.0,73.0,18.6,8.4
2023,RIO DE JANEIRO,33128618,CE CARLOS MAGNO NAZARETH CERQUEIRA,566.0,72.9,15.8,11.3
2024,RIO DE JANEIRO,33128618,CE CARLOS MAGNO NAZARETH CERQUEIRA,565.0,70.0,18.5,11.5
2025,RIO DE JANEIRO,33128618,CE CARLOS MAGNO NAZARETH CERQUEIRA,486.0,93.8,2.8,3.4
2015,RIO DE JANEIRO,33132879,CE DOM HELDER CAMARA,1088.0,76.9,19.6,3.5
2016,RIO DE JANEIRO,33132879,CE DOM HELDER CAMARA,1249.0,71.7,23.8,4.5
2017,RIO DE JANEIRO,33132879,CE DOM HELDER CAMARA,1400.0,71.8,28.1,0.1
2018,RIO DE JANEIRO,33132879,CE DOM HELDER CAMARA,1134.0,69.7,26.2,4.1
2019,RIO DE JANEIRO,33132879,CE DOM HELDER CAMARA,1132.0,80.6,18.2,1.2
2020,RIO DE JANEIRO,33132879,CE DOM HELDER CAMARA,1239.0,86.8,13.2,0.0
2021,RIO DE JANEIRO,33132879,CE DOM HELDER CAMARA,1036.0,93.2,3.5,3.3
2022,RIO DE JANEIRO,33132879,CE DOM HELDER CAMARA,1134.0,79.3,17.9,2.8
2023,RIO DE JANEIRO,33132879,CE DOM HELDER CAMARA,1077.0,77.3,22.7,0.0
2024,RIO DE JANEIRO,33132879,CE DOM HELDER CAMARA,995.0,67.5,29.5,3.0
2025,RIO DE JANEIRO,33132879,CE DOM HELDER CAMARA,934.0,87.6,4.2,8.2
2015,RIO DE JANEIRO,33132887,CE COMPOSITOR MANACEIA JOSE DE ANDRADE,821.0,64.2,28.8,7.0
2016,RIO DE JANEIRO,33132887,CE COMPOSITOR MANACEIA JOSE DE ANDRADE,988.0,50.8,12.2,37.0
2017,RIO DE JANEIRO,33132887,CE COMPOSITOR MANACEIA JOSE DE ANDRADE,716.0,61.6,33.1,5.3
2018,RIO DE JANEIRO,33132887,CE COMPOSITOR MANACEIA JOSE DE ANDRADE,680.0,64.3,32.1,3.6
2019,RIO DE JANEIRO,33132887,CE COMPOSITOR MANACEIA JOSE DE ANDRADE,890.0,61.7,25.4,12.9
2020,RIO DE JANEIRO,33132887,CE COMPOSITOR MANACEIA JOSE DE ANDRADE,948.0,90.0,9.9,0.1
2021,RIO DE JANEIRO,33132887,CE COMPOSITOR MANACEIA JOSE DE ANDRADE,953.0,88.9,0.2,10.9
2022,RIO DE JANEIRO,33132887,CE COMPOSITOR MANACEIA JOSE DE ANDRADE,794.0,62.4,28.0,9.6
2023,RIO DE JANEIRO,33132887,CE COMPOSITOR MANACEIA JOSE DE ANDRADE,649.0,72.7,18.8,8.5
2024,RIO DE JANEIRO,33132887,CE COMPOSITOR MANACEIA JOSE DE ANDRADE,590.0,78.6,13.2,8.2
2025,RIO DE JANEIRO,33132887,CE COMPOSITOR MANACEIA JOSE DE ANDRADE,586.0,91.5,2.6,5.9
2015,RIO DE JANEIRO,33134049,CE PROFESSORA MARIA TEREZINHA DE CARVALHO MACHADO,1748.0,79.2,20.0,0.8
2016,RIO DE JANEIRO,33134049,CE PROFESSORA MARIA TEREZINHA DE CARVALHO MACHADO,2384.0,67.5,31.4,1.1
2017,RIO DE JANEIRO,33134049,CE PROFESSORA MARIA TEREZINHA DE CARVALHO MACHADO,2106.0,75.3,24.6,0.1
2018,RIO DE JANEIRO,33134049,CE PROFESSORA MARIA TEREZINHA DE CARVALHO MACHADO,1982.0,76.9,15.7,7.4
2019,RIO DE JANEIRO,33134049,CE PROFESSORA MARIA TEREZINHA DE CARVALHO MACHADO,1940.0,74.9,16.6,8.5
2020,RIO DE JANEIRO,33134049,CE PROFESSORA MARIA TEREZINHA DE CARVALHO MACHADO,2486.0,72.7,27.3,0.0
2021,RIO DE JANEIRO,33134049,CE PROFESSORA MARIA TEREZINHA DE CARVALHO MACHADO,1957.0,89.3,3.6,7.1
2022,RIO DE JANEIRO,33134049,CE PROFESSORA MARIA TEREZINHA DE CARVALHO MACHADO,2054.0,87.3,9.0,3.7
2023,RIO DE JANEIRO,33134049,CE PROFESSORA MARIA TEREZINHA DE CARVALHO MACHADO,1768.0,73.3,8.0,18.7
2024,RIO DE JANEIRO,33134049,CE PROFESSORA MARIA TEREZINHA DE CARVALHO MACHADO,1717.0,70.0,13.3,16.7
2025,RIO DE JANEIRO,33134049,CE PROFESSORA MARIA TEREZINHA DE CARVALHO MACHADO,1636.0,80.4,12.5,7.1
2015,RIO DE JANEIRO,33135193,CE PROFESSOR JOSE DE SOUZA MARQUES,840.0,75.2,15.7,9.1
2016,RIO DE JANEIRO,33135193,CE PROFESSOR JOSE DE SOUZA MARQUES,896.0,72.4,14.4,13.2
2017,RIO DE JANEIRO,33135193,CE PROFESSOR JOSE DE SOUZA MARQUES,840.0,79.8,15.7,4.5
2018,RIO DE JANEIRO,33135193,CE PROFESSOR JOSE DE SOUZA MARQUES,925.0,78.6,17.9,3.5
2019,RIO DE JANEIRO,33135193,CE PROFESSOR JOSE DE SOUZA MARQUES,960.0,77.2,16.7,6.1
2020,RIO DE JANEIRO,33135193,CE PROFESSOR JOSE DE SOUZA MARQUES,1023.0,88.7,11.3,0.0
2021,RIO DE JANEIRO,33135193,CE PROFESSOR JOSE DE SOUZA MARQUES,968.0,95.5,0.7,3.8
2022,RIO DE JANEIRO,33135193,CE PROFESSOR JOSE DE SOUZA MARQUES,861.0,76.3,21.3,2.4
2023,RIO DE JANEIRO,33135193,CE PROFESSOR JOSE DE SOUZA MARQUES,756.0,71.2,24.2,4.6
2024,RIO DE JANEIRO,33135193,CE PROFESSOR JOSE DE SOUZA MARQUES,669.0,66.2,23.6,10.2
2025,RIO DE JANEIRO,33135193,CE PROFESSOR JOSE DE SOUZA MARQUES,546.0,79.8,11.1,9.1
2015,RIO DE JANEIRO,33136424,CE PROFESSORA VILMA ATANAZIO,1248.0,83.7,15.9,0.4
2016,RIO DE JANEIRO,33136424,CE PROFESSORA VILMA ATANAZIO,1193.0,72.5,21.0,6.5
2017,RIO DE JANEIRO,33136424,CE PROFESSORA VILMA ATANAZIO,1048.0,79.3,15.1,5.6
2018,RIO DE JANEIRO,33136424,CE PROFESSORA VILMA ATANAZIO,1175.0,77.5,19.6,2.9
2019,RIO DE JANEIRO,33136424,CE PROFESSORA VILMA ATANAZIO,1138.0,81.3,14.2,4.5
2020,RIO DE JANEIRO,33136424,CE PROFESSORA VILMA ATANAZIO,1142.0,97.6,2.2,0.2
2021,RIO DE JANEIRO,33136424,CE PROFESSORA VILMA ATANAZIO,985.0,92.0,8.0,0.0
2022,RIO DE JANEIRO,33136424,CE PROFESSORA VILMA ATANAZIO,961.0,83.2,15.5,1.3
2023,RIO DE JANEIRO,33136424,CE PROFESSORA VILMA ATANAZIO,797.0,83.7,16.0,0.3
2024,RIO DE JANEIRO,33136424,CE PROFESSORA VILMA ATANAZIO,702.0,85.5,12.9,1.6
2025,RIO DE JANEIRO,33136424,CE PROFESSORA VILMA ATANAZIO,676.0,96.3,3.4,0.3
2015,RIO DE JANEIRO,33136432,CE PROFESSORA VANIA DO AMARAL MATIAS EDDE,860.0,75.5,18.1,6.4
2016,RIO DE JANEIRO,33136432,CE PROFESSORA VANIA DO AMARAL MATIAS EDDE,887.0,73.1,20.4,6.5
2017,RIO DE JANEIRO,33136432,CE PROFESSORA VANIA DO AMARAL MATIAS EDDE,883.0,79.5,18.3,2.2
2018,RIO DE JANEIRO,33136432,CE PROFESSORA VANIA DO AMARAL MATIAS EDDE,996.0,73.8,22.9,3.3
2019,RIO DE JANEIRO,33136432,CE PROFESSORA VANIA DO AMARAL MATIAS EDDE,1104.0,73.3,22.0,4.7
2020,RIO DE JANEIRO,33136432,CE PROFESSORA VANIA DO AMARAL MATIAS EDDE,1171.0,95.2,4.8,0.0
2021,RIO DE JANEIRO,33136432,CE PROFESSORA VANIA DO AMARAL MATIAS EDDE,1028.0,91.1,8.3,0.6
2022,RIO DE JANEIRO,33136432,CE PROFESSORA VANIA DO AMARAL MATIAS EDDE,1102.0,86.7,7.6,5.7
2023,RIO DE JANEIRO,33136432,CE PROFESSORA VANIA DO AMARAL MATIAS EDDE,990.0,79.8,14.0,6.2
2024,RIO DE JANEIRO,33136432,CE PROFESSORA VANIA DO AMARAL MATIAS EDDE,949.0,82.2,10.7,7.1
2025,RIO DE JANEIRO,33136432,CE PROFESSORA VANIA DO AMARAL MATIAS EDDE,938.0,94.4,3.9,1.7
2015,RIO DE JANEIRO,33136459,CE ALBA CANIZARES DO NASCIMENTO,220.0,74.1,5.0,20.9
2016,RIO DE JANEIRO,33136459,CE PROFESSORA ALBA CANIZARES DO NASCIMENTO,282.0,58.6,12.6,28.8
2017,RIO DE JANEIRO,33136459,CE PROFESSORA ALBA CANIZARES DO NASCIMENTO,341.0,71.9,28.1,0.0
2018,RIO DE JANEIRO,33136459,CE PROFESSORA ALBA CANIZARES DO NASCIMENTO,350.0,75.2,14.5,10.3
2019,RIO DE JANEIRO,33136459,CE PROFESSORA ALBA CANIZARES DO NASCIMENTO,387.0,70.4,4.2,25.4
2020,RIO DE JANEIRO,33136459,CE PROFESSORA ALBA CANIZARES DO NASCIMENTO,358.0,88.8,11.0,0.2
2021,RIO DE JANEIRO,33136459,CE PROFESSORA ALBA CANIZARES DO NASCIMENTO,336.0,82.0,0.0,18.0
2022,RIO DE JANEIRO,33136459,CE PROFESSORA ALBA CANIZARES DO NASCIMENTO,259.0,66.7,2.2,31.1
2023,RIO DE JANEIRO,33136459,CE PROFESSORA ALBA CANIZARES DO NASCIMENTO,176.0,64.4,5.1,30.5
2024,RIO DE JANEIRO,33136459,CE PROFESSORA ALBA CANIZARES DO NASCIMENTO,196.0,67.0,8.1,24.9
2025,RIO DE JANEIRO,33136459,CE PROFESSORA ALBA CANIZARES DO NASCIMENTO,158.0,94.3,2.9,2.8
2015,RIO DE JANEIRO,33136475,CE MONSENHOR MIGUEL DE SANTA MARIA MOCHON,336.0,85.1,11.9,3.0
2016,RIO DE JANEIRO,33136475,CE MONSENHOR MIGUEL DE SANTA MARIA MOCHON,246.0,85.7,11.8,2.5
2017,RIO DE JANEIRO,33136475,CE MONSENHOR MIGUEL DE SANTA MARIA MOCHON,298.0,86.3,10.4,3.3
2018,RIO DE JANEIRO,33136475,CE MONSENHOR MIGUEL DE SANTA MARIA MOCHON,320.0,87.0,10.5,2.5
2019,RIO DE JANEIRO,33136475,CE MONSENHOR MIGUEL DE SANTA MARIA MOCHON,324.0,86.6,10.9,2.5
2020,RIO DE JANEIRO,33136475,CE MONSENHOR MIGUEL DE SANTA MARIA MOCHON,317.0,99.7,0.3,0.0
2021,RIO DE JANEIRO,33136475,CE MONSENHOR MIGUEL DE SANTA MARIA MOCHON,317.0,96.4,1.9,1.7
2022,RIO DE JANEIRO,33136475,CE MONSENHOR MIGUEL DE SANTA MARIA MOCHON,291.0,88.8,8.3,2.9
2023,RIO DE JANEIRO,33136475,CE MONSENHOR MIGUEL DE SANTA MARIA MOCHON,263.0,90.9,7.5,1.6
2024,RIO DE JANEIRO,33136475,CE MONSENHOR MIGUEL DE SANTA MARIA MOCHON,261.0,86.8,12.8,0.4
2025,RIO DE JANEIRO,33136475,CE MONSENHOR MIGUEL DE SANTA MARIA MOCHON,296.0,94.5,5.5,0.0
2015,RIO DE JANEIRO,33136483,CE GANDHI,181.0,73.0,18.0,9.0
2016,RIO DE JANEIRO,33136483,CE GANDHI,259.0,60.8,38.5,0.7
2017,RIO DE JANEIRO,33136483,CE GANDHI,225.0,77.2,15.6,7.2
2018,RIO DE JANEIRO,33136483,CE GANDHI,265.0,70.3,13.9,15.8
2019,RIO DE JANEIRO,33136483,CE GANDHI,254.0,73.2,13.4,13.4
2020,RIO DE JANEIRO,33136483,CE GANDHI,262.0,84.2,15.8,0.0
2021,RIO DE JANEIRO,33136483,CE GANDHI,205.0,98.1,1.4,0.5
2022,RIO DE JANEIRO,33136483,CE GANDHI,222.0,86.2,8.4,5.4
2023,RIO DE JANEIRO,33136483,CE GANDHI,200.0,77.0,23.0,0.0
2024,RIO DE JANEIRO,33136483,CE GANDHI,184.0,85.5,6.5,8.0
2025,RIO DE JANEIRO,33136483,CE GANDHI,194.0,97.3,0.0,2.7
2015,RIO DE JANEIRO,33136505,CE PROFESSORA JEANNETTE DE SOUZA COELHO MANNARINO,2271.0,87.4,11.6,1.0
2016,RIO DE JANEIRO,33136505,CE PROFESSORA JEANNETTE DE SOUZA COELHO MANNARINO,2422.0,80.9,18.7,0.4
2017,RIO DE JANEIRO,33136505,CE PROFESSORA JEANNETTE DE SOUZA COELHO MANNARINO,2148.0,87.4,7.3,5.3
2018,RIO DE JANEIRO,33136505,CE PROFESSORA JEANNETTE DE SOUZA COELHO MANNARINO,2339.0,85.5,12.7,1.8
2019,RIO DE JANEIRO,33136505,CE PROFESSORA JEANNETTE DE SOUZA COELHO MANNARINO,2353.0,83.2,13.4,3.4
2020,RIO DE JANEIRO,33136505,CE PROFESSORA JEANNETTE DE SOUZA COELHO MANNARINO,2493.0,98.0,0.0,2.0
2021,RIO DE JANEIRO,33136505,CE PROFESSORA JEANNETTE DE SOUZA COELHO MANNARINO,2316.0,97.4,2.0,0.6
2022,RIO DE JANEIRO,33136505,CE PROFESSORA JEANNETTE DE SOUZA COELHO MANNARINO,2472.0,86.8,11.1,2.1
2023,RIO DE JANEIRO,33136505,CE PROFESSORA JEANNETTE DE SOUZA COELHO MANNARINO,2398.0,81.8,12.5,5.7
2024,RIO DE JANEIRO,33136505,CE PROFESSORA JEANNETTE DE SOUZA COELHO MANNARINO,2381.0,82.4,13.7,3.9
2025,RIO DE JANEIRO,33136505,CE PROFESSORA JEANNETTE DE SOUZA COELHO MANNARINO,2206.0,95.5,3.9,0.6
2015,RIO DE JANEIRO,33136513,CE ROSARIA TROTTA,367.0,72.8,20.9,6.3
2016,RIO DE JANEIRO,33136513,CE ROSARIA TROTTA,328.0,72.0,20.5,7.5
2017,RIO DE JANEIRO,33136513,CE ROSARIA TROTTA,349.0,80.3,14.1,5.6
2018,RIO DE JANEIRO,33136513,CE ROSARIA TROTTA,347.0,73.3,22.3,4.4
2019,RIO DE JANEIRO,33136513,CE ROSARIA TROTTA,331.0,78.8,11.3,9.9
2020,RIO DE JANEIRO,33136513,CE ROSARIA TROTTA,303.0,93.4,6.0,0.6
2021,RIO DE JANEIRO,33136513,CE ROSARIA TROTTA,266.0,92.6,7.4,0.0
2022,RIO DE JANEIRO,33136513,CE ROSARIA TROTTA,203.0,64.8,33.2,2.0
2023,RIO DE JANEIRO,33136513,CE ROSARIA TROTTA,217.0,65.6,28.7,5.7
2024,RIO DE JANEIRO,33136513,CE ROSARIA TROTTA,221.0,61.4,24.2,14.4
2025,RIO DE JANEIRO,33136513,CE ROSARIA TROTTA,177.0,82.2,2.8,15.0
2015,RIO DE JANEIRO,33136670,CE GILDO CANDIDO DA SILVA,28.0,100.0,0.0,0.0
2016,RIO DE JANEIRO,33136670,CE GILDO CANDIDO DA SILVA,36.0,100.0,0.0,0.0
2017,RIO DE JANEIRO,33136670,CE GILDO CANDIDO DA SILVA,49.0,90.5,9.5,0.0
2018,RIO DE JANEIRO,33136670,CE GILDO CANDIDO DA SILVA,56.0,94.1,5.9,0.0
2015,RIO DE JANEIRO,33136696,CE LIBERDADE,390.0,69.0,24.6,6.4
2016,RIO DE JANEIRO,33136696,CE LIBERDADE,480.0,66.0,9.6,24.4
2017,RIO DE JANEIRO,33136696,CE LIBERDADE,475.0,79.4,16.5,4.1
2018,RIO DE JANEIRO,33136696,CE LIBERDADE,508.0,82.3,14.6,3.1
2019,RIO DE JANEIRO,33136696,CE LIBERDADE,539.0,71.8,16.2,12.0
2020,RIO DE JANEIRO,33136696,CE LIBERDADE,452.0,99.8,0.0,0.2
2021,RIO DE JANEIRO,33136696,CE LIBERDADE,418.0,100.0,0.0,0.0
2022,RIO DE JANEIRO,33136696,CE LIBERDADE,458.0,79.7,8.5,11.8
2023,RIO DE JANEIRO,33136696,CE LIBERDADE,485.0,80.6,8.8,10.6
2024,RIO DE JANEIRO,33136696,CE LIBERDADE,504.0,82.1,10.6,7.3
2025,RIO DE JANEIRO,33136696,CE LIBERDADE,441.0,96.9,0.7,2.4
2015,RIO DE JANEIRO,33138354,CE PROFESSOR OZEAS GOMES LARANGEIRA,454.0,80.0,15.6,4.4
2016,RIO DE JANEIRO,33138354,CE PROFESSOR OZEAS GOMES LARANGEIRA,434.0,75.0,14.2,10.8
2017,RIO DE JANEIRO,33138354,CE PROFESSOR OZEAS GOMES LARANGEIRAS,412.0,83.8,15.5,0.7
2018,RIO DE JANEIRO,33138354,CE PROFESSOR OZEAS GOMES LARANGEIRAS,476.0,78.9,12.5,8.6
2019,RIO DE JANEIRO,33138354,CE PROFESSOR OZEAS GOMES LARANGEIRAS,490.0,82.8,10.8,6.4
2020,RIO DE JANEIRO,33138354,CE PROFESSOR OZEAS GOMES LARANGEIRAS,543.0,89.3,10.7,0.0
2021,RIO DE JANEIRO,33138354,CE PROFESSOR OZEAS GOMES LARANGEIRAS,596.0,90.7,8.9,0.4
2022,RIO DE JANEIRO,33138354,CE PROFESSOR OZEAS GOMES LARANGEIRAS,638.0,81.8,6.5,11.7
2023,RIO DE JANEIRO,33138354,CE PROFESSOR OZEAS GOMES LARANGEIRAS,537.0,87.7,10.6,1.7
2024,RIO DE JANEIRO,33138354,CE PROFESSOR OZEAS GOMES LARANGEIRAS,558.0,85.6,6.6,7.8
2025,RIO DE JANEIRO,33138354,CE PROFESSOR OZEAS GOMES LARANGEIRAS,512.0,95.2,0.6,4.2
2015,RIO DE JANEIRO,33138648,CE STELLA MATUTINA,1327.0,87.2,7.8,5.0
2016,RIO DE JANEIRO,33138648,CE STELLA MATUTINA,1212.0,82.1,17.4,0.5
2017,RIO DE JANEIRO,33138648,CE STELLA MATUTINA,1204.0,86.2,13.0,0.8
2018,RIO DE JANEIRO,33138648,CE STELLA MATUTINA,1134.0,85.4,14.6,0.0
2019,RIO DE JANEIRO,33138648,CE STELLA MATUTINA,1179.0,84.6,15.0,0.4
2020,RIO DE JANEIRO,33138648,CE STELLA MATUTINA,1061.0,87.3,12.7,0.0
2021,RIO DE JANEIRO,33138648,CE STELLA MATUTINA,1095.0,87.5,12.1,0.4
2022,RIO DE JANEIRO,33138648,CE STELLA MATUTINA,1085.0,80.8,14.3,4.9
2023,RIO DE JANEIRO,33138648,CE STELLA MATUTINA,994.0,80.7,17.1,2.2
2024,RIO DE JANEIRO,33138648,CE STELLA MATUTINA,883.0,82.6,11.9,5.5
2025,RIO DE JANEIRO,33138648,CE STELLA MATUTINA,865.0,84.6,7.4,8.0
2015,RIO DE JANEIRO,33139156,CE PROFESSORA SONIA REGINA SCUDESE DESSIMONI PINTO,1015.0,72.5,20.1,7.4
2016,RIO DE JANEIRO,33139156,CE PROFESSORA SONIA REGINA SCUDESE DESSIMONI PINTO,832.0,67.8,19.7,12.5
2017,RIO DE JANEIRO,33139156,CE PROFESSORA SONIA REGINA SCUDESE DESSIMONI PINTO,921.0,66.1,29.7,4.2
2018,RIO DE JANEIRO,33139156,CE PROFESSORA SONIA REGINA SCUDESE DESSIMONI PINTO,905.0,64.5,30.2,5.3
2019,RIO DE JANEIRO,33139156,CE PROFESSORA SONIA REGINA SCUDESE DESSIMONI PINTO,931.0,75.0,19.1,5.9
2020,RIO DE JANEIRO,33139156,CE PROFESSORA SONIA REGINA SCUDESE DESSIMONI PINTO,938.0,100.0,0.0,0.0
2021,RIO DE JANEIRO,33139156,CE PROFESSORA SONIA REGINA SCUDESE DESSIMONI PINTO,743.0,82.3,10.3,7.4
2022,RIO DE JANEIRO,33139156,CE PROFESSORA SONIA REGINA SCUDESE DESSIMONI PINTO,626.0,75.0,20.9,4.1
2023,RIO DE JANEIRO,33139156,CE PROFESSORA SONIA REGINA SCUDESE DESSIMONI PINTO,521.0,73.9,22.8,3.3
2024,RIO DE JANEIRO,33139156,CE PROFESSORA SONIA REGINA SCUDESE DESSIMONI PINTO,468.0,76.0,22.6,1.4
2025,RIO DE JANEIRO,33139156,CE PROFESSORA SONIA REGINA SCUDESE DESSIMONI PINTO,410.0,97.9,2.1,0.0
2015,RIO DE JANEIRO,33140030,CE CONDE PEREIRA CARNEIRO,217.0,63.5,21.3,15.2
2016,RIO DE JANEIRO,33140030,CE CONDE PEREIRA CARNEIRO,266.0,62.9,15.7,21.4
2017,RIO DE JANEIRO,33140030,CE CONDE PEREIRA CARNEIRO,217.0,80.3,10.6,9.1
2018,RIO DE JANEIRO,33140030,CE CONDE PEREIRA CARNEIRO,245.0,78.7,10.7,10.6
2019,RIO DE JANEIRO,33140030,CE CONDE PEREIRA CARNEIRO,334.0,78.6,7.0,14.4
2020,RIO DE JANEIRO,33140030,CE CONDE PEREIRA CARNEIRO,335.0,100.0,0.0,0.0
2021,RIO DE JANEIRO,33140030,CE CONDE PEREIRA CARNEIRO,288.0,86.3,10.7,3.0
2022,RIO DE JANEIRO,33140030,CE CONDE PEREIRA CARNEIRO,289.0,66.8,12.7,20.5
2023,RIO DE JANEIRO,33140030,CE CONDE PEREIRA CARNEIRO,246.0,58.6,16.0,25.4
2024,RIO DE JANEIRO,33140030,CE CONDE PEREIRA CARNEIRO,215.0,52.3,25.0,22.7
2025,RIO DE JANEIRO,33140030,CE CONDE PEREIRA CARNEIRO,204.0,87.1,1.0,11.9
2015,RIO DE JANEIRO,33140049,CE OSWALDO TEIXEIRA,57.0,62.7,6.8,30.5
2016,RIO DE JANEIRO,33140049,CE OSWALDO TEIXEIRA,68.0,44.9,17.4,37.7
2017,RIO DE JANEIRO,33140049,CE OSWALDO TEIXEIRA,69.0,58.0,23.2,18.8
2018,RIO DE JANEIRO,33140049,CE OSWALDO TEIXEIRA,70.0,75.7,12.9,11.4
2019,RIO DE JANEIRO,33140049,CE OSWALDO TEIXEIRA,74.0,79.7,2.7,17.6
2020,RIO DE JANEIRO,33140049,CE OSWALDO TEIXEIRA,72.0,83.3,8.3,8.4
2021,RIO DE JANEIRO,33140049,CE OSWALDO TEIXEIRA,55.0,100.0,0.0,0.0
2022,RIO DE JANEIRO,33140049,CE OSWALDO TEIXEIRA,101.0,85.3,4.9,9.8
2023,RIO DE JANEIRO,33140049,CE OSWALDO TEIXEIRA,105.0,81.7,9.6,8.7
2024,RIO DE JANEIRO,33140049,CE OSWALDO TEIXEIRA,128.0,83.1,8.1,8.8
2025,RIO DE JANEIRO,33140049,CE OSWALDO TEIXEIRA,143.0,95.0,0.7,4.3
2015,RIO DE JANEIRO,33140669,CE JORNALISTA TIM LOPES,1203.0,86.3,12.5,1.2
2016,RIO DE JANEIRO,33140669,CE JORNALISTA TIM LOPES,1395.0,71.6,16.3,12.1
2017,RIO DE JANEIRO,33140669,CE JORNALISTA TIM LOPES,1219.0,74.4,21.2,4.4
2018,RIO DE JANEIRO,33140669,CE JORNALISTA TIM LOPES,1275.0,67.7,23.8,8.5
2019,RIO DE JANEIRO,33140669,CE JORNALISTA TIM LOPES,1312.0,70.1,23.2,6.7
2020,RIO DE JANEIRO,33140669,CE JORNALISTA TIM LOPES,1500.0,90.3,9.7,0.0
2021,RIO DE JANEIRO,33140669,CE JORNALISTA TIM LOPES,980.0,98.8,0.0,1.2
2022,RIO DE JANEIRO,33140669,CE JORNALISTA TIM LOPES,1417.0,78.5,17.5,4.0
2023,RIO DE JANEIRO,33140669,CE JORNALISTA TIM LOPES,1286.0,64.8,28.1,7.1
2024,RIO DE JANEIRO,33140669,CE JORNALISTA TIM LOPES,1275.0,66.1,23.1,10.8
2025,RIO DE JANEIRO,33140669,CE JORNALISTA TIM LOPES,1267.0,82.8,10.6,6.6
2015,RIO DE JANEIRO,33140715,CE ANTONIO HOUAISS,1351.0,73.4,23.6,3.0
2016,RIO DE JANEIRO,33140715,CE ANTONIO HOUAISS,1472.0,51.1,44.0,4.9
2017,RIO DE JANEIRO,33140715,CE ANTONIO HOUAISS,1158.0,77.0,23.0,0.0
2018,RIO DE JANEIRO,33140715,CE ANTONIO HOUAISS,1241.0,79.6,20.4,0.0
2019,RIO DE JANEIRO,33140715,CE ANTONIO HOUAISS,1370.0,71.8,26.5,1.7
2020,RIO DE JANEIRO,33140715,CE ANTONIO HOUAISS,1563.0,100.0,0.0,0.0
2021,RIO DE JANEIRO,33140715,CE ANTONIO HOUAISS,1550.0,90.0,10.0,0.0
2022,RIO DE JANEIRO,33140715,CE ANTONIO HOUAISS,1255.0,77.0,22.4,0.6
2023,RIO DE JANEIRO,33140715,CE ANTONIO HOUAISS,1110.0,70.4,23.3,6.3
2024,RIO DE JANEIRO,33140715,CE ANTONIO HOUAISS,962.0,70.8,24.8,4.4
2025,RIO DE JANEIRO,33140715,CE ANTONIO HOUAISS,957.0,87.6,0.0,12.4
2015,RIO DE JANEIRO,33146950,CE PROFESSORA MARIA DE LOURDES DE OLIVEIRA LAVOR - TIA LAVOR,1485.0,67.2,19.9,12.9
2016,RIO DE JANEIRO,33146950,CE PROFESSORA MARIA DE LOURDES DE OLIVEIRA LAVOR - TIA LAVOR,1702.0,55.6,25.2,19.2
2017,RIO DE JANEIRO,33146950,CE PROFESSORA MARIA DE LOURDES DE OLIVEIRA LAVOR - TIA LAVOR,1388.0,66.6,18.1,15.3
2018,RIO DE JANEIRO,33146950,CE PROFESSORA MARIA DE LOURDES DE OLIVEIRA LAVOR - TIA LAVOR,1563.0,66.4,19.0,14.6
2019,RIO DE JANEIRO,33146950,CE PROFESSORA MARIA DE LOURDES DE OLIVEIRA LAVOR TIA LAVOR,1578.0,61.2,21.7,17.1
2020,RIO DE JANEIRO,33146950,CE PROFESSORA MARIA DE LOURDES DE OLIVEIRA LAVOR TIA LAVOR,1716.0,91.7,8.1,0.2
2021,RIO DE JANEIRO,33146950,CE PROFESSORA MARIA DE LOURDES DE OLIVEIRA LAVOR TIA LAVOR,1387.0,92.6,4.8,2.6
2022,RIO DE JANEIRO,33146950,CE PROFESSORA MARIA DE LOURDES DE OLIVEIRA LAVOR TIA LAVOR,1531.0,68.2,23.3,8.5
2023,RIO DE JANEIRO,33146950,CE PROFESSORA MARIA DE LOURDES DE OLIVEIRA LAVOR TIA LAVOR,1344.0,73.5,19.4,7.1
2024,RIO DE JANEIRO,33146950,CE PROFESSORA MARIA DE LOURDES DE OLIVEIRA LAVOR TIA LAVOR,1370.0,69.9,23.2,6.9
2025,RIO DE JANEIRO,33146950,CE PROFESSORA MARIA DE LOURDES DE OLIVEIRA LAVOR TIA LAVOR,1154.0,85.3,8.9,5.8
2015,RIO DE JANEIRO,33149119,CE CARLOS ARNOLDO ABRUZZINI DA FONSECA,1094.0,84.9,13.4,1.7
2016,RIO DE JANEIRO,33149119,CE CARLOS ARNOLDO ABRUZZINI DA FONSECA,1341.0,60.6,32.8,6.6
2017,RIO DE JANEIRO,33149119,CE CARLOS ARNOLDO ABRUZZINI DA FONSECA,1333.0,76.7,15.7,7.6
2018,RIO DE JANEIRO,33149119,CE CARLOS ARNOLDO ABRUZZINI DA FONSECA,1416.0,74.3,20.8,4.9
2019,RIO DE JANEIRO,33149119,CE CARLOS ARNOLDO ABRUZZINI DA FONSECA,1521.0,77.3,9.3,13.4
2020,RIO DE JANEIRO,33149119,CE CARLOS ARNOLDO ABRUZZINI DA FONSECA,1534.0,96.2,2.3,1.5
2021,RIO DE JANEIRO,33149119,CE CARLOS ARNOLDO ABRUZZINI DA FONSECA,1440.0,89.0,8.5,2.5
2022,RIO DE JANEIRO,33149119,CE CARLOS ARNOLDO ABRUZZINI DA FONSECA,1596.0,81.4,7.4,11.2
2023,RIO DE JANEIRO,33149119,CE CARLOS ARNOLDO ABRUZZINI DA FONSECA,1536.0,77.8,14.6,7.6
2024,RIO DE JANEIRO,33149119,CE CARLOS ARNOLDO ABRUZZINI DA FONSECA,1574.0,70.4,22.5,7.1
2025,RIO DE JANEIRO,33149119,CE CARLOS ARNOLDO ABRUZZINI DA FONSECA,1577.0,86.4,2.1,11.5
2015,NITERÓI,33153795,COL DA POLICIA MILITAR DO EST DO RIO DE JANEIRO,107.0,97.6,2.4,0.0
2016,NITERÓI,33153795,COL DA POLICIA MILITAR DO EST DO RIO DE JANEIRO,107.0,94.1,5.9,0.0
2017,NITERÓI,33153795,COL DA POLICIA MILITAR DO EST DO RIO DE JANEIRO,123.0,86.2,13.0,0.8
2018,NITERÓI,33153795,COL DA POLICIA MILITAR DO EST DO RIO DE JANEIRO,122.0,90.3,9.7,0.0
2019,NITERÓI,33153795,COL DA POLICIA MILITAR DO EST DO RIO DE JANEIRO,132.0,84.1,15.9,0.0
2020,NITERÓI,33153795,COL DA POLICIA MILITAR DO EST DO RIO DE JANEIRO,125.0,100.0,0.0,0.0
2021,NITERÓI,33153795,COL DA POLICIA MILITAR DO EST DO RIO DE JANEIRO,108.0,100.0,0.0,0.0
2022,NITERÓI,33153795,COL DA POLICIA MILITAR DO EST DO RIO DE JANEIRO,102.0,86.1,13.9,0.0
2024,NITERÓI,33153795,COL DA POLICIA MILITAR DO EST DO RIO DE JANEIRO,62.0,83.1,16.9,0.0
2025,NITERÓI,33153795,COL DA POLICIA MILITAR DO EST DO RIO DE JANEIRO,87.0,84.3,15.7,0.0
2015,RIO DE JANEIRO,33157065,CE ERICH WALTER HEINE,538.0,98.3,1.5,0.2
2016,RIO DE JANEIRO,33157065,CE ERICH WALTER HEINE,540.0,98.0,2.0,0.0
2017,RIO DE JANEIRO,33157065,CE ERICH WALTER HEINE,550.0,95.4,4.6,0.0
2018,RIO DE JANEIRO,33157065,CE ERICH WALTER HEINE,560.0,91.0,9.0,0.0
2019,RIO DE JANEIRO,33157065,CE ERICH WALTER HEINE,577.0,96.3,3.7,0.0
2020,RIO DE JANEIRO,33157065,CE ERICH WALTER HEINE,558.0,98.4,1.6,0.0
2021,RIO DE JANEIRO,33157065,CE ERICH WALTER HEINE,573.0,99.6,0.2,0.2
2022,RIO DE JANEIRO,33157065,CE ERICH WALTER HEINE,563.0,96.7,3.1,0.2
2023,RIO DE JANEIRO,33157065,CE ERICH WALTER HEINE,552.0,97.8,2.0,0.2
2024,RIO DE JANEIRO,33157065,CE ERICH WALTER HEINE,544.0,97.5,2.5,0.0
2025,RIO DE JANEIRO,33157065,CE ERICH WALTER HEINE,545.0,97.4,2.4,0.2
2015,RIO DE JANEIRO,33170150,CE HEBE CAMARGO,267.0,100.0,0.0,0.0
2016,RIO DE JANEIRO,33170150,CE HEBE CAMARGO,392.0,97.4,2.6,0.0
2017,RIO DE JANEIRO,33170150,CE HEBE CAMARGO,397.0,94.5,5.2,0.3
2018,RIO DE JANEIRO,33170150,CE HEBE CAMARGO,396.0,92.3,7.7,0.0
2019,RIO DE JANEIRO,33170150,CE HEBE CAMARGO,415.0,95.0,5.0,0.0
2020,RIO DE JANEIRO,33170150,CE HEBE CAMARGO,423.0,99.5,0.5,0.0
2021,RIO DE JANEIRO,33170150,CE HEBE CAMARGO,436.0,97.2,2.6,0.2
2022,RIO DE JANEIRO,33170150,CE HEBE CAMARGO,414.0,93.0,6.7,0.3
2023,RIO DE JANEIRO,33170150,CE HEBE CAMARGO,424.0,92.2,7.8,0.0
2024,RIO DE JANEIRO,33170150,CE HEBE CAMARGO,411.0,93.7,6.3,0.0
2025,RIO DE JANEIRO,33170150,CE HEBE CAMARGO,423.0,100.0,0.0,0.0
2015,RIO DE JANEIRO,33170215,CE MARIA MONTESSORI,20.0,50.0,0.0,50.0
2015,NITERÓI,33172919,CE MATEMATICO JOAQUIM GOMES DE SOUSA - INTER-CULTURAL BRASIL-CHINA,57.0,96.4,1.8,1.8
2016,NITERÓI,33172919,CE MATEMATICO JOAQUIM GOMES DE SOUSA - INTER-CULTURAL BRASIL-CHINA,119.0,93.0,7.0,0.0
2017,NITERÓI,33172919,CE MATEMATICO JOAQUIM GOMES DE SOUSA - INTER-CULTURAL BRASIL-CHINA,227.0,91.0,9.0,0.0
2018,NITERÓI,33172919,CE MATEMATICO JOAQUIM GOMES DE SOUSA - INTER-CULTURAL BRASIL-CHINA,234.0,88.8,11.2,0.0
2019,NITERÓI,33172919,CE MATEMATICO JOAQUIM GOMES DE SOUSA INTERCULTURAL BRASIL- CHINA,217.0,90.0,10.0,0.0
2020,NITERÓI,33172919,CE MATEMATICO JOAQUIM GOMES DE SOUSA INTERCULTURAL BRASILCHINA,230.0,100.0,0.0,0.0
2021,NITERÓI,33172919,CE MATEMATICO JOAQUIM GOMES DE SOUSA INTERCULTURAL BRASILCHINA,254.0,94.7,5.3,0.0
2022,NITERÓI,33172919,CE MATEMATICO JOAQUIM GOMES DE SOUSA INTERCULTURAL BRASILCHINA,252.0,88.4,11.2,0.4
2023,NITERÓI,33172919,CE MATEMATICO JOAQUIM GOMES DE SOUSA INTERCULTURAL BRASIL - CHINA,233.0,80.3,19.7,0.0
2024,NITERÓI,33172919,CE MATEMATICO JOAQUIM GOMES DE SOUSA INTERCULTURAL BRASILCHINA,196.0,89.4,10.1,0.5
2025,NITERÓI,33172919,CE MATEMATICO JOAQUIM GOMES DE SOUSA INTERCULTURAL BRASILCHINA,238.0,98.1,1.9,0.0
2015,RIO DE JANEIRO,33173010,CE JORNALISTA MAURICIO AZEDO,140.0,94.0,5.3,0.7
2016,RIO DE JANEIRO,33173010,CE JORNALISTA MAURICIO AZEDO,231.0,92.8,7.2,0.0
2017,RIO DE JANEIRO,33173010,CE JORNALISTA MAURICIO AZEDO,247.0,85.3,12.6,2.1
2018,RIO DE JANEIRO,33173010,CE JORNALISTA MAURICIO AZEDO,240.0,79.6,15.3,5.1
2019,RIO DE JANEIRO,33173010,CE JORNALISTA MAURICIO AZEDO,243.0,95.7,2.6,1.7
2020,RIO DE JANEIRO,33173010,CE JORNALISTA MAURICIO AZEDO,288.0,100.0,0.0,0.0
2021,RIO DE JANEIRO,33173010,CE JORNALISTA MAURICIO AZEDO,270.0,96.6,0.4,3.0
2022,RIO DE JANEIRO,33173010,CE JORNALISTA MAURICIO AZEDO,246.0,90.0,6.1,3.9
2023,RIO DE JANEIRO,33173010,CE JORNALISTA MAURICIO AZEDO BRASILINDIA,193.0,92.3,7.2,0.5
2024,RIO DE JANEIRO,33173010,CE JORNALISTA MAURICIO AZEDO BRASILINDIA,179.0,90.9,8.0,1.1
2025,RIO DE JANEIRO,33173010,CE JORNALISTA MAURICIO AZEDO BRASILINDIA,161.0,97.5,1.9,0.6
2020,MARICÁ,33183562,CE PROFESSOR DARCY RIBEIRO,317.0,100.0,0.0,0.0
2021,MARICÁ,33183562,CE PROFESSOR DARCY RIBEIRO,628.0,95.3,4.7,0.0
2022,MARICÁ,33183562,CE PROFESSOR DARCY RIBEIRO,967.0,86.5,11.7,1.8
2023,MARICÁ,33183562,CE PROFESSOR DARCY RIBEIRO,1153.0,86.0,11.5,2.5
2024,MARICÁ,33183562,CE PROFESSOR DARCY RIBEIRO,1317.0,82.2,12.2,5.6
2025,MARICÁ,33183562,CE PROFESSOR DARCY RIBEIRO,1601.0,90.5,6.8,2.7
2019,RIO DE JANEIRO,33183724,CE ARTHUR ANTONIO SENDAS,58.0,63.0,5.6,31.4
2020,RIO DE JANEIRO,33183724,CE ARTHUR ANTONIO SENDAS,73.0,79.5,20.5,0.0
2021,RIO DE JANEIRO,33183724,CE ARTHUR ANTONIO SENDAS,93.0,100.0,0.0,0.0
2022,RIO DE JANEIRO,33183724,CE ARTHUR ANTONIO SENDAS,92.0,74.2,20.4,5.4
2023,RIO DE JANEIRO,33183724,CE ARTHUR ANTONIO SENDAS,76.0,81.2,5.8,13.0
2024,RIO DE JANEIRO,33183724,CE ARTHUR ANTONIO SENDAS,71.0,95.9,2.7,1.4
2025,RIO DE JANEIRO,33183724,CE ARTHUR ANTONIO SENDAS,77.0,75.9,24.1,0.0
2023,RIO DE JANEIRO,33186383,SEGUNDO COLEGIO DA POLICIA MILITAR DO ESTADO DO RIO DE JANEIRO,49.0,89.4,10.6,0.0
2024,RIO DE JANEIRO,33186383,SEGUNDO COLEGIO DA POLICIA MILITAR DO ESTADO DO RIO DE JANEIRO,75.0,100.0,0.0,0.0
2025,RIO DE JANEIRO,33186383,SEGUNDO COLEGIO DA POLICIA MILITAR DO ESTADO DO RIO DE JANEIRO,126.0,99.2,0.8,0.0
2025,RIO DE JANEIRO,33201471,CE PROFESSORA KATIA BARGHIGIANI AFFONSO,8.0,100.0,0.0,0.0
2015,RIO DE JANEIRO,33271208,CE JOSE LEITE LOPES,378.0,95.5,4.3,0.2
2016,RIO DE JANEIRO,33271208,CE JOSE LEITE LOPES,375.0,91.9,8.1,0.0
2017,RIO DE JANEIRO,33271208,CE JOSE LEITE LOPES,407.0,91.3,8.7,0.0
2018,RIO DE JANEIRO,33271208,CE JOSE LEITE LOPES,432.0,85.7,14.3,0.0
2019,RIO DE JANEIRO,33271208,CE JOSE LEITE LOPES,444.0,83.8,16.0,0.2
2020,RIO DE JANEIRO,33271208,CE JOSE LEITE LOPES,402.0,98.3,1.7,0.0
2021,RIO DE JANEIRO,33271208,CE JOSE LEITE LOPES,413.0,96.9,2.6,0.5
2022,RIO DE JANEIRO,33271208,CE JOSE LEITE LOPES,392.0,90.5,9.5,0.0
2023,RIO DE JANEIRO,33271208,CE JOSE LEITE LOPES,419.0,85.8,14.2,0.0
2024,RIO DE JANEIRO,33271208,CE JOSE LEITE LOPES,415.0,85.0,15.0,0.0
2025,RIO DE JANEIRO,33271208,CE JOSE LEITE LOPES,378.0,96.3,3.7,0.0
2015,RIO DE JANEIRO,33439222,CE COMPOSITOR LUIZ CARLOS DA VILA,911.0,71.3,27.1,1.6
2016,RIO DE JANEIRO,33439222,CE COMPOSITOR LUIZ CARLOS DA VILA,711.0,58.7,22.5,18.8
2017,RIO DE JANEIRO,33439222,CE COMPOSITOR LUIZ CARLOS DA VILA,475.0,65.2,23.4,11.4
2018,RIO DE JANEIRO,33439222,CE COMPOSITOR LUIZ CARLOS DA VILA,442.0,61.0,39.0,0.0
2019,RIO DE JANEIRO,33439222,CE COMPOSITOR LUIZ CARLOS DA VILA,603.0,60.3,26.7,13.0
2020,RIO DE JANEIRO,33439222,CE COMPOSITOR LUIZ CARLOS DA VILA,786.0,68.2,31.8,0.0
2021,RIO DE JANEIRO,33439222,CE COMPOSITOR LUIZ CARLOS DA VILA,662.0,92.4,1.7,5.9
2022,RIO DE JANEIRO,33439222,CE COMPOSITOR LUIZ CARLOS DA VILA,698.0,49.5,31.4,19.1
2023,RIO DE JANEIRO,33439222,CE COMPOSITOR LUIZ CARLOS DA VILA,645.0,62.7,24.2,13.1
2024,RIO DE JANEIRO,33439222,CE COMPOSITOR LUIZ CARLOS DA VILA,428.0,63.5,18.8,17.7
2025,RIO DE JANEIRO,33439222,CE COMPOSITOR LUIZ CARLOS DA VILA,488.0,85.0,8.6,6.4
2015,SÃO GONÇALO,33507210,CE COMENDADOR VALENTIM DOS SANTOS DINIZ,300.0,99.3,0.7,0.0
2016,SÃO GONÇALO,33507210,CE COMENDADOR VALENTIM DOS SANTOS DINIZ,323.0,99.1,0.9,0.0
2017,SÃO GONÇALO,33507210,CE COMENDADOR VALENTIM DOS SANTOS DINIZ,346.0,99.4,0.6,0.0
2018,SÃO GONÇALO,33507210,CE COMENDADOR VALENTIM DOS SANTOS DINIZ,368.0,89.5,10.5,0.0
2019,SÃO GONÇALO,33507210,CE COMENDADOR VALENTIM DOS SANTOS DINIZ,353.0,94.7,5.0,0.3
2020,SÃO GONÇALO,33507210,CE COMENDADOR VALENTIM DOS SANTOS DINIZ,343.0,100.0,0.0,0.0
2021,SÃO GONÇALO,33507210,CE COMENDADOR VALENTIM DOS SANTOS DINIZ,324.0,99.4,0.6,0.0
2022,SÃO GONÇALO,33507210,CE COMENDADOR VALENTIM DOS SANTOS DINIZ,293.0,95.3,3.9,0.8
2023,SÃO GONÇALO,33507210,CE COMENDADOR VALENTIM DOS SANTOS DINIZ,221.0,94.0,6.0,0.0
2024,SÃO GONÇALO,33507210,CE COMENDADOR VALENTIM DOS SANTOS DINIZ,224.0,95.8,4.2,0.0
2025,SÃO GONÇALO,33507210,CE COMENDADOR VALENTIM DOS SANTOS DINIZ,166.0,99.4,0.6,0.0
2015,RIO DE JANEIRO,33508232,CE JORNALISTA ARTUR DA TAVOLA,286.0,85.3,12.8,1.9
2016,RIO DE JANEIRO,33508232,CE JORNALISTA ARTUR DA TAVOLA,351.0,82.2,13.8,4.0
2017,RIO DE JANEIRO,33508232,CE JORNALISTA ARTUR DA TAVOLA,386.0,78.4,16.9,4.7
2018,RIO DE JANEIRO,33508232,CE JORNALISTA ARTUR DA TAVOLA,385.0,81.2,14.3,4.5
2019,RIO DE JANEIRO,33508232,CE JORNALISTA ARTUR DA TAVOLA,405.0,80.9,14.2,4.9
2020,RIO DE JANEIRO,33508232,CE JORNALISTA ARTUR DA TAVOLA,409.0,99.5,0.5,0.0
2021,RIO DE JANEIRO,33508232,CE JORNALISTA ARTUR DA TAVOLA,412.0,92.5,4.1,3.4
2022,RIO DE JANEIRO,33508232,CE JORNALISTA ARTUR DA TAVOLA,393.0,81.6,14.6,3.8
2023,RIO DE JANEIRO,33508232,CE JORNALISTA ARTUR DA TAVOLA,380.0,77.6,15.0,7.4
2024,RIO DE JANEIRO,33508232,CE JORNALISTA ARTUR DA TAVOLA,367.0,78.8,17.0,4.2
2025,RIO DE JANEIRO,33508232,CE JORNALISTA ARTUR DA TAVOLA,314.0,94.3,1.6,4.1
2015,SÃO GONÇALO,33518238,CIEP 513 GEORGE SAVALLA GOMES - PALHACO CAREQUINHA,125.0,71.0,23.4,5.6
2016,SÃO GONÇALO,33518238,CIEP 513 GEORGE SAVALLA GOMES - PALHACO CAREQUINHA,150.0,64.2,17.6,18.2
2017,SÃO GONÇALO,33518238,CIEP 513 GEORGE SAVALLA GOMES - PALHACO CAREQUINHA,145.0,74.8,15.8,9.4
2018,SÃO GONÇALO,33518238,CIEP 513 GEORGE SAVALLA GOMES - PALHACO CAREQUINHA,119.0,66.4,16.4,17.2
2019,SÃO GONÇALO,33518238,CIEP 513 GEORGE SAVALLA GOMES PALHACO CAREQUINHA,98.0,70.1,15.5,14.4
2020,SÃO GONÇALO,33518238,CIEP 513 GEORGE SAVALLA GOMES PALHACO CAREQUINHA,106.0,89.6,10.4,0.0
2021,SÃO GONÇALO,33518238,CIEP 513 GEORGE SAVALLA GOMES PALHACO CAREQUINHA,122.0,79.2,5.0,15.8
2022,SÃO GONÇALO,33518238,CIEP 513 GEORGE SAVALLA GOMES PALHACO CAREQUINHA,113.0,73.1,12.5,14.4
2023,SÃO GONÇALO,33518238,CIEP 513 GEORGE SAVALLA GOMES PALHACO CAREQUINHA,118.0,61.9,15.9,22.2
2024,SÃO GONÇALO,33518238,CIEP 513 GEORGE SAVALLA GOMES PALHACO CAREQUINHA,87.0,65.8,22.8,11.4
2025,SÃO GONÇALO,33518238,CIEP 513 GEORGE SAVALLA GOMES PALHACO CAREQUINHA,100.0,79.0,13.0,8.0
2015,RIO DE JANEIRO,33558230,CE DEPUTADO PEDRO FERNANDES,1240.0,76.1,18.0,5.9
2016,RIO DE JANEIRO,33558230,CE DEPUTADO PEDRO FERNANDES,1411.0,66.0,25.2,8.8
2017,RIO DE JANEIRO,33558230,CE DEPUTADO PEDRO FERNANDES,1324.0,69.6,21.2,9.2
2018,RIO DE JANEIRO,33558230,CE DEPUTADO PEDRO FERNANDES,1446.0,66.6,29.7,3.7
2019,RIO DE JANEIRO,33558230,CE DEPUTADO PEDRO FERNANDES,1589.0,66.4,19.4,14.2
2020,RIO DE JANEIRO,33558230,CE DEPUTADO PEDRO FERNANDES,1814.0,92.8,7.0,0.2
2021,RIO DE JANEIRO,33558230,CE DEPUTADO PEDRO FERNANDES,1369.0,86.4,5.4,8.2
2022,RIO DE JANEIRO,33558230,CE DEPUTADO PEDRO FERNANDES,1444.0,64.4,20.2,15.4
2023,RIO DE JANEIRO,33558230,CE DEPUTADO PEDRO FERNANDES,1125.0,62.5,16.8,20.7
2024,RIO DE JANEIRO,33558230,CE DEPUTADO PEDRO FERNANDES,1070.0,67.7,16.2,16.1
2025,RIO DE JANEIRO,33558230,CE DEPUTADO PEDRO FERNANDES,1042.0,80.1,9.8,10.1
